resource,noun,verb,condition,sequence,talker,refNoun,refVerb,refCond,en,he,comments
1,1,0,0,1,99,82,68,95,Introduction,מבוא,אולי: מבוא
1,1,0,0,2,99,29,146,34,Start New Hero,התחלת גיבור חדש,התחלת גיבור חדש
1,1,0,0,3,99,27,5,0,Restore Game,שחזור משחק,שחזור משחק
1,1,0,0,4,99,27,46,27,Go to Town,לך העירה,
1,1,0,0,5,99,0,5,27,Continue Normally,המשך כרגיל,המשך כרגיל
1,1,0,1,1,99,116,101,114,"Where to, Hero?    ","לאן פניך, גיבור?","אולי: לאן פניך, גיבור?"
10,1,4,0,1,99,0,114,115,Your hunger has been totally satisfied.  You don't need another piece of fruit.,רעבונך סופק לחלוטין. אינך צריך עוד פרי.,
10,1,4,0,2,99,32,115,119,The fruit is very soft and juicy. It would be impossible to keep in your pack.,הפרי מאוד רך ועסיסי. בלתי אפשרי לאחסן אותו בין מטלטליך.,
10,2,1,1,1,99,111,117,108,The stone has been moved.,האבן הוזזה ממקומה.,
10,2,1,2,1,99,69,108,115,The large stone appears to be ancient and deliberately placed.  Marks carved into the stone almost look like writing.,האבן נראית עתיקה וממוקמת בכוונה במקומה. הסימנים המעטרים את האבן נראים כמעט כמו כתובת.,אולי: כתובת
10,2,1,3,1,99,116,116,101,"In a hole, hidden beneath the ancient stone, someone has placed a scroll.","בתוך גומחה, החבויה תחת האבן העתיקה, הוטמנה מגילה.",
10,2,1,3,2,99,32,32,73,You took the scroll.,לקחת את המגילה.,
10,2,1,4,1,99,109,101,32,"The stone has the words ""Erana's Peace"" carved upon the top.  There are some runes carved along the side. ","על פני האבן נכתב: ""מנוחת אראנה"". ישנן גם רונות החרוטות בצד האבן.",
10,2,1,5,1,99,114,115,32,"It reads:  ""If thy Will is Magic, so shall I share.  Open this Stone and claim what is there.""","כתוב: ""אם רצונך בקסם, אגלה כך. פתח את האבן. אסוף מה שנשכח.""",כתוב במקום הכתוב
10,2,4,1,1,99,32,104,101,The hole that was beneath the stone is empty.,הגומחה שהיתה תחת האבן ריקה.,
10,2,4,2,1,99,32,119,105,No amount of physical effort will be able to move this stone.,ככל שתנסה לא תוכל להזיז את האבן הזו באמצעות מאמץ גופני.,
10,3,0,6,1,99,98,114,105,The grasses in the meadow are covered over with flowers.,העשב שבאחו מכוסה כולו בפרחים.,
10,3,0,7,1,99,97,110,100,All kinds of colorful and fragrant flowers and grasses cover the meadow.,"עשבים ופרחים שונים, צבעוניים וריחניים, מכסים את האחו.",
10,3,0,8,1,99,111,115,101,The meadow is an oasis at the edge of the snowline.  The rocky hillside looks very steep and slippery.,האחו הוא נווה מדבר בקצה קו השלג. צד הגבעה הסלעי נדמה תלול מאוד וחלקלק.,
10,3,4,10,1,99,114,32,119,You have all the flowers you need.,אספת את כל הפרחים שאתה צריך.,
10,3,4,11,1,99,101,118,101,"As you pick a variety of the sweet-smelling flowers, they seem to glow in your hands.  You put them safely away.","כאשר אתה קוטף ממגוון הפרחים בעלי הריח המתוק, דומה שהם זורחים בתוך ידיך. אתה מניח אותם בזהירות במטלטליך.",
10,3,4,12,1,99,46,34,0,"You take another handful of the lovely, fragrant flowers.",אתה אוסף חופן נוסף של פרחים יפים וריחניים.,
10,3,50,0,1,99,3,4,195,"This entire area is magical.  In particular, the fruit on the tree radiates magic, and you sense that a spell has been placed on the large stone.  All of the magic has a warm, nurturing feel to it.",האיזור מלא כולו בקסם. הפירות על העץ קורנים מקסם ואתה חש שהוטל גם קסם על האבן הגדולה. אתה חש שהקסם באיזור נותן תחושה חמימה ומגוננת.,
10,3,80,9,1,99,73,32,99,The very air in this meadow radiates feelings of calmness and peace.  You wouldn't be able to tell if the spell worked here.,אפילו האוויר באחו מקרין תחושות של רוגע ושקט. אתה לא תוכל לדעת אם הקסם הזה עבד כאן.,עבד במקום הוטל
10,3,81,9,1,99,32,98,114,You can't imagine hurting anything in this meadow.,אינך יכול לדמיין פגיעה באחו הזה.,
10,4,1,0,1,99,32,115,112,The sky is clear.,השמיים בהירים.,
10,4,1,13,1,99,104,101,114,The sun feels warm.,השמש חמימה.,
10,4,1,14,1,99,111,117,108,The stars shine.,הכוכבים זורחים.,
10,5,1,15,1,99,118,101,32,"To the north, the high, snowy peaks of the Dragon Smoke mountains are clearly visible.",בצפון אתה רואה בבירור את הפסגות המושלגות והגבוהות של הרי עשן הדרקון.,
10,5,1,16,1,99,103,114,111,"You are at the snowline.  All around you, except for the forest, the rocks and mountains glisten with slippery snow.",אתה בקו השלג. מלבד היער אתה רואה סביבך את הסלעים וההרים מבהיקים בשלג חלקלק.,
10,5,4,0,1,99,116,111,32,The rock faces are slippery with melted snow.,פני הסלעים חלקלקים משלג שנמס.,
10,6,0,0,1,99,97,99,116,You sleep comfortably among the fragrant flowers.,אתה נם בנוחות בינות לפרחים הריחניים.,
10,6,0,0,2,99,97,110,32,"The sweet, juicy fruit of the tree is amazingly satisfying and refreshing.",פרי העץ המתוק והעסיסי מרענן ומשביע במיוחד.,
10,6,0,0,3,99,100,101,100,"The scroll vanishes even as you read the magical runes upon it.   You now have the knowledge to cast a ""Calm"" spell.","המגילה נעלמת תוך כדי שאתה קורא את הרונות שעליה. כעת אתה יודע להטיל את הקסם ""מרגוע"".",
10,6,0,17,1,99,117,101,115,"The meadow lies covered with a blanket of flowers, unusual for this early in the spring.  It is warm, even though surrounded by the late snows of winter. ","האחו מכוסה במעטה של פרחים, זהו מחזה נדיר בשלב כה מוקדם של האביב. חמים ונעים לך, על אף שסביבך שורקות רוחות החורף.",
10,6,0,17,2,99,111,117,110,"A large, carved stone lies flat on the ground.  You feel as though someone gentle was watching over you.  You feel that you are safe here.   ",אבן כבירה ומעוטרת מונחת על האדמה. אתה חש ישות עדינה הצופה בך. אתה חש שאתה בטוח כאן.,
10,6,0,17,3,99,0,4,183,"The air has the fresh, clean scent of the mountains, accompanied by numerous perfume-like fragrances.    ","לאוויר כאן יש ניחוח רענן ונקי של אוויר הרים, והוא מלווה בניחוחות בשומים.",
10,6,50,0,1,99,0,0,0,There is an aura of magic throughout this meadow.  It seems to be benevolent and restorative.,יש הילה של קסם בכל האחו. אתה חש שהקסם הוא מיטיב ומחייה.,
10,6,51,0,1,99,105,103,97,There is no further purpose in casting the Open spell.,אין עוד טעם להטיל כאן את קסם הפתיחה.,
10,6,52,0,1,99,100,32,116,You just can't sleep during the daytime.,אתה לא מצליח לישון. אתה עירני מדי בזמן היום.,
10,7,1,0,1,99,97,32,103,"The tree's blossoms are soft, green and fragrant.","התפרחות שעל העץ הן רכות, ירוקות וריחניות.",ריחניות במקום ריחוניות
10,7,1,13,1,99,97,110,100,"The fruit sparkles in the sunlight, yet it appears soft and fuzzy.",הפרי מנצנץ באור השמש ונראה רך וצמרירי.,
10,7,1,14,1,99,111,110,39,The fruit glows and shimmers in the moonlight.  It produces a fragrance like a sun-ripened strawberry.,הפרי זורח ומנצנץ באור הירח. נובע ממנו ניחוח של תות שדה שהבשיל באור השמש.,
10,8,1,0,1,99,100,103,101,"The small tree is most amazing.  It bears blossoms and fruit at the same time, and the fruit on its boughs seems to shyly appear and disappear, shimmering.",העץ הקטן נראה מדהים. הוא נושא עליו גם פריחה וגם פירות באותו זמן. נראה שהפירות מנצנצים - מופיעים ונעלמים. ,
10,8,4,0,1,99,100,32,116,There is no need to climb the little tree.,אין צורך לטפס על העץ הקטן.,
103,1,0,0,1,99,29,4,0,You pick up a few small rocks.,אתה מרים מספר אבנים קטנות.,
12,1,1,0,1,99,31,4,0,Thick bushes block your path to the south.,שיחים סבוכים חוסמים את דרכך דרומה.,
120,1,34,0,1,99,112,32,127,You eat the Magic Acorn.  It tastes terrible.  Better stick to real food next time.,אתה אוכל את הבלוט הקסום. יש לזה טעם נוראי. כדאי שתדבוק באוכל אמיתי בפעם הבאה.,
120,1,42,0,1,99,127,32,127,That would make a pretty silly-looking hat.,נראה שזה יכול לשמש ככובע טפשי למראה.,
120,1,44,0,1,99,127,32,127,"Inscribed on the bottom you read,
""Property of John B. Nimble."" ","אתה קורא את החריטה על התחתית:
""רכושו של ג'ון הזריז.""",
120,1,46,0,1,99,127,32,127,You absent-mindedly clean your fingernails with one of the Cheetaur's claws.,מבלי משים אתה מנקה את ציפורניך עם אחד הטפרים של הברדלסילן.,
120,1,25,0,1,99,47,32,47,You don't feel anything.  Perhaps this was not the correct way to use this potion.,אינך חש בדבר. אולי זאת לא היתה הדרך הנכונה להשתמש בשיקוי.,
120,1,4,0,1,99,47,32,47,You do a quick equipment check.  Everything seems to be in place.,אתה עורך סריקת ציוד זריזה. נראה שכל דבר מונח במקומו.,
120,1,38,0,1,99,127,32,127,You sprinkle just a smidge of the magical dust on and about your person...,אתה זורה חופן קל של האבקה הקסומה על עצמך...,
120,1,38,0,2,99,127,32,127,... and try to fly.  But it appears that none of those Fairies was named Tinker Bell.,...ומנסה לעוף. אולם נראה שאין בין הפיות אחת בשם טינקרבל.,
120,1,21,0,1,99,127,32,127,It's empty.  Maybe you should recycle it.,ריק. אולי תשקול למחזרו.,
120,1,36,0,1,99,127,32,127,Your mother always told you to stop and smell the flowers.,אמך תמיד אמרה לך לעצור ולהריח את הפרחים.,
120,1,39,0,1,99,127,32,127,"You drink the clear water from the flask, draining it completely. ",אתה גומע את המים הצלולים מהבקבוקון ומרוקן אותו לגמרי.,
120,1,32,0,1,99,127,32,127,You eat some of the apples.  They actually taste quite good.,אתה אוכל מספר תפוחים. הם לא רעים בכלל.,
120,1,29,0,1,99,112,223,112,You feel a tingling sensation as you rub the unguent all over your body.,אתה חש בעקצוץ כאשר אתה מורח את המשחה על גופך.,"כאן ובכל מקום בהמשך הפכתי שתי נקודות (לא תקני) לנקודה אחת או שלוש נקודות, לפי המשמעות"
120,1,37,0,1,99,112,223,112,It would make a great coat for a Leprechaun.,זה יכל להיות מעיל מצויין. אם היית ליפריקון.,
120,1,22,0,1,99,127,32,127,The drink soothes as it goes down.,המשקה מרגיע כאשר אתה גומע אותו.,
120,1,26,0,1,99,127,32,127,"You fought so hard for this key, you just can't bear to part with it. ",נלחמת יותר מדי עבור המפתח הזה. פשוט אינך מסוגל להיפרד ממנו.,
120,1,14,0,1,99,127,32,127,The leather makes you think kinky thoughts.  (And you wondered why adventurers dress up this way.),העור מעורר בך מחשבות שובבות (העיקר שתמהת מדוע הרפתקנים מתלבשים כך).,כאן ובכל מקום בהמשך שמתי נקודה בסוף משפט (היכן שרלוונטי)
120,1,17,0,1,99,127,205,127,You delicately insert the lockpick into your left nostril.,"בזהירות ובעדינות, אתה מכניס את פורץ המנעולים אל הנחיר השמאלי שלך.",
120,1,17,1,1,99,127,205,127,Success!  Your nose is now open.,הצלחה! האף שלך פתוח עכשיו.,
120,1,17,2,1,99,127,205,127,"Unfortunately, you push it in too far, causing yourself a cerebral hemorrhage.  Guess you should have practiced some more on less difficult locks.",לרוע המזל דחפת אותו עמוק מדי וגרמת לעצמך לדימום פנימי במוח. כנראה שהיית צריך להתאמן על מנעולים פחות קשים.,
120,1,17,2,2,99,127,205,127,The surgeon general warns . . .,המנתח הראשי מזהיר...,"מזהיר, זה הווה"
120,1,1,0,1,99,127,205,127,Whatta guy!!,איזה גבר!,
120,1,27,0,1,99,127,205,127,You pause to admire the way the gem glows with its own inner light.,"אתה עוצר ובוחן את אבן החן, הזורחת באור משל עצמה.",
120,1,13,0,1,99,127,205,127,"What's this?  A chink in your armor?  No, it's just a rust spot. ",מה זה? פגם בשריונך? לא. זו רק חלודה נקודתית.,
120,1,23,0,1,99,127,205,127,The drink burns as it goes down.,המשקה שורף כשאתה גומע אותו.,
120,1,31,0,1,99,48,101,48,Baba Yaga is welcome to it!  If it tastes half as bad as it smells...,אם הטעם גרוע כמו חצי מכמה שהריח של זה גרוע - באבא יאגה מוזמנת לקחת את זה!,
120,1,30,0,1,99,48,58,48,"You foxy devil, you! ",שועל שכמוך!,
120,1,40,3,1,99,48,32,127,"That's funny.  I could have sworn I warned you about eating too many Magic Mushrooms.  Your mind permanently warped, you die a garishly polka-dotted death.   ",מצחיק. הייתי בטוח שהזהרתי אותך מפני אכילה מוגזמת של פטריות קסומות. דעתך נטרפה באופן בלתי הפיך. אתה מת מוות מנוקד. ,
120,1,40,3,2,99,31,46,31,Where did all the pretty horses go?,לאן כל הסוסים היפים נעלמו?,
120,1,40,3,3,99,31,32,31,"Hmm, that was interesting.  But it would probably not be a good idea to repeat the experience.   ","המממ, זה היה מעניין. אולם אין זה רעיון טוב לחזור על הניסוי.",
120,1,40,4,1,99,31,32,31,You don't need to do that right now.,אינך צריך זאת כרגע.,
120,1,40,5,3,99,31,32,31,Your senses gradually return to normal.,חושיך חוזרים הדרגתית למצבם הטבעי.,
120,1,40,6,1,99,31,32,31,You ingest a few of the mushrooms from the Faery Ring.  They taste delicious.,אתה זולל מספר פטריות ממעגל הפיות. טעמן מעולה.,
120,1,40,6,2,99,127,186,127,Wow!  Look at all the nice paisley horses!,ואוו! תראו את כל הסוסים הצבעוניים הנחמדים.,
120,1,40,6,3,99,48,40,48,Not to mention the beautiful neon sky.,שלא לדבר על השמים הזרחניים.,
120,1,40,7,1,99,48,117,62,"The mushrooms from the Fairy Ring are pretty good, so you hear.  However, when they're mixed with Kobold toadstools...that's a horse of a different color.","שמעת כי טעמן של פטריות ממעגלי פיות אינו רע בכלל. עם זאת, כאשר מערבבים אותן עם פטריות רעל קובולדיות... יהיה זה סוס בצבע אחר.",
120,1,40,7,2,99,48,116,48,"You eat some of the Kobold's fungus.  Within seconds your insides feel like they're on fire.  Guess you're not a Kobold, huh? ","אתה אוכל כמה מהפטריות של הקובולד. תוך מספר שניות אתה מרגיש כאילו בוערת בך אש מבפנים. עושה רושם שאתה לא קובולד, הא?",
120,1,40,7,3,99,48,101,48,Didn't anyone warn you about eating other people's food?  Death by Toadstools doesn't leave mushroom for improvement.,אף פעם לא הזהירו אותך לא לאכול אוכל של אחרים? מוות מפטריות רעל אינו פוטר אותך מאחריות.,
120,1,40,7,4,99,127,32,127,You think that you'd better take it easy for a while until you recover.,אתה רושם לעצמך לקחת את העניין בקלות עד שתתאושש.,
120,1,43,0,1,99,127,32,127,"Play it again, Ludwig. ","שחק אותה שוב, לודוויג.",
120,1,53,0,1,99,127,32,127,You read it again and puzzle over its meaning.,אתה קורא את זה שוב ושוב ותמה למה התכוון המשורר.,
120,1,45,0,1,99,127,32,127,"They're nice, but they don't go with your outfit. ","הם נחמדים, אבל לא מתאימים לתלבושת שלך.",
120,1,11,0,1,99,127,32,127,The rations are tasteless but filling.,מנות המזון תפלות אך משביעות.,
120,1,28,0,1,99,127,32,127,It's not your size.,זה לא במידה שלך.,
120,1,35,0,1,99,127,32,127,"After wiping the plant saliva from it, you examine the large seed. ","לאחר שאתה מנגב מעליך את הריר הצמחי, אתה בוחן את הגלעין הענק.",
120,1,15,0,1,99,127,32,127,That wasn't quite what the Surgeon General meant when he suggested you use a shield.,זה לא בדיוק מה שהתכוון המנתח הראשי כשהציע לך להשתמש במגן.,
120,1,10,0,1,99,127,32,127,"You check to see if your money's still there.
Yep, it is. ","אתה ממשמש בכיסיך בחשש שמא הכסף נעלם ואיננו.
יופי, הוא עדיין שם.",
120,1,24,0,1,99,127,32,127,The drink is invigorating.,המשקה מרענן.,
120,1,12,0,1,99,127,32,127,"You prepare to fall on your sword, but you finally decide that it would be uncomfortable. ","אתה מתכונן ליפול על חרבך, אולם לבסוף אתה מחליט שיש בזה חוסר נוחות מסויימת.",
120,1,18,0,1,99,127,32,127,You remain amazed at the number and versatility of the little gimcracks and thingamabobs inside your thief's tool kit.,אתה קופא בתדהמה מול מספרם ורבגוניותם של מיני הסדקית והמה-שמם הגודשים את ערכת הגנבים שלך.,
120,1,19,0,1,99,127,32,127,The picture on your thief's license doesn't look a bit like you.,התמונה המתנוססת על רישיון הגנב שלך אינה דומה לך בכהוא זה.,
120,1,47,0,1,99,127,32,127,"You try on the troll beard, but the goat-like smell convinces you to remain clean-shaven for a while. ","אתה מודד את זקן הטרול, אולם צחנת העיזים העזה משכנעת אותך להישאר מגולח למשעי בתקופה הקרובה.",
120,1,41,0,1,99,127,32,127,The vase makes an even worse hat than the candelabra.,כובע האגרטל נראה עליך אפילו יותר גרוע ממנורת הקנים.,
120,1,33,0,1,99,127,32,127,"You eat some vegetables.  You think they would have been better saved for cows or horses.
Real Heroes eat preserved dry rations.",אתה בולס כמה ירקות. חולף בך הרהור כי מוטב לשמור אותם לפרות ולסוסים. גיבורים אמיתיים אוכלים מזון משומר יבש.,"שיניתי ללשמור אותם, לשומרם קצת רשמי ומוזר"
120,1,2,0,1,99,127,186,127,"Mumble, mumble... overworked... mumble... underpaid... mumble, mumble... no control over my life... ",פטפוט שמפטפוט... עובד קשה מדי... פטפוט... לא משלמים לי מספיק על זה... שמפטפוט... לא שולט בחיים שלי...,
121,1,0,0,1,99,40,4,0,You pour the contents of the flask all over.  Maybe you're not doing this right.,אתה מרוקן את כל תכולת הבקבוקון. אולי אתה לא עושה את זה נכון.,"""מרוקן אל קרבה"" זה לא המשמעות להבנתי"
121,1,0,0,2,99,46,168,45,There's no point in trying to use one of those there.,אין טעם לנסות שם את הדברים האלה.,
121,1,1,0,1,99,28,5,0,It's not much to look at.,אין יותר מדי מה לראות.,
121,1,2,0,1,99,45,112,101,To whom were you trying to speak?,עם מי ניסית לדבר?,
121,1,4,0,1,99,100,32,100,There's nothing to do there.,אין מה לעשות שם.,
121,1,10,0,1,99,104,101,32,Your money's no good here.,ממונך אינו שווה כאן מאומה.,"הערה כללית: התרגום הוא בעברית רשמית בטירוף. אני מניח שזה סביר ושאין מה לשנות עכשיו הכול, אבל למשל כאן אני לא רואה למה לא לכתוב ""הכסף שלך לא שווה כאן כלום"" או משהו כזה"
121,1,12,0,1,99,89,111,117,"Aggressive, aren't you?","נהיית לנו אגרסיבי, אה?",
121,1,17,0,1,99,119,97,110,"Picky, picky, picky.","בררן, בררן, בררן.",
121,1,26,0,1,99,32,116,104,"You fought so hard for this key, you just can't bear to part with it.","נלחמת בעוז למען המפתח הזה, אתה פשוט לא מסוגל להיפרד ממנו.",
121,1,42,0,1,99,108,108,101,"You might be able to get some money for the candelabra, but, other than that, it's useless.","יתכן שתקבל כמה פרוטות תמורת מנורת הקנים, אבל, פרט לכך, היא חסרת כל ערך.",
13,1,1,0,1,99,69,69,67,There is a cave entrance large enough to admit a man.,יש פתח במערה שגדול מספיק למעבר אדם.,"זו לא ממש המשמעות, אפשר לשנות ל""יש פתח במערה שגדול מספיק למעבר אדם."""
13,2,42,1,1,99,42,67,67,It's already closed.,זה כבר פתוח.,
13,2,44,1,1,99,66,67,66,It's already closed.,זה כבר פתוח.,
13,2,26,1,1,99,67,67,66,The chest is already open.,התיבה כבר פתוחה.,
13,2,26,2,1,99,67,66,66,You don't have the right tools -- you'll have to find another way to open it.,אין עליך את הציוד המתאים -- יהיה עליך למצוא דרך חילופית בכדי לפתוח אותה.,החלפתי כל מקום שהיה בו שני מקפים קצרים (לא תקני למיטב ידיעתי) במקף ארוך
13,2,17,1,1,99,68,70,69,The chest is already open.,התיבה כבר פתוחה.,
13,2,17,2,1,99,69,70,67,It's locked -- you'll have to use another skill to open this.,היא נעולה -- תצטרך להיעזר במיומנות אחרת על מנת לפתוח אותה.,
13,2,1,4,1,99,66,42,42,"The dead Ogre's chest lies open, its contents glittering brightly.","תיבת העוג המת מוטלת כשהיא פתוחה לרווחה, תכולתה מנצנצת מול קרני השמש.",
13,2,1,1,1,99,68,67,66,The dead Ogre's chest lies open and empty.,תיבת העוג המת מוטלת על הקרקע פתוחה וריקה.,
13,2,20,0,1,99,69,67,66,It's already closed.,זה כבר פתוח.,
13,2,12,0,1,99,67,67,60,It's already closed.,זה כבר פתוח.,
13,2,18,1,1,99,70,69,71,The chest is already open.,התיבה כבר פתוחה.,
13,2,18,2,1,99,67,66,69,It's locked -- you'll have to use another skill to open this.,היא נעולה -- תצטרך להיעזר במיומנות אחרת על מנת לפתוח אותה.,
13,3,80,5,1,99,69,69,67,How much more calm can he get?,כמה עוד רגוע הוא יכול להיות?,
13,3,80,6,1,99,66,67,67,You've wasted a spell.,בזבזת לחש.,
13,3,42,1,1,99,42,67,67,It's already closed.,זה כבר פתוח.,
13,3,56,1,1,99,67,69,60,It's already closed.,זה כבר פתוח.,
13,3,16,0,1,99,67,0,66,You don't have a knife.,אין לך סכין.,
13,3,16,7,1,99,67,68,69,The Ogre is already dead.  It would do no good to kill him again.,העוג כבר מת. לא תפיק שום תועלת מלהרוג אותו שוב.,
13,3,78,5,1,99,67,61,69,"Ok, he'll be a dazzled cadaver.","טוב, הוא יהיה גוויה מסונוורת.",
13,3,78,6,1,99,61,66,67,You've wasted a spell.,בזבזת לחש.,
13,3,4,8,1,99,61,69,64,"You're kidding, right?","אתה צוחק, כן?",
13,3,4,5,1,99,66,67,61,There is a dead Ogre here.,יש כאן עוג מת.,
13,3,26,0,1,99,0,0,31,You don't have the right tools -- you'll have to find another way to open it.,אין עליך את הכלים המתאימים -- יהיה עליך למצוא דרך אחרת בכדי לפתוח אותה.,
13,3,26,1,1,99,69,64,70,The chest is already open.,התיבה כבר פתוחה,
13,3,17,1,1,99,3,67,2,The chest is already open.,התיבה כבר פתוחה,
13,3,17,2,1,99,68,67,66,It's locked -- you'll have to use another skill to open this.,היא נעולה -- תצטרך להיעזר במיומנות אחרת על מנת לפתוח אותה.,
13,3,1,3,1,99,69,64,65,The chest has a heavy lid with a strong lock.,מכסה כבד סוגר על התיבה ובו קבוע מנעול חסון.,
13,3,1,9,1,99,66,67,61,The dead Ogre's chest lies open and empty.,תיבת העוג המת מוטלת על הקרקע פתוחה וריקה.,
13,3,1,4,1,99,2,66,67,"The dead Ogre's chest lies open, its contents glittering brightly.","תיבת העוג המת מוטלת כשהיא פתוחה לרווחה, תכולתה מנצנצת מול קרני השמש.",
13,3,1,8,1,99,67,3,2,The Ogre is carrying a chest in his massive arms.,העוג נושא תיבה בזרועותיו האימתניות.,
13,3,1,8,2,99,68,3,4,This Ogre is in a bad mood.,העוג במצב רוח גרוע.,
13,3,1,8,3,99,68,3,4,And big. Very BIG.,והוא פשוט ענק. ענק ועצום.,
13,3,1,5,1,99,2,1,3,"There is a big, ugly, dead Ogre here.","יש כאן עוג ענק, מכוער, ומת.",
13,3,1,5,2,99,3,3,1,The chest has a heavy lid with a strong lock.,מכסה כבד סוגר על התיבה ובו קבוע מנעול חסון.,
13,3,11,5,1,99,3,3,2,This Ogre will never eat again.,העוג לא יאכל עוד לעולם.,
13,3,11,10,1,99,4,3,3,This Ogre looks like it would rather eat you.,העוג נראה כמו אחד שמעדיף לאכול אותך.,
13,3,20,0,1,99,2,4,3,It's already closed.,זה כבר פתוח.,
13,3,12,1,1,99,3,2,1,It's already closed.,זה כבר פתוח.,
13,3,18,1,1,99,2,4,3,The chest is already open.,התיבה כבר פתוחה,
13,3,18,2,1,99,134,127,138,It's locked -- you'll have to use another skill to open this.,היא נעולה -- תצטרך להיעזר במיומנות אחרת על מנת לפתוח אותה.,
13,4,0,0,1,99,121,130,147,Hostile intent is evident.  You prepare for battle.,כוונות עוינות ניכרות בבירור. אתה נערך לקרב.,
13,4,0,0,2,99,137,131,123,You need to get closer to the chair.,עליך לגשת קרוב יותר לעוג המת.,
13,4,0,11,1,99,133,136,129,There is nothing here to open.,אין כאן מה לפתוח.,
13,4,0,9,1,99,5,2,0,The dead Ogre's chest is empty.,תיבת העוג המת ריקה.,
13,4,0,4,1,99,126,132,131,"The dead Ogre's chest contains 1 gold and 43 silver, which you take and put away.","תיבת העוג המת מכילה 1 זהב ו-43 כסף, שאותם אתה מחרים ושם בצד.",
13,4,0,12,1,99,0,184,3,The Ogre is dazzled by your spell.,העוג מסונוור מהלחש שהטלת עליו.,
13,4,0,13,1,99,0,255,0,A search of the dead Ogre's body produces no treasure.,חיפוש על גופת העוג המת לא מניבה שום אוצרות.,
13,4,0,13,2,99,0,0,0,"However, the treasure chest he was carrying lies beside his body.","עם זאת, תיבת האוצר שנשא על שכמו נחה לצד גופתו.",
13,4,0,13,3,99,255,255,255,The dead Ogre's huge club is much too heavy for you to lift.,האלה האדירה של העוג המת כבדה מדי בשבילך.,
13,4,0,14,1,99,1,0,0,You force the Ogre's chest open.,אתה פותח את תיבת העוג בכוח הזרוע.,
13,4,0,14,2,99,3,0,0,"The dead Ogre's chest contains 1 gold and 43 silver, which you take and put away.","תיבת העוג המת מכילה 1 זהב ו-43 כסף, שאותם אתה מחרים ושם בצד.",
13,4,0,15,1,99,0,6,255,The chest is locked.,התיבה נעולה.,
13,4,0,16,1,99,0,218,2,Your spell is too weak to open the Ogre's chest.,הלחש שלך חלש מדי מכדי לפתוח תיבות עוג נעולות.,
13,4,0,6,1,99,0,0,0,You're wasting a spell.,אתה מבזבז לחש.,
13,4,0,6,2,99,0,241,0,There's nothing here to open.,אין כאן מה לפתוח.,
13,4,0,10,1,99,7,0,0,The chest is held shut by the Ogre's massive arms.,זרועותיו הכבירות של העוג מגוננות בחירוף נפש על התיבה.,
13,4,0,10,2,99,0,26,0,standing,עומד,
13,4,0,17,1,99,10,0,0,Your spell unlocks the Ogre's chest.,הקסם פותח את תיבת העוג.,
13,4,0,18,1,99,0,0,0,The Ogre appears to have recovered from your spell.,עושה רושם שהעוג התאושש מלחש הקסם שלך.,
13,4,0,19,1,99,36,0,0,You retrieve your daggers.,אתה מחזיר את הפגיונות שלך.,
13,4,0,20,2,99,0,2,0,The Ogre's chest is already unlocked.,תיבת העוג כבר פתוחה.,
13,4,0,21,1,99,3,0,0,"The lock on the Ogre's chest clicks open.  The dead Ogre's chest contains 1 gold and 43 silver, which you take and put away.  ","מנעול תיבת העוג נפתח לקול נקישה קלה. תיבת העוג המת מכילה 1 זהב ח-43 כסף, שאותם אתה נוטל ושם בצד.",
13,4,0,21,2,99,0,205,9,"The dead Ogre's chest contains 1 gold and 43 silver, which you take and put away.","תיבת העוג המת מכילה 1 זהב ו-43 כסף, שאותם אתה מחרים ושם בצד.",
13,4,80,5,1,99,0,0,0,How much more calm can he get?,כמה עוד רגוע הוא יכול להיות?,
13,4,80,6,1,99,0,17,10,You've wasted a spell.,בזבזת קסם.,
13,4,78,5,1,99,0,0,0,"Ok, he'll be a dazzled cadaver.","בסדר, הוא יהיה גוויה מסונוורת.",
13,4,78,6,1,99,0,0,42,You've wasted a spell.,בזבזת קסם.,
13,4,50,0,1,99,0,53,0,A magical aura emanates from the cave's entrance.,הילה קסומה בוקעת מפתח המערה.,
13,4,82,6,1,99,0,89,3,You want to fetch THAT?,אתה מנסה לתפוס את... זה???,שיניתי את כל מה שלא היה נקודה או שלוש נקודות
13,4,82,22,1,99,0,0,0,I don't know what you want to fetch.,אני לא מבין מה אתה מנסה לתפוס.,
13,4,1,0,1,99,0,0,0,The ground shows the beginning of new spring grass.,ניצנים אביביים של עשב טרי נובטים מתוך האדמה.,
13,4,51,9,1,99,0,0,0,The dead Ogre's chest lies open and empty.,תיבת העוג המת מוטלת על הקרקע פתוחה וריקה.,
13,4,51,4,1,99,0,254,0,"The dead Ogre's chest lies open, its contents glittering brightly.","תיבת העוג המת מוטלת כשהיא פתוחה לרווחה, תכולתה מנצנצת מול קרני השמש.",
13,4,51,5,1,99,12,0,0,Don't open the Ogre -- it's all gucky and squishy inside.,שלא תעז לפתוח את העוג -- הכול בפנים צמיגי וחלקלק.,
13,4,52,0,1,99,0,27,0,"You're kidding, right?","אתה צוחק, כן?",
13,4,79,23,1,99,10,0,0,You don't seem to have a weapon to charge.,לא נראה שיש לך נשק שאפשר לטעון.,
13,4,79,24,1,99,0,0,0,Your weapon is now magically charged.,הנשק שלך נטען בקסם.,
13,5,1,0,1,99,49,0,0,The rocks look like they've been dropped in place by a gigantic hand.,הסלעים נוטעים בך את התחושה כאילו יד ענקית נעלמת פיזרה אותם מלמעלה.,
13,6,1,0,1,99,0,0,0,You see some of the trees of the forest.,מולך מיתמרים כמה מעצי היער.,
14,1,4,0,1,99,141,1,129,You'd better not.  The bear isn't wearing a flea collar (just a locked chain).,לא כדאי לך. הדוב לא עונד קולר נגד פרעושים (רק שרשרת נעולה).,
14,1,36,0,1,99,83,118,129,"The bear seems to find your flowers tasty, but not very filling.","הדוב בהחלט מתלהב מטעמם של הפרחים, אבל הם לא ישביעו אותו.",
14,1,26,0,1,99,49,5,0,The bear won't let you near the lock.,הדוב לא יתן לך להתקרב אל המנעול.,
14,1,17,0,1,99,0,173,1,"Try as you might, you can't pick the lock.  It must be magical.","תנסה כמה שתרצה, אתה לא תצליח לפרוץ את המנעול. בטח הוא קסום.",
14,1,1,1,1,99,7,0,0,"Although looking somewhat scorched, the bear is still very dangerous.","למרות מראהו החרוך משהו, הדוב עדיין מסוכן מאוד.",שיניתי מאד (ארכאי) למאוד
14,1,1,2,1,99,0,6,6,"Stunned, the bear is temporarily frozen.","כשהוא המום, הדוב קופא באופן זמני.",
14,1,1,3,1,99,0,227,3,On one side of this cavern is a creature which looks like a large bear.  There is something attached to his leg.,בצידה האחד של המערה ישנו יצור שמראהו כשל דוב גדול. משהו קשור לרגליו.,
14,1,1,4,1,99,5,0,99,The bear appears docile for the time being.,הדוב מצטייר ככנוע וצייתן לעת עתה.,
14,1,1,5,1,99,47,109,97,The bear looks menacing and angry.  There is something attached to its leg.,הדוב נראה מסוכן ועצבני מאוד. שרשרת נעולה קשורה לרגלו.,
14,1,11,6,1,99,99,46,99,"You have made this bear very happy; it would be
wise to take advantage of his current mood.","שימחת את ליבו של הדוב; כעת יהיה זה
חכם מצידך לנצל את מצב רוחו הנוכחי.",
14,1,57,7,1,99,0,65,0,You know that bears can't talk!,מי כמוך יודע שדובים לא יכולים לדבר!,
14,1,57,8,1,99,0,0,0,"Hi there!  I represent Ditto Realty.  We have some LOVELY properties that are PROVEN bargains.  We know that's true, because we've sold them so many times.","שלום לך! אני מייצג את כנ""ל נדל""ן. יש לנו כמה נכסים נהדרים שרווחיותם אינה מוטלת בספק. אנחנו יודעים שזה נכון, כי מכרנו אותם כל כך הרבה פעמים.",
14,2,1,9,1,99,0,0,0,"Beyond the bear, the cave seems to continue.  The bear blocks the way.","מאחורי הדוב, המערה מתחפרת בעומק צלע ההר. הדוב חוסם את הדרך.",
14,2,1,10,1,99,0,0,0,An eerie luminescence emanates from a chamber deeper within the cave.,אור עמום מצמרר בוקע מתוך חדר קבור במעמקי המערה.,
14,3,0,5,1,99,0,0,0,A very large bear rears up as you approach.  It looks hungry and dangerous.,דוב גדול מימדים מזדקף לעברך בעודך מתקרב. הוא נראה רעב ומסוכן.,
14,3,0,11,1,99,0,27,67,"As your eyes adjust from sunlight to darkness, you examine the interior of this eerie cavern.  You sense something moving off to your right.","בשעה שעיניך מתרגלות מאור יום לאפילה מוחלטת, אתה בוחן את פנים המערה המסתורית. אתה חש תנועה כלשהי מימינך.",
14,3,0,12,1,99,0,0,0,The Kobold's key disappears as you turn it in the lock.,מפתח הקובולד מתפוגג כשאתה מסובב אותו בחור המנעול.,
14,3,50,9,1,99,0,0,128,There is no magic in the cavern.,אין כל קסם במערה.,
14,3,50,10,1,99,0,174,104,There is an aura of magic throughout the cavern.  It seems to center on the bear.,הילת קסם אופפת את המערה. נראה שהיא מתרכזת בדוב.,
14,3,1,0,1,99,0,0,0,"Once your eyes get adjusted to the dark, there's still nothing to see in here.","ברגע שעיניך התרגלו לחושך, עדיין אין מה לראות כאן.",
14,4,4,0,1,99,99,58,47,What could you possibly do with a stalagmite... or is it a stalactite?,מה כבר תוכל לעשות עם זקיף... או שמא זה נטיף?,
14,4,1,0,1,99,97,99,114,The stalagmites grow slowly... or are they stalactites?,הזקיפים צומחים באיטיות... או שזה בכלל נטיפים?,
14,5,4,0,1,99,111,114,101,What could you possibly do with a stalactite... or is it a stalagmite?,מה כבר תוכל לעשות עם זקיף... או שמא זה נטיף?,
14,5,1,0,1,99,0,0,0,The stalactites grow slowly... or are they stalagmites?,הזקיפים צומחים באיטיות... או שזה בכלל נטיפים?,
141,1,1,0,1,99,2,22,1,Behind the velvet curtains is an alcove leading to the offices of the Baron.,מאחורי וילונות הקטיפה מסתתר כוך קטן המוביל אל משרדי הברון.,
141,2,0,1,1,18,2,23,1,"""I sincerely hope you will continue on your valiant adventures in our land.  If anyone can rid the land of the brigands, it will be you.""","""כולי תקווה כי תמשיך במסעות ההרפתקה הנועזות על אדמתינו. אם מישהו יכול לגאול את הארץ מידי השודדים, זה אתה ולא אחר.""",
141,2,0,1,2,18,2,24,1,"""Someday in the near future, I can envision holding a ceremony in your honor and bestowing upon you the title, 'Hero of the Land of Spielburg'.""","""באחד הימים בעתיד לבוא, אני צופה כי נערוך לכבודך טקס מפואר ונכתיר אותך בתואר `הגיבור משפילבורג'.""",
141,2,0,2,1,18,2,25,1,"""As you leave the castle tomorrow, you will receive the reward money I long ago posted for the safe return of my son, as a token of my thanks.""","""כשתצא לדרכך מן הטירה מחר, אעניק לך את הפרס הכספי שהצעתי עבור חזרתו בשלום של בני, כאות הוקרה.""",
141,2,0,2,2,18,2,33,1,"""You will, of course, be expected to dine with us and be our guest in the castle tonight.""","""אנו מתכבדים כמובן להזמינך לסעוד איתנו את ארוחת הערב ולהעביר את הלילה אצלנו כאורח בטירתנו.""",
141,2,0,3,1,18,2,34,1,"""Words cannot express the gratitude I have towards you.""","""מילים לא יכולות להביע את רגשי התודה אשר אנו רוחשים כלפיך.""",
141,2,0,3,2,18,2,35,1,"""Not only have you freed the Baronet from enchantment and allowed my son to return to me, but you have renewed my hope that the curse may be lifted."" ","""לא רק שפדית את הבארונט מכבלי הכישוף והשבת את בני אל זרועותי, אלא אף נטעת בי תקווה חדשה כי יום יבוא והקללה תוסר.""",
141,2,0,3,3,18,2,36,1,"""My son, Baronet Barnard von Spielburg, also desires to acknowledge his indebtedness.""","""בני, בארונט ברנרד פון שפילבורג, גם הוא חפץ להביע את הערכתו והוקרתו.""",
141,2,0,3,4,18,2,37,1,"""Barnard.""","""ברנרד.""",
141,2,0,4,1,18,4,26,1,"""Do you have any questions?""","""יש לך שאלות נוספות?""",
141,2,0,5,1,18,4,27,1,"""A servant is awaiting you outside to show you to your quarters.  We will see you at supper later."" ","""משרת ממתין לך בחוץ וילווה אותך לחדרך. ניפגש מאוחר יותר לסעודת ערבית.""",
141,2,0,6,1,18,4,27,2,"""Furthermore, I understand you have rid our valley of a dangerous Kobold Magic User in order to free the Baronet von Spielburg.""","""יתרה מזאת, הבנתי כי פטרת את העמק שלנו מעולו של קוסם הקובולד הרשע תוך כדי שחרורו של בארונט פון שפילבורג.""",
141,2,0,6,2,18,4,28,1,"""You risked your life to singlehandedly defeat the foul Spellcaster.  You are a true hero, and I thank you."" ","""סיכנת את חייך ובמו ידיך הבסת את המכשף הנתעב. אתה גיבור אמיתי, והריני אסיר תודה לך על כך.""",
141,2,1,0,1,99,5,8,1,"The Baron von Spielburg looks like he was once a strong man, but sorrow has aged him greatly.","הברון משפילבורג עושה רושם של אדם חזק לשעבר, שזיקנה קפצה עליו מחמת צערו ויגונו.",
141,2,2,7,1,18,5,9,1,Baba Yaga,באבא יאגה,
141,2,2,8,1,18,5,9,2,Baron,ברון,
141,2,2,9,1,18,5,10,1,Brigands,שודדים,
141,2,2,10,1,18,5,11,1,Castle,טירה,
141,2,2,11,1,18,5,12,1,Curse,קללה,
141,2,2,12,1,18,5,13,1,Daughter,בת,
141,2,2,13,1,18,5,14,1,Brigand Leader,מנהיג השודדים,
141,2,2,14,1,18,5,15,1,Magic,קסם,
141,2,2,15,1,18,5,16,1,Prophecy,נבואה,
141,2,2,16,1,18,5,17,1,Reward,פרס,
141,2,2,17,1,18,5,18,1,Warlock,מכשף,
141,2,2,18,1,18,5,19,1,Yorick,יוריק,
141,2,5,7,1,18,5,20,1,"""I have attempted everything in my power to get her to go away.  I fear it will take some sort of magic to be able to counteract her evil magic.""","""עשיתי כל אשר לאל ידי לסלק אותה ממחוזותינו. חוששני כי יידרש סוג מסויים של קסם על מנת לבטל את השפעת כשפיה.""",
141,2,5,8,1,18,5,21,1,"""I am Stefan von Spielburg, 12th Baron of Spielburg castle.""","""אני הוא סטפן פון שפילבורג, הברון השנים עשר מטירת שפילבורג.""",
141,2,5,9,1,18,5,22,1,"""If I had more guards, I would wipe the brigands out myself, now that I have my son at my side.""","""לו רק היו לי יותר שומרים, הייתי מוחה את השודדים מעל פני האדמה בכוחות עצמי, עתה כשבני לצידי.""",
141,2,5,9,2,18,5,23,1,"""It will take some time before this castle and land have recovered from my sorrow, so I still think it will take a Hero to destroy the brigands.""","""יקח זמן מה עד שהטירה ואדמותיה ישתקמו מיגוני העמוק, כך שאני עדיין חושב כי רק גיבור טוב יוכל להשמיד את השודדים.""",
141,2,5,9,3,18,5,24,1,"""I know they have some sort of fortress at the far south of the valley.  I have heard rumors they have set up an ambush for all that approach.""","""אני יודע שהם בנו מעין מצודה בקצהו המרוחק של העמק. התגנבו לאוזני שמועות כי הם הציבו מארבים לכל מי שיעז להניח שם את כף רגלו.""",
141,2,5,9,4,18,5,25,1,"""It is also rumored that there is another way into their fortress, but I have no further knowledge about it.""","""השמועה גם אומרת שיש דרך נוספת להבקיע את מבצרם, אך אין לי עוד מידע בעניין"".",
141,2,5,10,1,18,10,0,1,"""This castle has been in the family for two centuries now.  It was a gift from King Siegfried the Third.""","""משפחתי אשר מחזיקה בטירה מזה כמאתיים שנה קיבלה אותה כמתנה מאת מלך סיגפריד השלישי.""",
141,2,5,11,1,18,10,9,1,"""Some years back, I tried to force the Ogress Baba Yaga to leave our valley, and she put a curse upon me that I should lose everything I held dear.""","""לפני כמה שנים, ניסיתי לאלץ את העוגית באבא יאגה לנטוש את עמקנו וכעונש היא הטילה עלי קללה שאאבד את כל היקר לי.""",
141,2,5,11,2,18,10,31,1,"""When I lost my daughter and my son, I lost all interest in living.  My lands have suffered because I suffered.""","""כשאיבדתי את ביתי ובני, איבדתי כל טעם בחיי. אדמותי סבלו בגלל שאני טבעתי ביגוני.""",
141,2,5,11,3,18,10,32,1,"""Now, though, with the return of my son, I trust the prophecy may yet come true, thanks to you.""","עתה, עם שובו של בני, בטוחני כי הנבואה סופה להתגשם, הודות לך.""",
141,2,5,12,1,18,12,116,2,"""My beautiful little daughter was stolen away ten years ago by Baba Yaga's magic.  She has never been found, despite all the searching that has been done for her."" ","""בתי היפייפיה נחטפה מאיתי לפני עשר שנים בכשפיה של באבא יאגה. היא מעולם לא נמצאה, חרף כל המשלחות שיצאו לחפש אחריה.""",
141,2,5,12,2,18,1,0,1,"""I thought she was lost forever, but you have renewed my hope that I will again have her beside me.""","""חשבתי שהיא אבדה לעד, אך אתה נטעת בי תקווה חדשה כי יום יבוא והיא תהיה שוב לצידי.""",
141,2,5,13,1,18,1,38,1,"""There have always been brigands around, but until their new leader and the warlock showed up a few years ago, they were not much of a problem.""","""תמיד שוטטו שודדים בסביבה, אולם עד שלא הופיעו המנהיג והמכשף לפני מספר שנים, הם לא היוו בעיה של ממש.""",
141,2,5,13,2,18,1,39,1,"""The leader seems to be a brilliant strategist who manages each raid with little loss.  Once their leader is gone, I am sure the brigands can be easily defeated.""","""המנהיג התגלה כאסטרטג מזהיר אשר מנהל פשיטות מוצלחות עם כמעט אפס נפגעים מצידו. ברגע שהמנהיג יחוסל, אני משוכנע שהשודדים יובסו בקלות.""",
141,2,5,14,1,18,4,0,1,"""I know very little of magic, much to my sorrow.  Perhaps you should talk to the wizards -- Zara in the town, or Erasmus on Zauberberg.""","""הידע שלי על קסמים מוגבל מאוד, לצערי הרב. אולי כדאי שתדבר עם הקוסמים זארה מהעיירה או ארסמוס מזאוברברג.""",
141,2,5,15,1,18,0,40,1,"""The prophecy stated,
     Comes a hero from the East,
     Free the man from in the beast;
     Bring the child from out the band;
     Drive the curser from the land.""","""הנבואה אומרת: 'יגיע גיבור מהמזרח,
את האיש מהחיה ייקח;
יציל את הילדה מחבורת השרץ;
ויגרש את המקללת מהארץ.'""",
141,2,5,15,2,18,0,41,1,"""You entered here from the East, and you released my son from the form of a bear.  I am certain you can fulfill the rest of it, and remove this dreadful curse.""","""הגעת מהמזרח, ושחררת את בני ממלתעות הדוב. אני די בטוח שתגשים את יתר הנבואה, ותסיר את הקללה האיומה.""",
141,2,5,16,1,18,0,42,1,"""I have offered substantial rewards for the return of my son and my daughter, as well as for capturing or killing the leader and warlock of the brigands.""","""הצעתי פרסים נדיבים למי אשר ישיב בשלום את בני וביתי, כמו גם על ראשם של מנהיג ומכשף השודדים.""",
141,2,5,17,1,18,1,0,1,"""As if this valley hasn't been plagued with enough evil magic users!  From what I have heard, his magic isn't powerful, but he uses it effectively.""","""כאילו שהעמק הזה לא מספיק נגוע במכשפי אופל מרושעים! ממה שאני שמעתי, הקסם שלו אינו רב עוצמה, אך הוא משתמש בו ביעילות.""",
141,2,5,18,1,18,1,38,1,"""Yorick was my court jester, a man of infinite jest.  He went off to find my daughter, but alas, poor Yorick never returned.""","""יוריק היה ליצן החצר שלי, אדם משעשע מאין כמוהו. הוא יצא לחפש את ביתי. אך אבוי, יוריק האומלל מעולם לא שב אל ביתו.""",
141,3,0,1,1,19,1,43,1,"""It would be nice if someone could finally defeat the brigands and claim the title.""","""יהיה נחמד אם מישהו סוף סוף יכריע את השודדים וירוויח את התואר.""",
141,3,0,3,1,19,1,44,1,"""We, er, that is, I, am appreciative of your efforts upon my behalf.""","""אנחנו, אר, כלומר, אני, מעריך מאוד את המאמצים שעשית למעני ובשמי.""",
141,3,0,6,1,19,1,45,1,"""I'm pleased you managed to kill the Kobold.""","""אני שבע רצון שהצלחת להרוג את הקובולד.""",
141,3,1,0,1,99,1,46,1,"The Baronet looks his usual haughty self, although his clothes are a little neater than the last time you saw him.","הבארונט מתנהג ביהירות כמימים ימימה, למרות שבגדיו מעט יותר מסודרים מהפעם האחרונה שראית אותו.",
141,3,2,19,1,19,1,47,1,Baronet,בארונט,
141,3,2,20,1,19,1,48,1,Bear,דוב,
141,3,2,21,1,19,1,48,2,Brigands,שודדים,
141,3,2,22,1,19,1,49,1,Kobold,קובולד,
141,3,5,19,1,19,1,50,1,"""I am Baronet Barnard von Spielburg, heir to the lands and all within."" ","""אני הוא בארונט ברנרד פון שפילבורג, יורש האדמות וכל אשר בתוכן.""",
141,3,5,20,1,19,1,0,1,"""I would prefer not to talk about that.""","""הייתי מעדיף לא לדבר על זה.""",
141,3,5,21,1,19,1,0,1,"""I will soon lead the troops against the Brigands and wipe them from this land.""","""בקרוב אנהיג את כוחותי כנגד השודדים ואמחה אותם מעל פני האדמה.""",
141,3,5,22,1,19,1,0,1,"""I rode off one morning with my men in search of monsters to fight.  I got separated from my men when I came across the entrance to the cave."" ","""בוקר אחד רכבתי עם אנשיי בחיפוש אחר מפלצות לקרב. דרכיי נפרדו ממלווי כשלפתע נקלעתי לפתח המערה.""",
141,3,5,22,2,19,4,0,1,"""As I entered, the Kobold ordered ME to get out.  I informed it that I was Baronet Barnard von Spielburg and heir to the lands and all within.""  ","""ברגע שנכנסתי, הקובולד הורה לי לצאת מיד. הודעתי לו כי אני הוא בארונט ברנרד פון שפילבורג ויורש האדמות וכל אשר בם.""",
141,3,5,22,3,19,1,0,1,"""I ordered it to bow before me.  Then it cast a spell upon me and I remember very little after that."" ","""ציוויתי עליו להשתחוות בפני. בו ברגע הוא הטיל עלי כישוף נורא ומאז אני זוכר מעט מאוד.""",
141,4,1,0,1,99,4,0,1,A brazier stands ready for the evenings coals.,מחתה עומדת מוכנה לגחלים של בין הערביים.,
141,5,1,0,1,99,1,45,1,The couch must be a precious heirloom; why else would the Baron keep such an uncomfortable-looking piece of furniture around?,הספה הינה ככל הנראה נכס משפחתי יקר ערך העובר מדור לדור; אחרת למה לו לברון להחזיק בפריט ריהוט כל כך לא נוח?,
141,6,1,0,1,99,1,46,1,"The von Spielburg coat of arms:  Twin Saurus guarding, Winged Chevron, on a field Azure.","סמל האצולה של פון שפילבורג: תאומי זארוס שומרים, שברון מכונף, על רקע תכול.",
141,7,1,0,1,99,1,47,1,The guards stand stiffly at attention.,השומרים עומדים נוקשים על משמרתם.,
141,7,2,0,1,99,1,48,1,The guards are not free to speak.,השומרים אינם חופשיים לדבר.,
141,8,1,0,1,99,1,49,1,A roast pig waits on the sideboard to be your supper.,חזיר צלוי ממתין על המזנון להפוך לארוחת הערב שלך.,
141,9,1,0,1,99,1,50,1,The Baron collected these pillars on an ocean quest for an undersea kingdom.,הברון אסף עמודים אלה במסע חוצה ימים עבור ממלכה תת ימית.,
141,10,0,23,1,99,44,0,1,You'd better stay in the main hall.  It wouldn't be wise to offend the Baron.,מוטב שתישאר באולם המרכזי. לא יהיה זה נבון מצידך להעליב את הברון.,
141,10,0,24,1,99,0,4,0,"Suddenly, you hear voices, seeming to come from everywhere at once.  They all sound like Baba Yaga, and they all say:","לפתע פתאום, אתה שומע קולות, אשר נראה כי בוקעים הם מכל עבר בו זמנית. כולם נשמעים כמו באבא יאגה, וכולם אומרים:",
141,10,0,24,2,99,0,1,44,"""Wheeeeeere's myyyyyy Maaaandraaaaake Rooooooooooooot????"" ","""היכןןןןןןןןןןן הואאאאאאאאאאא שורשששששששששש הדודאאאאאאאאאאאאים שליייייייייי????""",
141,10,1,0,1,99,44,205,43,"The Great Hall of Spielburg Castle is not very impressive.  The room is plain, with scuffed floors and grimy plastered walls.","האולם המרכזי בטירת שפילבורג אינו בעל מראה מרשים במיוחד. החדר מרוהט בפשטות, רצפת העץ שחוקה והכתלים מטוייחים בחוסר טעם.",
141,10,1,25,1,99,10,44,55,You are less than awed by Baron von Spielburg's Great Hall.  You'd think a Baron could keep his home a little cleaner.  You try to hide your disappointment.,אתה עומד משתאה מול האולם המרכזי של הברון פון שפילבורג. אתה חושב לעצמך כי היה מצופה מהברון לתחזק את ביתו ולו מעט. אתה מנסה להסתיר את אכזבתך.,
141,10,2,25,1,99,0,39,1,You rehearse your award acceptance speech.,אתה מתאמן על נאום קבלת הפרס.,
141,10,4,25,1,99,44,2,27,You straighten your clothing.  The presence of all this nobility makes you slightly uncomfortable.,אתה מיישר את בגדיך. נוכחותם של כל אנשי האצולה משרה בך מעט אי נוחות.,
141,10,81,0,1,99,2,1,0,"You realize, of course, that such actions will not only have you grabbed by guards, dragged to the dungeon, and brutally tortured, but that you probably won't be able to win this game if you perform them.","אתה מבין, מהר מאוד, כי עקב מעשים שכאלה לא רק שתיתפס על ידי השומרים, תגרר לבור הכלא, ותעבור עינויים מחרידים, אלא גם לא תצליח לסיים את המשחק אם תבצע אותם.",
141,11,1,0,1,99,44,25,1,The Baron grabbed these windows on crusades to Tangiers.,הברון בזז חלונות אלה במסעות הצלב אל טנג'יר.,
141,12,1,0,1,99,0,4,0,The table is prepared for dinner.  Do you have timing or what?,השולחן ערוך לארוחת הערב. אתה מבין את המילה עיתוי או מה?,
141,12,4,0,1,99,0,6,44,The table is filled to overflowing.,השולחן עמוס עד להתפקע.,
141,13,1,0,1,99,44,205,43,The tapestry on the back wall seems to depict some great battle of the past.,הטפט על הקיר האחורי מתאר איזשהו קרב עיקש מהעבר.,
141,14,1,0,1,99,19,44,55,The throne of the Baron is an unimpressive wooden highback chair.,כס המלכות של הברון נראה ככורסת עץ פשוטה ונטולת ברק.,
141,15,1,0,1,99,2,44,1,A vase from the Ding Dynasty.  (So named because their stoneware makes a pleasant bell-like sound when tapped with a fingernail.),כד משושלת דינג (שנקראו כך על שם כלי האבן מתוצרתם שהשמיעו צליל נעים דמוי פעמון כשנקשו עליהם בציפורניים).,
141,16,1,0,1,99,44,2,27,A wine of the rarest vintage from Raseir stands ready for dinner.,יין מובחר מהעיר ראזיר מוכן לארוחת הערב.,"החלפתי עומד הכן במוכן, יותר מדי רשמי לדעתי... לא קריטי"
15,1,0,0,1,99,0,47,59,"The Kobold doesn't look very calm.  In fact, it looks totally unaffected by your spell.","הקובולד לא נראה רגוע במיוחד. למעשה, הוא לגמרי לא הושפע מקסמיך.",
15,2,0,0,1,99,58,20,32,"You just bumped into something on the floor.  It feels like a large wooden chest, but you don't see anything there.","לרגע נתקלת במשהו על הרצפה. זה הרגיש לך אמנם כתיבת עץ גדולה, אולם כשאתה מביט מסביבך אינך רואה דבר.",
15,2,4,1,1,99,0,44,0,You will have to open it first.  The chest seems to be locked.,ראשית תצטרך לפתוח אותה. עושה רושם כי התיבה נעולה.,
15,2,4,2,1,99,0,44,0,You've already taken the treasure.,כבר לקחת את האוצר.,
15,2,4,3,1,99,242,183,72,You are too far away to get the Kobold's treasure.,אוצר הקובולד רחוק מדי ממקום עומדך.,
15,2,26,0,1,99,0,20,0,The key doesn't fit in the chest.  It must be for a different lock.,המפתח לא מתאים לתיבה. כנראה שהוא שייך למנעול אחר.,
15,2,17,4,1,99,10,163,191,You have no skill at picking locks.,אתה נטול כישורי פריצת מנעולים.,
15,2,17,1,1,99,107,90,0,You've already unlocked the chest.,כבר פתחת את האוצר.,
15,2,17,5,1,99,107,228,12,You don't see any monsters here.,אינך רואה כאן שום מנעולים.,
15,2,17,3,1,99,100,101,102,You're not close enough,אתה לא מספיק קרוב.,
15,2,1,6,1,99,107,72,58,You will have to open the chest first.  It seems to be locked.,תחילה עליך לפתוח את התיבה. עושה רושם שהיא נעולה.,
15,2,1,1,1,99,81,71,49,"The chest is now empty.  Funny thing, that. ",התיבה ריקה כרגע. מוזר באמת.,
15,2,1,7,1,99,57,46,77,There is no sign of any other treasure in the cavern.,אין זכר לאוצרות אחרים במערה.,
15,2,1,5,1,99,84,67,65,You don't *see* any treasure here.,אתה לא *רואה* כאן שום אוצר.,
15,2,1,2,1,99,32,50,48,"The chest is now empty.  Funny thing, that. ",התיבה ריקה כרגע. מוזר באמת.,
15,2,1,8,1,99,110,101,32,"Where the chest was, you see numerous pieces of gold and silver.","במקום שבו עמדה התיבה, אתה מבחין במספר רב של מטבעות זהב וכסף.",
15,3,0,7,1,99,78,68,95,You see the outline of a chest glowing in the south end of the cavern.,בחלקה הדרומי של המערה ניתן להבחין בקו מתאר של תיבה זוהר באפילה.,
15,3,0,7,2,99,49,41,10,You can detect a faint glimmering of magic from the shattered remains of the chest.,אתה חש בהילה קלושה של קסם בין שרידי התיבה המנותצת.,
15,3,0,9,1,99,32,83,0,A strong magical aura radiates from the Kobold's key.,מפתח הקובולד פולט הילת קסם חזקה.,
15,3,0,10,1,99,0,0,0,There no longer seem to be any magical effects or spells active in this part of the cavern.,לא נראה כי נותרו תופעות קסומות או לחשים פעילים בחלק זה של המערה.,
15,4,0,0,1,99,10,40,100,"Uh oh, you've woken the Kobold.","או-או, הקצת את הקובולד משנתו.","נראה לי שהמשמעות בעברית היא או-או, הו זה כאילו שמח"
15,4,0,0,2,99,65,76,75,You now have the Kobold's key.  Nice work!,אתה מחזיק כרגע במפתח הקובולד. עבודה יפה!,
15,5,4,0,1,99,166,166,166,The fungus is slimy and firmly attached to the cave walls.  You'd better leave it there.,פטרייה מרופשת נצמדת בחוזקה לכתלי המערה. כדאי לך מאוד לא להתעסק איתה.,
15,5,1,0,1,99,166,166,166,Phosphorescent fungi illuminate the cavern with an unearthly glow.,פטרייה זרחנית מאירה את המערה בזוהר על טבעי.,
15,6,0,0,1,99,175,98,166,You retrieve the dropped key.,אתה מרים בחזרה את המפתח שנשמט.,
15,6,1,0,1,99,166,166,166,"You see a large, brass key lying on the ground.  A faint glow emanates from the key.",אתה רואה מפתח נחושת גדול מונח על הקרקע. זוהר עמום בוקע מהמפתח.,
15,7,0,0,1,99,166,166,166,Your foot slips on the wet cavern floor and makes a scuffing noise.,רגליך מחליקות על רצפת המערה הרטובה ומשמיעות רחש של דשדוש.,
15,7,16,11,1,99,107,166,166,There are no monsters here to attack.,אין כאן מפלצות לתקוף.,
15,7,16,12,1,99,107,166,166,That's what you're doing.  Keep going!,זה מה שאתה עושה. תמשיך!,
15,7,4,13,1,99,166,166,166,Uh oh.  You weren't stealthy enough.  You have awoken the Kobold.,הו הו. לא היית חמקמק מספיק. הערת את הקובולד.,
15,7,4,14,1,99,71,85,83,You can't reach the key from here.,לא תוכל להגיע למפתח מכאן.,
15,7,4,15,1,99,0,220,107,The Kobold won't let you near his key.,הקובולד לא יאפשר לך להתקרב למפתח.,
15,7,4,11,1,99,166,166,166,You take the Kobold's glowing key.,אתה לוקח את מפתח הקובולד הזוהר.,
15,7,4,16,1,99,175,1,0,"VERY carefully, you remove the key from around the Kobold's neck.","בזהירות רבה, אתה מסלק את המפתח מסביב צווארו של הקובולד.",
15,7,1,0,1,99,166,2,0,"The strange creature is dressed in ragged clothes.  It has large, pale eyes.  It must have spent its entire life in these caves!","היצור המוזר לבוש בגדים מרופטים. עיניו גדולות, מפלבלות. הוא בטח בילה את כל ימיו ושנותיו במערות האלה!",
15,7,1,17,1,99,166,166,166,"A large, brass key hangs from a thong around the creature's neck.",מפתח נחושת גדול תלוי על שרוך שכרוך מסביב לצוואר היצור.,
15,7,12,11,1,99,166,95,20,There are no monsters here to attack.,אין כאן מפלצות לתקוף.,
15,7,12,12,1,99,0,108,109,That's what you're doing.  Keep going!,זה מה שאתה עושה. תמשיך!,
15,7,57,0,1,99,166,166,166,The Kobold seems more interested in frying you with Ball Lightning than in talking to you.,אתה מתרשם כי הקובולד מתעניין יותר בלצלות אותך בכדור ברק מאשר לנהל איתך שיחה ערה.,
15,8,0,7,1,99,166,166,166,The invisible lid of the invisible chest lifts.  A ripple of magical heat in the air informs you of a trap narrowly avoided by your skillful use of the Open spell.,המכסה הבלתי נראה של התיבה הבלתי נראית מתרומם. גל של חום קסום שמתפשט באוויר מלמד אותך כי ניצלת ממלכודת ברגע האחרון בזכות כישוריך המשופרים בלחש הפתיחה.,
15,8,0,7,2,99,0,107,20,"You open the chest, remove its contents, and close it again.  You are now 10 gold and 60 silver pieces richer. ","אתה פותח את התיבה, מעביר את תכולתה לכיסיך, וסוגר אותה בשנית. ברגעים אלה התעשרת בעוד 10 חתיכות זהב ו-60 חתיכות כסף.",
15,9,0,18,1,99,166,166,166,You don't have time for that now.,אין לך זמן בשביל זה.,
15,9,0,19,1,99,166,166,166,"You pry at the sealed lid of the chest, and... ","אתה מושך במכסה התיבה החתום, ו...",
15,9,0,20,1,99,20,0,226,This section of cave has an eerie quality.  You<CRLF>see a kobold resting on a ledge across from you.,"במסעף המערה הזה שוררת אווירה מרטיטה.
אתה רואה קובולד נח על אצטבא במרחק מה ממך.",
15,9,0,3,1,99,107,166,166,Wow!  The chest must have been booby-trapped.  You can really feel the damage from the blast.,וואו! התיבה היתה מלכודת פתאים. אתה מזועזע מהנזק העצום שגרם הפיצוץ.,
15,9,0,21,1,99,166,166,166,"You hear a very satisfying ""Snick"" as your pick catches the lock just right. ","אתה מתמלא בסיפוק כשאוזניך קולטות את רחש ה""קראק"" שנשמע בו ברגע שדוקרנך תופס את המנעול בזווית הנכונה.",
15,9,0,21,2,99,0,228,107,"Then you sense powerful magics dissipating around the lock, and your hands shake as you realize you have narrowly avoided some sort of Magical Doom.","או אז אתה חש בקסמים רבי עוצמה מתפוגגים סביב המנעול, וידיך רועדות כשמחלחלת בך ההבנה שחמקת בשניה האחרונה מאבדון מכושף.",
15,9,0,22,1,99,0,230,107,"Your fingers shift slightly, and you feel an odd prickling sensation coming from the lock.  You have a bad feeling about this.","אצבעותיך נעות קלות, ואתה מרגיש במעין תחושה דוקרנית מוזרה מגיעה מהמנעול. יש לך הרגשה שמשהו רע מאוד עומד לקרות.",
15,9,0,23,1,99,166,166,166,"You hack and pry at the chest, but you are not strong enough to force its lid.","אתה פורץ את התיבה וחולץ אותה, אולם אינך חזק דייך לפתוח את המכסה.",
15,9,0,24,1,99,69,84,69,The Kobold casts a spell with which you are not familiar.,הקובולד מטיל כישוף אותו אינך מכיר.,
15,9,0,25,1,99,0,15,0,You add ten gold and sixty silver coins to your money pouch.,אתה משלשל עשרה מטבעות זהב ושישים מטבעות כסף לנרתיק הכסף שלך.,
15,9,0,26,1,99,166,166,166,"""You go!  You no stay here!""",לך לך! הסתלק מפה!,
15,9,82,0,1,99,166,211,0,You don't need to cast Fetch -- everything here is in easy reach.,אין צורך להטיל לחש תפיסה -- הכול כאן בהישג יד.,
15,9,1,0,1,99,59,23,59,This part of the cavern is spacious and multi-leveled.  Phosphorescent fungus illuminates the cavern with an unearthly glow.,החלק הזה של המערה מרווח ורב מפלסי. פטריה זרחנית מאירה את המערה בזוהר מסתורי.,
15,9,1,0,2,99,32,183,72,"On a rocky platform above the cave floor is a Kobold, one of the race of ugly, miserly creatures known for their skill in Magic.","על משטח סלעי גבוה מעל קרקעית המערה יושב קובולד, בן לגזע יצורים מכוערים וקמצנים הידועים בזכות כישוריהם הקסומים.",
15,9,51,0,1,99,0,234,107,There's nothing to open here.,אין מה לפתוח כאן.,
15,9,77,0,1,99,0,234,107,There are no passive spells to trigger here.,אין כאן קסמים רדומים שניתן להתניע.,
15,9,52,0,1,99,72,0,0,You'd better not.  This cave is not recommended by the Michelin Guide.,לא מומלץ. המערה קיבלה דירוג נמוך במדריך מישלן.,
15,10,1,0,1,99,0,234,107,"The stalactites look much like the stalagmites, except that they go the other way. ","הנטיפים נראים יותר כמו זקיפים, מלבד העובדה שהם צומחים בכיוון ההפוך.",
15,11,1,0,1,99,191,0,0,A faint glimmer of sunlight barely illuminates the cave entrance.,נצנוצים קלושים של אור השמש מתאבכים מבעד פתח המערה.,
15,12,1,0,1,99,0,234,107,The Kobold eats its meals on this plain stone table.,הקובולד סועד את מנתו על שולחן אבן פשוט.,
15,13,4,27,1,99,12,0,0,No time for that now!,אין זמן לזה עכשיו!,
15,13,4,28,1,99,67,32,32,You pick up the Kobold's mushrooms and put them in your pack.,אתה אוסף את פטריות הקובולד ומניח אותם בין מטלטליך.,
15,13,1,0,1,99,58,92,71,Some sort of food (mushrooms?) sits in a pile on the stone table.  It looks almost edible... to a Kobold.,סוג של מאכל (פטריות) מסודר בערימה על גבי שולחן האבן. זה נראה כמעט כמו משהו אכיל... בשביל קובולד.,
16,1,1,0,1,99,0,4,0,To the south and east is the forest from which you came. To the north and west are steep cliffs. There are some unusual plants growing out of the side of the cliffs.,לדרום ולמזרח משתרע היער שממנו באת. מצפון וממערב מתנשאים צוקים תלולים. כמה מיני צומח יוצאי דופן צומחים מתוך קירות המצוקים.,
16,1,1,1,1,99,49,46,83,They are spitting what seems to be some kind of seed.,הם יורקים מה שנראה כמו סוג של זרעים.,
16,1,4,0,1,99,4,0,65,"The cliff walls are very steep, and they look difficult to climb.","חומות המצוק יורדים בתלילות, ונראים מאתגרים לטיפוס.",
16,2,1,0,1,99,2,116,70,"You've never seen anything quite like them. They're pretty, in a grotesque way.","מעולם לא נתקלת במשהו שאפילו דומה להם. הם מקסימים, בדרכם הגרוטסקית.",
16,2,4,2,1,99,0,61,50,"You'd like to do that, wouldn't you?","היית רוצה לעשות את זה, הלא כך?",
16,2,4,3,1,99,116,111,32,You have no need to take the flowers.,הפרחים אינם נחוצים לך ואתה לא לוקח אותם.,
16,2,4,4,1,99,101,115,115,"Since the flowers have stopped spitting, the seed might be a little harder to get to.","מאחר שהפרחים פסקו מלירוק, הגלעין יהיה מעט יותר קשה להשגה.",
16,2,12,10,1,99,0,0,0,Not now!,לא עכשיו!,
16,2,12,11,1,99,194,116,20,Not now!,לא עכשיו!,
16,2,12,12,1,99,0,61,50,"As you attempt to draw your weapon, you lose your balance momentarily.","בעודך מנסה לשלוף את נשקך, אתה מאבד את שיווי המשקל שלך לרגע קט.",
16,2,35,9,1,99,50,116,0,"Playing catch with the Spirea plants would certainly be fun, but this seed has a future elsewhere.","משחק מסירות עם צמחי ספירה יכול להיות בהחלט כיף חיים, אבל לזרעון הזה צפון עתיד במקום אחר.",
16,2,51,0,1,99,56,7,85,Not now!,לא עכשיו!,
16,2,51,7,1,99,65,7,0,You lose your concentration.,אתה מאבד את הריכוז שלך.,
16,2,51,8,1,99,74,7,8,Your skill with the Open spell is not great enough to affect the plants.,רמת המיומנות שלך בלחש הפתיחה אינה מספיק גבוהה בכדי להשפיע על הצמחים.,
16,2,81,5,1,99,80,7,203,There is no need to be so destructive.,אין מקום לתת פורקן ליצר ההרסנות שלך.,
16,2,81,6,1,99,103,7,12,That spell would damage the seed.  You don't want to do that.,הקסם הזה יפגע בזרע. ואתה לא רוצה שזה יקרה.,
16,3,1,4,1,99,130,7,0,You can't see it.,אתה לא מצליח לראות את זה.,
16,3,1,14,1,99,153,7,11,The large seed spins as it travels through the air.,הזרע הגדול מסתחרר בעודו מתעופף באוויר.,
16,3,4,4,1,99,172,7,8,There's not much point to that now.,אין יותר מדי טעם לעשות את זה עכשיו.,
16,3,4,10,1,99,195,7,214,Why do you think you're standing like this. Trying to catch Flying Water?,למה מה נראה לך שאתה עומד ככה. מנסה לתפוס מים מעופפים?,
16,3,4,13,1,99,233,7,94,You can't catch the seed from down on the ground.,לא תצליח לתפוס את הגרעין כשאתה עומד למטה על הרצפה.,
16,3,16,0,1,99,51,8,38,Perhaps it would be better to find something else to throw.,אולי כדאי שתמצא משהו אחר לזרוק.,
16,3,20,4,1,99,106,8,0,"You might have tried to throw a rock at the seed, but it's too late now.","היית צריך לנסות לזרוק אבן על הגלעין, אבל עכשיו כבר מאוחר מדי.",
16,3,20,15,1,99,177,8,62,Not now!,לא עכשיו!,
16,3,20,16,1,99,223,8,86,You get in position for a good throw.,אתה תופס עמדה לזריקה הגונה.,
16,3,20,17,1,99,253,8,244,You need a good rock to throw.,חפש לך אבן טובה לזריקה.,
16,4,1,0,1,99,30,9,250,The meadow clearing in which you stand is grassy and littered with blown pine needles and small mossy rocks.,"אתה ניצב בחלקת אחו חבויה בלב קרחת יער, שופעת עשב ומרופדת במרבד של מחטי אורן וסלעים טחובים קטנים.",
16,4,4,0,1,99,66,9,87,Wait a second!,רק שניה!,
16,5,1,0,1,99,112,9,214,The leaves look tough and fibrous.,העלים נראים קשים וסיביים.,
16,6,1,0,1,99,150,9,248,The leaves look tough and fibrous.,העלים נראים קשים וסיביים.,
16,7,1,0,1,99,185,9,17,The leaves look tough and fibrous.,העלים נראים קשים וסיביים.,
16,8,1,0,1,99,198,9,139,The leaves look tough and fibrous.,העלים נראים קשים וסיביים.,
16,9,0,0,1,99,100,10,199,You've already made a mess of that flower.,כבר עשית בלאגן שלם עם הפרח הזה.,
16,9,0,0,2,99,124,10,184,"There's not much point in that, now that you've already done what you came here to do. ","אין בזה הרבה טעם, כעת כשכבר השגת את המטרה שלך.",
16,9,0,0,3,99,225,10,8,This looks like a good place to you.,זה נראה כמו מקום מצויין בשבילך.,
16,9,0,0,4,99,5,11,196,"You valiantly scrabble against the cliff wall, but it looks like your climbing skill could stand some improvement.","אתה מתגושש בחימה שפוכה מול חומת הצוק, אבל דומה שכישורי הטיפוס שלך צריכים לעבור מקצה שיפורים.",
16,9,0,0,5,99,56,11,144,Perhaps there is some other way to get to your objective.,אולי יש דרך אחרת להגיע ליעד שלך.,
16,9,0,0,6,99,78,11,252,You look for an appropriate place to climb.,אתה מחפש מקום הולם לטיפוס.,
16,9,0,0,7,99,229,11,196,You pick up a few small rocks.,אתה מרים כמה אבנים קטנות.,
16,9,0,0,9,99,3,12,131,"Unless you just took a kangaroo potion, that plant is too far up the cliff to jump for.","אלא אם כן נטלת שיקוי קנגרו, הצמח הזה יותר מדי גבוה מכדי שתוכל לזנק לעברו.",
16,9,0,0,10,99,159,12,38,You see the seed floating above the shattered remains of the plant.,אתה רואה את הגרעין מרחף מעל שרידי הצמח המרוסקים.,
16,9,0,0,11,99,195,12,124,You take the seed.,אתה לוקח את הזרע.,
16,9,0,4,1,99,80,13,43,You don't need a rock for anything.,אין לך מה לעשות עם אבן.,
16,9,0,14,1,99,97,13,118,Not now!,לא עכשיו!,
16,9,0,18,1,99,157,13,31,You take the seed.,אתה לוקח את הזרע.,
16,9,0,19,1,99,172,13,2,It looks difficult. You look around for a good place to climb.,זה נראה מסובך. אתה מביט מסביבך ומחפש מקום טוב לטיפוס.,
16,9,0,20,1,99,21,14,11,You put the seed into your pack and climb down.,אתה מכניס את הזרע לתרמילך ויורד למטה.,
16,9,0,21,1,99,64,14,10,"You remain unconscious on the ground for an indeterminate amount of time. As you finally revive, you realize that you've caused yourself a fair amount of damage.","אתה שוכב על הקרקע מחוסר הכרה למשך פרק זמן בלתי מוגדר. כאשר אתה מתעורר לחיים סוף סוף, אתה מבין שגרמת לעצמך נזק בל יתואר.",
16,9,0,22,1,99,120,14,118,Ohhhhhhh!,הוייייייייי!,
16,9,0,23,1,99,145,14,131,You place the seed into your pack.,אתה מכניס את הזרע לתרמילך.,
16,9,0,24,1,99,122,15,176,"You lose concentration, and the spell fades.  You will have to practice some more.","אתה מאבד ריכוז, והקסם מתפוגג. תצטרך להתאמן עליו עוד קצת.",
16,9,4,25,1,99,147,15,85,You pick up a few small rocks.,אתה מרים כמה אבנים קטנות.,
16,9,51,8,1,99,248,15,118,Your skill with the Open spell is not great enough to affect the plants.,רמת המיומנות שלך בלחש הפתיחה אינה מספיק גבוהה בכדי להשפיע על הצמחים.,
16,9,51,29,1,99,33,16,131,Not now!,לא עכשיו!,
16,9,51,30,1,99,147,16,1,You lose your concentration.,אתה מאבד את הריכוז שלך.,
16,9,81,5,1,99,186,16,116,There is no need to be so destructive.,אל תתן ליצר ההרסנות שלך להשתלט עליך.,
16,9,81,6,1,99,42,17,192,That spell would damage the seed.  You don't want to do that.,הקסם יהרוס את הזרע. וזה לא מה שאתה רוצה שיקרה.,
16,9,82,26,1,99,66,17,12,You get into a good position.,התמקמת בעמדה מצויינת.,
16,9,82,27,1,99,174,17,6,"You might have tried to cast a spell at the seed, but it's too late now.","היה כדאי באמת להטיל כישוף על הזרע, אבל עכשיו זה כבר מאוחר מדי.",
16,9,82,28,1,99,200,17,255,You lose your concentration.,אתה מאבד את הריכוז שלך.,
16,10,1,0,1,99,49,18,28,"You can see pines, cedars, birches and other trees frequently associated with mountain forests.","למלוא עיניך נפרשים עצי אורן, ארזים, עצי ליבנה, ושאר אילנות שבדרך כלל נפוצים באזורי יער הרריים.",
170,1,0,1,1,47,101,115,32,Then dance for us!,"""אז תרקוד בפנינו!""",
170,1,0,1,2,48,111,107,32,Humans can't dance.,"""בני אדם לא יכולים לרקוד.""",הוספתי נקודות חסרות בשדות הבאים
170,1,0,1,3,49,32,97,110,Let's see you dance.,"""בוא נראה איך אתה רוקד.""",
170,1,0,1,4,50,104,105,101,I bet you can't dance!,"""אני מתערבת שאתה לא יודע לרקוד!""",
170,1,0,1,5,51,105,110,32,Dance for us!,"""תרקוד עבורנו!""",
170,1,0,1,6,47,97,114,116,All he wants to do is dance.,"""כל מה שהוא רוצה זה לרקוד.""",
170,1,0,1,7,48,101,32,102,Let's see you!,"""בוא נראה אותך!""",
170,1,0,1,8,49,115,105,116,"""Dance!""","""תרקוד!""",
170,1,0,1,9,50,99,107,44,"""Dance!!""","""תרקוד!!""",
170,1,0,2,1,47,111,99,107,"""Dance!""","""תרקוד!""",
170,1,0,3,1,47,32,121,111,No peeking!,"""בלי להציץ!""",
170,1,0,3,2,48,46,32,32,I think it's cheating!,"""אני חושבת שזו מרמה!""",שיניתי שזה לשזו
170,1,0,3,3,49,111,110,39,"Oh, just give it some dust!","""או, פשוט תתני לזה קצת אבקה!""",
170,1,0,3,4,50,97,32,112,"You needed a bath, anyway.","""את במילא צריכה אמבטיה""",
170,1,0,4,1,47,116,104,101,"""He's no fun!  He fell right over!""","""לא כיף איתו! הוא נפל מיד!""",
170,1,0,5,1,47,0,110,112,"Ooh, looky.  A human!","""אווו, תראו. בן אדם!""",
170,1,0,5,2,48,31,65,31,What's it doing here?,"""מה זה עושה כאן?""",
170,1,0,5,3,49,31,78,31,"""Yuck!""","""איכס!""",
170,1,0,5,4,50,31,32,31,Let's have some fun with it.,"""בואו נשתעשע עם זה.""",
170,1,0,5,5,51,31,32,31,Humans!  Why is it always humans?,"""בני אדם! למה זה תמיד בני אדם!""",
170,1,0,5,6,47,127,32,127,Go away.  You can't play!,"""לך מפה. אתה לא יכול לשחק!""",
170,1,0,5,7,48,127,32,127,I think it wants to play with us.,"""אני חושבת שזה רוצה לשחק איתנו""",
170,1,0,5,8,49,127,32,127,"Human, do you know how to dance?","""בן אדם, אתה יודע לרקוד?""",
170,1,0,5,9,50,127,32,127,How do you dance?,"""איך אתה רוקד?""",
170,1,0,5,10,51,127,32,127,"""Dance?""","""לרקוד?""",
170,1,0,5,11,47,127,32,127,"""Dance??""","""לרקוד??""",
170,1,0,5,12,47,127,32,127,Will you dance for us?,"""תרקוד עבורנו?""",
170,1,0,5,13,48,127,32,127,Can you dance?,"""אתה יכול לרקוד?""",
170,1,0,6,1,47,127,32,127,"We can show it how, can't we?","""אנחנו יכולות להראות לו, לא?""",
170,1,0,6,2,48,127,186,127,We know how to make you dance.,"""אנחנו יודעות איך לגרום לך לרקוד.""",
170,1,0,6,3,49,112,114,112,You can dance.,"""אתה יודע לרקוד"".",
170,1,0,6,4,50,31,65,31,We love to teach you how to dance.,"""נשמח ללמד אותך איך לרקוד.""",
170,1,0,6,5,51,31,32,31,How to dance.,"""איך לרקוד.""",
170,1,0,6,6,47,31,32,31,Dance?  Dance?,"""לרקוד? לרקוד?""",
170,1,0,6,7,48,31,32,31,Dance?  Dance!,"""לרקוד? לרקוד!""",
170,1,0,6,8,49,127,32,127,Dance!  Dance!,"""לרקוד! לרקוד!""",
170,1,0,6,9,50,127,32,127,Dance!  Dance!  Dance!,"""לרקוד! לרקוד! לרקוד!""",
170,1,0,6,10,51,127,32,127,DanceDanceDanceDance!!,"""לרקוד!לרקוד!לרקוד!לרקוד!""",
170,1,0,7,1,47,127,32,127,"""Ooooh!""","""אווווווווו!""",
170,1,0,7,2,48,127,32,127,It does know how to dance.,"""זה אכן יודע איך לרקוד.""",
170,1,0,7,3,49,127,32,127,"""Wowie!""","""וויפיייי!""",
170,1,0,7,4,50,127,32,127,This is neat!,"""זה מדליק!""",
170,1,0,7,5,51,127,32,127,"Gee, I didn't think it could do this.","""פשששש, לא חשבתי שזה יצליח לעשות את זה.""",
170,1,0,7,6,49,127,32,127,"Well, I just love it!","""האמת, אני פשוט אוהבת את זה!""",
170,1,0,7,7,48,127,32,127,You love an Antwerp!,"""את אוהבת אנטוורפ!""",
170,1,0,7,8,49,126,97,112,"""Do not!!""","""לא נכון!""",
170,1,0,7,9,48,112,32,31,"""Do too!"" ","""כן נכון!""",
170,1,0,8,1,47,31,95,31,He came into our circle!,"""הוא נכנס למעגל שלנו!""",
170,1,0,8,2,48,31,32,31,Who invited you here?,"""מי הזמין אותך לפה?""",
170,1,0,8,3,49,31,32,31,"""How rude!""","""איזו חוצפה!""",
170,1,0,8,4,50,32,32,112,You can't come in here!,"""אתה לא יכול להיכנס לכאן!""",
170,1,0,8,5,51,112,101,112,Now you're really going to get it!,"""עכשיו אתה תשלם על זה!""",
170,1,0,8,6,47,127,32,31,What an insult!,"""איזה עלבון!""",
170,1,0,8,7,48,31,32,127,You'll just have to dance!,"""אתה פשוט חייב לרקוד!""",
170,1,0,8,8,49,127,32,127,Have to dance!,"""חייב לרקוד!""",
170,1,0,8,9,50,127,32,127,"""Dance!  Dance!!""","""לרקוד! לרקוד!!""",
170,1,0,8,10,51,127,32,127,Dance!!  Dance!!  Dance!!,"""לרקוד!! לרקוד!! לרקוד!!""",
170,1,0,9,1,47,127,32,127,"""Hee, Hee!""","""הי, היי!""",
170,1,0,9,2,48,127,32,127,That's a dance?,"""זה ריקוד זה?""",
170,1,0,9,3,49,127,30,19,What can you expect from a human?,"""למה את מצפה מבן אדם?""",
170,1,0,9,4,50,15,38,48,"Well, I think it's cute.","""האמת, אני חושבת שזה חמוד.""",
170,1,0,9,5,51,48,32,48,You think anything is cute!,"""את אומרת חמוד על כל אחד!""",
170,1,0,9,6,47,48,32,48,"Ha, ha, ha!","""הא, הא הא!""",
170,1,0,10,1,47,48,32,48,"Oh, it's you again!","""או, זה שוב אתה!""",
170,1,0,10,2,48,48,32,48,Can you dance better now?,"""אתה יכול לרקוד יותר טוב עכשיו?""",
170,1,0,10,3,49,48,32,48,We love to watch you dance.,"""אנחנו נשמח לראות אותך רוקד.""",
170,1,0,10,4,50,48,32,48,You'd better play nice!,"""כדאי לך לשחק יפה!""",
170,1,0,10,5,51,48,32,48,Did you meet the Dryad?,"""פגשת את הדריאדה?""",
170,1,0,10,6,47,48,32,48,We'd love to see you dance.,"""נשמח לראות אותך רוקד.""",
170,1,0,10,7,48,48,32,48,"""Will you dance for us??""","""האם תרקוד עבורנו??""",
170,1,0,10,8,49,48,32,48,Will you dance?,"""האם תרקוד?""",
170,1,0,10,9,50,48,32,48,"""Dance?  Dance??""","""לרקוד? לרקוד??""",
170,1,0,10,10,51,48,32,48,"""Dance???""","""לרקוד???""",
170,1,0,11,1,47,48,32,48,"""How rude!!""","""איזו חוצפה!!""",
170,1,0,11,2,48,48,32,48,"Why, I never!","""מה, לעולם לא!""",
170,1,0,11,3,49,127,32,127,Nobody tries that with us!,"""אף אחד לא ניסה את זה איתנו!""",
170,1,0,11,4,50,48,32,48,"""Now you're really going to get it!!""","""עכשיו אתה באמת הולך לחטוף!!""",
170,1,0,11,5,51,48,32,48,"""What an insult!!""","""איזה עלבון!!""",
170,1,0,11,6,47,48,32,48,"""You'll just have to dance!!""","""אתה פשוט חייב לרקוד!!""",
170,1,0,11,7,48,48,32,48,"""Have to dance!!""","""חייב לרקוד!!""",
170,1,0,11,8,49,48,32,48,"""Dance for us!!""","""תרקוד עבורנו!!""",
170,1,0,11,9,50,48,32,48,Dance now!,"""תרקוד עכשיו!""",
170,1,0,11,10,51,48,32,48,"""Dance!!!""","""תרקוד!!""",
170,1,0,12,1,47,48,32,48,"Nyaah, nyaah!  You missed me!","""נה נה בננה! פספסת אותי!""",
170,1,0,12,2,48,48,32,48,It wants to play!,"""אני רוצה לשחק!""",
170,1,0,12,3,49,48,32,48,Can't get me!,"""אתה לא תופס אותי!""",
170,1,0,12,4,50,48,32,48,"Naughty, naughty, naughty.","""שובב, שובב, שובב.""",
170,1,0,12,5,51,48,32,48,"Attercop, Attercop!","""עכביש, עכביש!""",
170,1,0,12,6,47,48,32,48,"Missed me, missed me...","""לא תפסת אותי, ולא תפסת אותי...""",
170,1,0,12,7,48,48,32,48,...now you've got to kiss me!,"""...עכשיו אתה צריך לנשק אותי!""",
170,1,0,12,8,49,127,186,127,Oooh!  Scary magic!,"""הווו! קסם מפחיד!""",
170,1,0,12,9,50,127,32,127,"You'll never catch me.  Ha, ha!","""אתה בחיים לא תתפוס אותי. חה, חה!""",
170,1,0,13,1,51,127,32,127,So what do you want?,"""אז מה אתה רוצה?""",
170,1,0,13,2,47,127,32,127,Why are you here?,"""למה באת לכאן?""",
170,1,0,13,3,48,127,32,127,Do you suppose it's hungry?,"""את חושבת שהוא רעב?""",
170,1,0,13,4,49,127,32,127,What do humans eat?,"""מה אוכלים בני אדם?""",
170,1,0,13,5,50,127,32,127,"""Fairies!""","""פיות!""",
170,1,0,13,6,51,127,32,127,"""Fairies?""","""פיות?""",
170,1,0,13,7,47,127,32,127,Everyone knows humans eat animals.,"""כולם יודעים שבני אדם אוכלים חיות.""",
170,1,0,13,8,48,127,32,127,"""Yuckie!""","""איכסה!""",
170,1,0,13,9,49,127,32,127,What are you bothering us for?,"""למה אתה מפריע לנו?""",
170,1,0,13,10,50,127,32,127,Why don't humans ever answer?,"""למה בני אדם אף פעם לא עונים?""",
170,1,0,13,11,51,127,32,127,What is this all about?,"""על מה כל המהומה?""",
170,1,0,13,12,47,127,32,127,What do you want from us?,"""מה אתה רוצה מאיתנו?""",
170,1,0,14,1,48,127,32,127,"""Wow!""","""וואו!""",
170,1,5,15,1,49,127,186,127,This is boring!,"""זה משעמם!""",
170,1,5,15,2,50,112,108,112,Is that all you care about?,"""זה כל מה שמעניין אותך?""",
170,1,5,15,3,51,112,32,112,Shall we dance again?,"""שנרקוד שוב?""",
170,1,5,15,4,47,31,82,31,What about the human?,"""מה עם בן האנוש?""",
170,1,5,15,5,48,31,32,31,"Maybe if we ignore it, it'll go away!","""אולי אם נתעלם ממנו, הוא ילך!""",
170,1,5,15,6,49,114,25,32,Let's dance!,"""בוא נרקוד!""",
170,1,5,16,1,50,127,32,127,She protects the forest and everything.,"""היא מגינה על היער ועל הכל.""",
170,1,5,16,2,51,127,32,127,She even protects us!,"""היא אפילו מגינה עלינו!""",
170,1,5,16,3,47,127,32,127,You'd better not make her mad!,"""לא כדאי לך לעצבן אותה!""",
170,1,5,16,4,48,127,32,127,She'll zap you.,"""היא תתן לך זץ.""",
170,1,5,16,5,49,127,32,127,Her tree is nearby.,"""העץ שלה נמצא בקרבת מקום.""",
170,1,5,16,6,50,127,32,127,The Dryad is a tree nymph.,"""דריאדה היא נימפת עצים.""",
170,1,5,16,7,51,127,32,127,She's very magical.,"""היא מאוד קסומה.""",
170,1,5,3,1,47,127,32,127,Fairy dust is very magical.,"""באבק פיות יש המון קסם.""",
170,1,5,3,2,48,127,32,127,Is that why you're here?,"""זו הסיבה שאתה כאן?""",
170,1,5,3,3,49,127,32,127,Why should we give it any dust?,"""למה שניתן לך אבקה?""",
170,1,5,3,4,50,126,101,112,"It danced for us, didn't it?","""הוא רקד לפנינו, לא?""",
170,1,5,3,5,51,112,101,112,"Well, I say we give it some dust.","""ובכן, אני אומרת שניתן לו קצת אבקה.""",
170,1,5,3,6,47,127,32,127,That's because you have a crush on it.,"""זה בגלל שאת דלוקה עליו.""",
170,1,5,3,7,48,127,32,127,"""Do not!""","""אני לא!""",
170,1,5,3,8,49,127,32,127,Dewdrop's in love with a human.,"""טיפת-טל מאוהבת בבן אדם.""",
170,1,5,3,9,50,127,32,127,"""Am not!""","""אני לא!""",
170,1,5,3,10,51,127,32,127,"""Are too!""","""גם את!""",
170,1,5,3,11,47,127,32,127,"If you love it, YOU give it some dust.","""אם את אוהבת אותו, את תתני לו אבקה.""",
170,1,5,3,12,48,127,32,127,Ick!  Not me...you!,"""איכס! לא אני... את!""",
170,1,5,3,13,49,127,32,127,"""You!""","""את!""",
170,1,5,3,14,50,127,32,127,"""No, You!""","""לא, את!""",
170,1,5,3,15,51,127,32,127,No way!  You!,"""בשום פנים! את!""",
170,1,5,3,16,47,127,32,127,Not me!  You!,"""לא אני! את!""",
170,1,5,3,17,48,127,32,127,Make Mikey do it.  She'll touch anything!,"""אז שמיקי תעשה את זה. היא נוגעת בהכול!""","בכתיב מלא בעברית עדיף לכתוב ""הכול"" ולא ""הכל"". שיניתי היכן שהיה רלוונטי"
170,1,5,3,18,49,127,32,127,"""Mikey!""","""מיקי!""",
170,1,5,3,19,50,127,34,48,"All right, all right, but you all owe me!","""בסדר, בסדר, אבל אתן חייבות לי!""",
170,1,5,3,20,51,48,121,48,"All right, human.","""בסדר, בן אדם.""",
170,1,5,3,21,47,48,116,48,Hold out your hand and close your eyes.,"""תושיט יד ותעצום עיניים.""",
170,1,5,3,22,48,48,118,48,You will get a big surprise!,"""אתה תקבל הפתעה גדולה!""",
170,1,5,17,1,49,48,109,48,We are magic!,"""אנחנו קסומות!""",
170,1,5,17,2,50,48,97,48,We make rainbows!,"""אנחנו עושות קשתות!""",
170,1,5,17,3,51,48,32,48,We dance to make the flowers grow.,"""כשאנחנו רוקדות הפרחים מלבלבים.""",
170,1,5,17,4,47,48,32,48,We sing to make the colors.,"""כשאנחנו שרות הצבעים נבראים.""",
170,1,5,17,5,48,48,32,48,We're the prettiest things in the world!,"""אנחנו הדבר הכי יפה בעולם כולו!""",
170,1,5,17,6,49,48,32,48,We just want to have fun!,"""אנחנו רק רוצות ליהנות!""",
170,1,5,17,7,50,48,32,48,Fairies live in forests.,"""פיות חיות ביערות.""",
170,1,5,17,8,51,48,32,48,Fairies are GREAT!,"""פיות הן נהדרות!""",
170,1,5,18,1,47,48,32,48,This is our home.,"""זה הבית שלנו.""",
170,1,5,18,2,48,48,32,48,Woods are wonderful!,"""היער מדהים ביופיו!""",
170,1,5,18,3,49,48,32,48,We love trees!,"""אנחנו אוהבות עצים!""",
170,1,5,18,4,50,127,32,127,We love flowers!,"""אנחנו אוהבות פרחים!""",
170,1,5,18,5,48,48,32,48,We make the trees grow!,"""אנחנו מצמיחות את העצים!""",
170,1,5,18,6,51,48,32,48,We rule the whole forest!,"""אנחנו שולטות על היער כולו!""",
170,1,5,18,7,47,48,32,48,Don't tell the Dryad that!,"""אל תגלה לדריאדה!""",
170,1,5,19,1,47,48,32,48,Our mushrooms are special!,"""הפטריות שלנו מיוחדות!""",
170,1,5,19,2,48,48,32,48,Yeah.  They're magical!,"""כן. הן מלאות קסם!""",
170,1,5,19,3,49,48,32,48,That's why we dance in rings of mushrooms.,"""לכן אנחנו רוקדות במעגל של פטריות.""",
170,1,5,19,4,50,48,32,48,You better not come into our ring!,"""אתה לא נכנס למעגל שלנו!""",
170,1,5,19,5,51,48,32,48,We never let humans into our ring.,"""אנחנו אף פעם לא מרשות לאנשים להיכנס למעגל שלנו.""",
170,1,5,19,6,47,48,32,48,It takes forever to get the smell out!,"""לוקח נצח להיפטר מהסירחון!""",
170,1,5,19,7,48,48,32,48,It spoils the magic when a human comes in.,"""הקסם משתבש כשאדם נכנס פנימה.""",
170,1,5,19,8,49,48,32,48,"It makes us very, very angry!","""זה מכעיס אותנו מאוד מאוד!""",
170,1,5,19,9,50,48,32,48,We love our mushrooms!,"""אנחנו אוהבות את הפטריות שלנו!""",
170,1,16,0,1,99,48,32,48,You don't have a dagger.,אין לך פגיון.,
170,1,4,0,1,99,48,32,48,The fairies can avoid your grasp easily.,הפיות יכולות לחמוק ממך בקלות.,
170,1,21,0,1,47,127,186,127,Don't you want to dance?,"""אתן לא רוצות לרקוד?""",
170,1,21,20,1,99,48,32,48,Perhaps you should be better prepared to get some fairy dust next time.,בפעם הבאה תבוא יותר מוכן לקבל את אבקת הפיות.,
170,1,21,3,1,47,48,32,48,Don't be greedy.  We already gave you some.,"""אל תהיה חמדן. כבר נתנו לך קצת.""",
170,1,21,21,1,99,48,32,48,Where could you possibly get that?,איפה נראה לך שאפשר להשיג את זה?,
170,1,21,22,1,99,48,32,48,Maybe you should ask the Fairies for some.  That would be the polite thing to do.,לא יקרה כלום אם תבקש יפה מהפיות. זה יהיה מאוד מנומס מצידך.,
170,1,1,0,1,99,48,32,48,"The fairies look like little dancing lights, but you get a strong sense that they are female with butterfly wings. ","הפיות דומות יותר לריצודי אורות מרקדים, אבל תחושת הבטן שלך היא שהן בנות עם כנפי פרפר.",
170,1,2,15,1,99,48,32,48,Brigands,שודדים,
170,1,2,16,1,99,48,32,48,Dryad,דריאדה,לא דרואיד/דרואידית?
170,1,2,3,1,99,48,32,48,Fairy Dust,אבק פיות,
170,1,2,17,1,99,48,32,48,Fairy,פיה,
170,1,2,18,1,99,48,32,48,Forest,יער,
170,1,2,19,1,99,48,32,48,Mushroom%c,פטריות,
170,2,4,0,1,99,48,32,48,Don't you want to dance?,"""אינכן רוצות לרקוד?""",
170,2,1,0,1,99,48,32,48,The ring of mushrooms contains mushrooms slightly larger than the ones you are used to.,מעגל הפטריות מורכב מפטריות מעט גדולות יותר מאלה שאתה רגיל לראות.,
170,2,1,23,1,99,48,32,48,The fairy ring is luminous at night.,מעגל הפיות זוהר בלילה.,
170,3,0,0,1,99,127,186,127,You pick a handful of the smaller mushrooms and carefully put them away in your backpack.,אתה קוטף בידך חופן של פטריות קטנות ומניח אותם בזהירות בילקוטך.,
170,3,0,2,1,99,48,32,48,I'll bet you're sorry you said that.,אני מניח שאתה מתחרט על מה שאמרת.,
170,3,0,24,1,99,48,32,48,You don't need to do that.,אתה לא צריך לעשות את זה.,
170,3,0,25,1,99,48,32,48,You place the dust carefully away in an empty flask.,אתה מאחסן את האבקה בזהירות רבה בתוך בקבוקון ריק.,
170,3,0,26,1,99,48,32,48,You hold out your hand...what else could you do?,אתה מושיט את ידך... וכי יש לך ברירה אחרת?,
170,3,0,27,1,99,48,32,48,You realize that you need something such as an empty flask to put this fairy dust into.,אתה מבין שתזדקק למשהו כמו בקבוקון ריק על מנת שתוכל לאחסן בו את אבק הפיות.,
170,3,0,21,1,99,48,32,48,The trees look more vibrant than most of the forest.,דומה שהעצים מלאים בחיים יותר משאר עצי היער.,
170,3,0,21,2,99,48,32,48,There is a ring of mushrooms on the northwest side of the clearing.,ישנו מעגל מפטריות בלב קרחת היער.,
170,3,0,28,1,99,48,32,48,"As the fairy dust sifts through your fingers, you realize that you need something to put it in.  You're fresh out of empty containers.  ","בשניה שאבק הפיות מחליק בין אצבעותיך, אתה מגיע לכלל הבנה שצריך לאחסן אותו איפשהו. הבעיה היא שבדיוק אזלו לך כלי הקיבול הריקים.",
170,3,0,29,1,99,48,32,48,"Wow!  That was pretty wild!  It's probably not a good idea to eat too many more of these mushrooms, though.",וואו! זה היה מטורף לגמרי! הרעיון לאכול יותר מדי פטריות כאלה לא היה מוצלח במיוחד.,
170,3,0,30,1,99,48,32,48,I'm not sure.,אני לא בטוח.,
170,3,0,31,1,99,48,32,48,Yes,כן,
170,3,0,32,1,99,48,32,48,No,לא,
170,3,0,33,1,47,48,32,48,Don't you want to dance?,"""האינך רוצה לרקוד?""",
170,3,2,0,1,99,48,32,48,Who are you talking to?,עם מי אתה מדבר?,
170,3,2,0,2,99,19,32,127,You detect faint emanations of magic near the ring of mushrooms.,אתה מזהה הילה קלה של קסם בקרבת מעגל הפטריות.,
170,3,2,34,1,99,48,32,48,They seem to be ignoring you.,דומה שהם מתעלמים ממך.,
170,3,2,23,1,99,48,32,48,There is much magic surrounding the fairies and their ring of mushrooms.,קסם רב אופף את הפיות ואת מעגל הפטריות.,
170,4,0,0,1,99,48,32,48,"It's either a stone, a pebble, a mass of stony material, a solid mineral deposit, a block, or a rock.  Take your pick.  (Just don't take a pick to the rock.)","או שזה אבן, או חלוק נחל, מסה של חומר מאובן, מרבץ מינרלים מוצק, לבנה, או סלע. הבחירה בידיים שלך (רק אל תבחר לקחת את הסלע).",
170,4,1,0,1,99,48,32,48,The rock sits there in stony silence.,הסלע רובץ בשלווה מאובנת.,
170,5,1,0,1,99,0,13,100,The trees seem more dense and lush than the rest of the woods.,דומה שהעצים כאן יותר עבותים ושופעים משאר חלקי היער.,
170,6,1,0,1,99,119,201,127,The trees here look thicker and healthier than in other parts of the forest.,על פי מראם העצים כאן יותר סמיכים ובריאים מאזורים אחרים ביער.,
171,1,0,1,1,99,32,105,110,The arrogance of the Baronet astonishes you.  Perchance the kobold Magic User had a reason for changing him into a bear.,השחצנות של הבארונט מדהימה אותך. כנראה שלמכשף הקובולדי לא חסרו סיבות להפוך אותו לדוב.,
171,1,0,2,1,46,32,119,105,"""You have the honor of meeting the Baronet Barnard von Spielburg.  We are pleased that you broke our enchantment.  Perhaps our father the Baron will reward you should you ever visit our castle.""   ","""נפל בחלקך הכבוד לפגוש את בארונט ברנרד פון שפילבורג. אנו שבעי רצון ששברת את הכישוף. שמא אבינו הברון יחזיר לך כגמולך הטוב אם תואיל לסור לבקרנו בטירה.""",
171,1,0,3,1,99,114,32,112,You have a funny feeling that you may have made a slight tactical error.,מקננת בך התחושה כי יתכן שעשית טעות טקטית מזערית.,
171,1,0,4,1,99,32,0,32,The body lying there looks a lot like the picture of the Baronet von Spielburg on the poster at the guild hall.  You have a funny feeling that you may have made a slight tactical error.,הגופה המוטלת שם נראית יותר כמו תמונה של בארונט פון שפילבורג על כרזה בהיכל האיגוד. חולף בך מין תחושה מוזרה שיתכן ועשית שגיאה טקטית קלה.,
171,1,1,0,1,99,0,21,27,"The cavern contains some impressive formations and is rather beautiful, as caves go.","במערה נצפים תצורות מרשימות ויפות למדי, כדרכן של מערות.",
18,1,1,0,1,99,4,0,244,Thick undergrowth stops you from moving north.,צמחיה עבותה מונעת ממך מלהמשיך צפונה.,
18,2,1,0,1,99,47,128,48,Dense brush blocks your path to the south.,יער בלתי עביר חוסם את דרכך דרומה.,
2,1,0,1,1,99,4,0,85,"The software you are now using was produced through the efforts of many people: designers, artists, programmers, musicians, and lots of other hard-working folks.","התוכנה שאתם מחזיקים בידיכם כרגע פותחה במאמצים על אנושיים על ידי אנשים רבים: מעצבים, אמנים, מתכנתים, מוזיקאים, ועוד המון חבר'ה חרוצים.",
2,1,0,1,2,99,0,181,30,"If you make copies of this software for any reason other than to make a personal backup, you are not only breaking the law, but raising the cost of software for all legitimate users.  PLEASE DO NOT MAKE ILLEGAL COPIES OF THIS GAME!  ","אם אתם מעתיקים את התוכנה מכל סיבה שהיא מלבד עותק גיבוי פרטי, אתם לא רק עוברים על החוק, אלא גם גורמים לעליית מחירי התוכנה עבור שאר המשתמשים החוקיים. בבקשה אל תיצרו עותקים בלתי חוקיים של המשחק!",
2,1,0,1,3,99,29,1,0,"Oh, by the way . . .  You will need the information contained in the printed documentation to successfully complete this game.

In other words, it's not just the law . . .
It's a good idea.","הי, דרך אגב... אתם תזדקקו למידע הכלול במסמך המודפס על מנת להשלים את המשחק. במילים אחרות זה לא רק החוק... אלא גם סתם רעיון טוב.",
203,1,0,1,1,99,34,4,0,Would you like to choose a different character type?,תרצו לבחור דמות בעלת אופי שונה?,
203,1,0,1,2,99,27,141,34,No,לא,
203,1,0,1,3,99,4,0,141,Yes,כן,
203,1,0,2,1,99,34,40,4,You still have points to allocate.,נותרו נקודות שלא נוצלו.,
203,1,0,2,2,99,0,4,0,Use More Points,נצלו נקודות נוספות,
203,1,0,2,3,99,0,54,29,Start the Game,התחילו את המשחק,
206,1,9,0,1,99,127,32,127,"To drop an item in the game, first click here, then click on the item.","כדי לשמוט חפץ במשחק, ראשית הקליקו כאן, ואז הקליקו על החפץ.",
206,2,9,0,1,99,127,32,0,This icon tells you about other icons.,הצלמית הזאת תחכים אתכם לגבי שאר הצלמיות.,
206,3,34,0,1,99,239,0,0,magic acorn,בלוט מכושף,
206,3,0,0,1,99,0,0,127,You have %d %ss.<CRLF>Each weighs %d.%d pounds.,"יש לך %d %s.
כל יחידה שוקלת %d.%d ליטראות.",
206,3,0,0,2,99,1,0,48,You have %d %s.<CRLF>It weighs %d.%d pounds.,"יש לך %d %s.
משקל כולל %d.%d ליטראות.",
206,3,0,0,3,99,48,83,62,You can't use your %s on your %s.,אינך יכול להשתמש ב%s על %s שלך.,
206,3,0,0,4,99,0,0,0,You don't really want to drop your last weapon.,אתה לא באמת רוצה להתערטל מכלי הנשק האחרון שלך.,
206,3,0,0,5,99,0,0,1,You don't really want to drop your %s.,אתה לא באמת רוצה לזרוק את %s שלך.,
206,3,0,0,6,99,127,32,127,It would not be a good idea to drop anything here.,לא יהיה זה רעיון חכם לזרוק הכול פה.,
206,3,0,0,7,99,255,255,255,You drop one of your %ss.,אתה משליך %s.,
206,3,0,0,8,99,112,77,0,You drop your %s.,אתה משליך את %s שלך.,
206,3,0,0,9,99,112,116,112,"You have %d gold piece%s and %d silver piece%s,<CRLF>weighing %d.%d pounds.","יש לך %d מטבע%s זהב
וגם %d מטבע%s כסף,
ששוקלים %d.%d ליטראות.",
206,3,0,0,10,99,97,99,114,"You have %d silver piece%s,<CRLF>weighing %d.%d pounds.","יש לך %d מטבע%s כסף,
משקל כולל %d.%d ליטראות.",
206,3,0,0,11,99,127,0,225,"You have %d gold piece%s,<CRLF>weighing %d.%d pounds.","יש לך %d מטבע%s זהב,
משקל כולל %d.%d ליטראות.",
206,3,0,0,12,99,114,105,101,A moth flies from your money pouch.  That is all.,עש מתעופף לו ברפרוף קל מתוך תרמיל המעות. זה הכול.,
206,3,0,0,13,99,115,47,115,No silver threads or golden needles...  your pouch is empty.,לא פתילי כסף או מחטי זהב... הארנק שלך ריק.,
206,3,0,0,14,99,99,109,0,Your money pouch is empty.,ארנקך ריק לחלוטין.,
206,3,0,0,15,99,127,32,48,You drop ten silvers.,אתה משליך עשרה מטבעות כסף.,
206,3,0,0,16,99,48,67,48,"You drop the rest of your silvers, all but one that you keep for luck.","אתה זורק את שארית מטבעות הכסף שלך, חוץ מאחד שאתה שומר בתור קמע.",
206,3,0,0,17,99,48,110,48,"You start to drop your gold, but think better of it.","אתה מתחיל להשליך את זהבך, אבל מתעשת מהר מאוד.",
206,3,0,0,18,99,48,108,48,You pick up ten silvers.,אתה מרים עשרה מטבעות כסף.,
206,3,0,0,19,99,127,32,127,You pick up the rest of your silvers.,אתה אוסף את שאר מטבעות הכסף.,
206,3,0,0,20,99,0,211,3,There is nothing to pick up.,אין מה להרים.,
206,3,0,0,21,99,0,0,7,You have dropped %d silver%s.,זרקת %d מטבע%s כסף.,
206,3,0,0,22,99,127,32,127,You have dropped your %s.,זרקת את %s שלך.,
206,3,0,0,23,99,114,111,0,You have dropped %d of your %ss.,הפלת %d מתוך %sים שלך.,
206,3,0,0,24,99,225,16,5,You pick up one of your %ss.,אתה מרים אחד מ%sים שלך.,
206,3,0,0,25,99,101,102,47,You pick up your %s.,אתה אוסף את %s שלך.,
206,3,42,0,1,99,108,97,110,candelabra,מנורת קנים,יחיד לא מיודע
,,,1,,,,,,,מנורות קנים,רבים לא מיודע
,,,2,,,,,,,מנורת הקנים,יחיד מיודע
,,,3,,,,,,,מנורות הקנים,רבים מיודע
206,3,44,0,1,99,109,0,48,pair of candlesticks,זוג פמוטים,יחיד לא מיודע
,,,1,,,,,,,זוגות פמוטים,רבים לא מיודע
,,,2,,,,,,,זוג הפמוטים,יחיד מיודע
,,,3,,,,,,,זוגות הפמוטים,רבים מיודע
206,3,46,0,1,99,127,32,127,cheetaur claw,טופר ברדלסילן,יחיד לא מיודע
,,,1,,,,,,,טופרי ברדלסילן,רבים לא מיודע
,,,2,,,,,,,טופר הברדלסילן,יחיד מיודע
,,,3,,,,,,,טופרי הברדלסילן,רבים מיודע
206,3,16,0,1,99,127,32,127,dagger,פגיון,יחיד לא מיודע
,,,1,,,,,,,פגיונות,רבים לא מיודע
,,,2,,,,,,,הפגיון,יחיד מיודע
,,,3,,,,,,,הפגיונות,רבים מיודע
206,3,25,0,1,99,127,32,127,dispel potion,שיקוי הפגה,יחיד לא מיודע
,,,1,,,,,,,שיקויי הפגה,רבים לא מיודע
,,,2,,,,,,,שיקוי ההפגה,יחיד מיודע
,,,3,,,,,,,שיקויי ההפגה,רבים מיודע
206,3,38,0,1,99,46,96,96,flask of fairy dust,בקבוקון אבק פיות,יחיד לא מיודע
,,,1,,,,,,,בקבוקוני אבק פיות,רבים לא מיודע
,,,2,,,,,,,בקבוקון אבק הפיות,יחיד מיודע
,,,3,,,,,,,בקבוקוני אבק הפיות,רבים מיודע
206,3,21,0,1,99,71,72,0,empty flask,בקבוקון ריק,יחיד לא מיודע
,,,1,,,,,,,בקבוקונים ריקים,רבים לא מיודע
,,,2,,,,,,,הבקבוקון הריק,יחיד מיודע
,,,3,,,,,,,הבקבוקונים הריקים,רבים מיודע
206,3,36,0,1,99,0,0,0,flower,פרח,יחיד לא מיודע
,,,1,,,,,,,פרחים,רבים לא מיודע
,,,2,,,,,,,הפרח,יחיד מיודע
,,,3,,,,,,,הפרחים,רבים מיודע
206,3,39,0,1,99,24,0,96,water-filled flask,בקבוקון מלא במים,יחיד לא מיודע
,,,1,,,,,,,בקבוקונים מלאים במים,רבים לא מיודע
,,,2,,,,,,,הבקבוקון המלא במים,יחיד מיודע
,,,3,,,,,,,הבקבוקונים המלאים במים,רבים מיודע
206,3,32,0,1,99,32,99,97,small apple,תפוח קטן,יחיד לא מיודע
,,,1,,,,,,,תפוחים קטנים,רבים לא מיודע
,,,2,,,,,,,התפוח הקטן,יחיד מיודע
,,,3,,,,,,,התפוחים הקטנים,רבים מיודע
206,3,29,0,1,99,103,101,115,undead unguent,משחת אלמוות,יחיד לא מיודע
,,,1,,,,,,,משחות אלמוות,רבים לא מיודע
,,,2,,,,,,,משחת האלמוות,יחיד מיודע
,,,3,,,,,,,משחות האלמוות,רבים מיודע
206,3,49,0,1,99,100,37,0,money pouch,כיס מעות,יחיד לא מיודע
,,,1,,,,,,,כיסי מעות,רבים לא מיודע
,,,2,,,,,,,כיס המעות,יחיד מיודע
,,,3,,,,,,,כיסי המעות,רבים מיודע
206,3,37,0,1,99,105,112,109,piece of green fur,פיסת פרווה ירוקה,יחיד לא מיודע
,,,1,,,,,,,פיסות פרווה ירוקה,רבים לא מיודע
,,,2,,,,,,,פיסת הפרווה הירוקה,יחיד מיודע
,,,3,,,,,,,פיסות הפרווה הירוקה,רבים מיודע
206,3,22,0,1,99,104,111,117,healing potion,שיקוי מרפא,יחיד לא מיודע
,,,1,,,,,,,שיקויי מרפא,רבים לא מיודע
,,,2,,,,,,,שיקוי המרפא,יחיד מיודע
,,,3,,,,,,,שיקויי המרפא,רבים מיודע
206,3,26,0,1,99,110,103,32,brass key,מפתח נחושת,יחיד לא מיודע
,,,1,,,,,,,מפתחות נחושת,רבים לא מיודע
,,,2,,,,,,,מפתח הנחושת,יחיד מיודע
,,,3,,,,,,,מפתחות הנחושת,רבים מיודע
206,3,14,0,1,99,101,10,98,leather jerkin,אפודת עור,יחיד לא מיודע
,,,1,,,,,,,אפודות עור,רבים לא מיודע
,,,2,,,,,,,אפודת העור,יחיד מיודע
,,,3,,,,,,,אפודות העור,רבים מיודע
206,3,17,0,1,99,46,32,96,lock pick,פורץ מנעולים,יחיד לא מיודע
,,,1,,,,,,,פורצי מנעולים,רבים לא מיודע
,,,2,,,,,,,פורץ המנעולים,יחיד מיודע
,,,3,,,,,,,פורצי המנעולים,רבים מיודע
206,3,27,0,1,99,73,71,72,glowing gem,יהלום זוהר,יחיד לא מיודע
,,,1,,,,,,,יהלומים זוהרים,רבים לא מיודע
,,,2,,,,,,,היהלום הזוהר,יחיד מיודע
,,,3,,,,,,,היהלומים הזוהרים,רבים מיודע
206,3,13,0,1,99,69,76,80,chainmail shirt,חולצת שריון שרשראות,יחיד לא מיודע
,,,1,,,,,,,חולצות שריון שרשראות,רבים לא מיודע
,,,2,,,,,,,חולצת שריון השרשראות,יחיד מיודע
,,,3,,,,,,,חולצות שריון השרשראות,רבים מיודע
206,3,23,0,1,99,78,93,54,mana potion,שיקוי מאנה,יחיד לא מיודע
,,,1,,,,,,,שיקויי מאנה,רבים לא מיודע
,,,2,,,,,,,שיקוי המאנה,יחיד מיודע
,,,3,,,,,,,שיקויי המאנה,רבים מיודע
206,3,31,0,1,99,0,0,0,mandrake root,שורש דודאים,יחיד לא מיודע
,,,1,,,,,,,שורשי דודאים,רבים לא מיודע
,,,2,,,,,,,שורש הדודאים,יחיד מיודע
,,,3,,,,,,,שורשי הדודאים,רבים מיודע
206,3,30,0,1,99,0,17,105,hand mirror,מראת יד,יחיד לא מיודע
,,,1,,,,,,,מראות יד,רבים לא מיודע
,,,2,,,,,,,מראת היד,יחיד מיודע
,,,3,,,,,,,מראות היד,רבים מיודע
206,3,40,0,1,99,106,0,0,mushroom,פטריה,יחיד לא מיודע
,,,1,,,,,,,פטריות,רבים לא מיודע
,,,2,,,,,,,הפטריה,יחיד מיודע
,,,3,,,,,,,הפטריות,רבים מיודע
206,3,43,0,1,99,104,111,119,music box,תיבת נגינה,יחיד לא מיודע
,,,1,,,,,,,תיבות נגינה,רבים לא מיודע
,,,2,,,,,,,תיבת הנגינה,יחיד מיודע
,,,3,,,,,,,תיבות הנגינה,רבים מיודע
206,3,75,0,1,99,101,105,103,page turner,ספר מתח,יחיד לא מיודע
,,,1,,,,,,,ספרי מתח,רבים לא מיודע
,,,2,,,,,,,ספר המתח,יחיד מיודע
,,,3,,,,,,,ספרי המתח,רבים מיודע
206,3,53,0,1,99,114,101,32,paper piece,פיסת נייר,יחיד לא מיודע
,,,1,,,,,,,פיסות נייר,רבים לא מיודע
,,,2,,,,,,,פיסת הנייר,יחיד מיודע
,,,3,,,,,,,פיסות הנייר,רבים מיודע
206,3,45,0,1,99,103,46,96,A string of pearls,מחרוזת פנינים,יחיד לא מיודע
,,,1,,,,,,,מחרוזות פנינים,רבים לא מיודע
,,,2,,,,,,,מחרוזת הפנינים,יחיד מיודע
,,,3,,,,,,,מחרוזות הפנינים,רבים מיודע
206,3,11,0,1,99,115,116,32,food ration,מנת מזון,יחיד לא מיודע
206,3,11,1,1,99,,,,,מנות מזון,רבים לא מיודע
206,3,11,2,1,99,,,,,מנת המזון,יחיד מיודע
206,3,11,3,1,99,,,,,מנות המזון,רבים מיודע
206,3,28,0,1,99,101,114,101,gold ring,טבעת זהב,יחיד לא מיודע
,,,1,,,,,,,טבעות זהב,רבים לא מיודע
,,,2,,,,,,,טבעת הזהב,יחיד מיודע
,,,3,,,,,,,טבעות הזהב,רבים מיודע
206,3,20,0,1,99,99,108,105,small rock,אבן קטנה,יחיד לא מיודע
,,,1,,,,,,,אבנים קטנות,רבים לא מיודע
,,,2,,,,,,,האבן הקטנה,יחיד מיודע
,,,3,,,,,,,האבנים הקטנות,רבים מיודע
206,3,35,0,1,99,104,101,32,spirea seed,זרע ספיראה,יחיד לא מיודע
,,,1,,,,,,,זרעי ספיראה,רבים לא מיודע
,,,2,,,,,,,זרע הספיראה,יחיד מיודע
,,,3,,,,,,,זרעי הספיראה,רבים מיודע
206,3,15,0,1,99,10,10,37,shield,מגן,יחיד לא מיודע
,,,1,,,,,,,מגנים,רבים לא מיודע
,,,2,,,,,,,המגן,יחיד מיודע
,,,3,,,,,,,המגנים,רבים מיודע
206,3,10,0,1,99,95,73,32,money pouch,כיס מעות,יחיד לא מיודע
,,,1,,,,,,,כיסי מעות,רבים לא מיודע
,,,2,,,,,,,כיס המעות,יחיד מיודע
,,,3,,,,,,,כיסי המעות,רבים מיודע
206,3,24,0,1,99,43,43,49,vigor potion,שיקוי מרץ,יחיד לא מיודע
,,,1,,,,,,,שיקויי מרץ,רבים לא מיודע
,,,2,,,,,,,שיקוי המרץ,יחיד מיודע
,,,3,,,,,,,שיקויי המרץ,רבים מיודע
206,3,12,0,1,99,65,84,79,broadsword,חרב אבירים,יחיד לא מיודע
,,,1,,,,,,,חרבות אבירים,רבים לא מיודע
,,,2,,,,,,,חרב האבירים,יחיד מיודע
,,,3,,,,,,,חרבות האבירים,רבים מיודע
206,3,18,0,1,99,115,101,108,thief's tool kit,ערכת גנבים,יחיד לא מיודע
,,,1,,,,,,,ערכות גנבים,רבים לא מיודע
,,,2,,,,,,,ערכת הגנבים,יחיד מיודע
,,,3,,,,,,,ערכות הגנבים,רבים מיודע
206,3,19,0,1,99,105,116,101,thieves' guild license,רישיון אגודת גנבים,יחיד לא מיודע
,,,1,,,,,,,רישיונות אגודת גנבים,רבים לא מיודע
,,,2,,,,,,,רישיון אגודת הגנבים,יחיד מיודע
,,,3,,,,,,,רישיונות אגודת הגנבים,רבים מיודע
206,3,47,0,1,99,0,0,0,troll beard piece,פיסת זקן טרול,יחיד לא מיודע
,,,1,,,,,,,פיסות זקן טרול,רבים לא מיודע
,,,2,,,,,,,פיסת זקן הטרול,יחיד מיודע
,,,3,,,,,,,פיסות זקן הטרול,רבים מיודע
206,3,41,0,1,99,97,109,101,fine porcelain vase,כד חרסינה,יחיד לא מיודע
,,,1,,,,,,,כדי חרסינה,רבים לא מיודע
,,,2,,,,,,,כד החרסינה,יחיד מיודע
,,,3,,,,,,,כדי החרסינה,רבים מיודע
206,3,33,0,1,99,32,99,108,vegetable,ירק,יחיד לא מיודע
,,,1,,,,,,,ירקות,רבים לא מיודע
,,,2,,,,,,,הירק,יחיד מיודע
,,,3,,,,,,,הירקות,רבים מיודע
206,4,9,0,1,99,101,44,32,"To look more closely at an object, first click here, then click on the item.","כדי לבחון חפץ מקרוב, יש ללחוץ כאן, ולאחר מכן להקיש על החפץ.",
206,5,9,0,1,99,105,99,107,Click here to close this window and return to the game.,לחץ כאן לסגירת החלון וחזרה למשחק.,
206,6,9,0,1,99,10,105,116,Click here to see the rest of your stuff.,הקש כאן לצפייה בשאר חפציך.,
206,7,9,0,1,99,10,37,37,"To pick up an item that you have dropped recently, first click here, then click on the item.","כדי להרים חפץ שהשלכת לאחרונה, יש להקיש כאן, ולאחר מכן על החפץ.",
206,8,9,0,1,99,73,32,43,"To select an item to use in the game, first click here, then click on the item. ","כדי להשתמש בחפץ במשחק, הקלק תחילה כאן, ואז הקש על החפץ.",
206,9,0,0,1,99,82,82,0,"You are now carrying %d pounds of equipment, supplies, and whatever else you've picked up along the way.","אתה כרגע נושא %d ליטראות של ציוד, אספקה, וכל שאר החפצים שאגרת לאורך הדרך.",
206,9,0,0,2,99,0,0,0,You can carry up to %d pound%s of equipment without getting a severe backache.,אתה יכול לשאת עליך ציוד במשקל של עד %d ליטראות מבלי לחטוף כאבי גב חמורים.,
206,9,9,0,1,99,0,0,97,Select this icon to find out how much weight you're carrying.,בחר בצלמית זו כדי לגלות כמה משקל אתה סוחב.,
21,1,1,0,1,99,0,4,0,That's one mean Ogress!,,
21,1,30,0,1,99,48,49,46,You furtively grasp the Magic Mirror.,אתה אוחז בסתר במראה הקסומה.,
21,1,57,0,1,99,4,0,186,There's no time for idle chatter.,אין פנאי לשיחות חולין.,
21,2,1,0,1,99,10,151,56,"There is a bat, all folded up within his wings, hanging on the wall. ","עטלף, מכונס כולו תחת כנפיו, תלוי על הקיר.",
21,2,4,0,1,99,0,180,39,You'd better not -- it's not your turn at bat.,עדיף שלא - העטלף עלול להתעלף.,"משחק מילים? - כן, במקור היה ""עוד לא תורך במחבט (עטלף)"" רפרנס לבייסבול"
21,2,57,0,1,99,110,32,97,"The bat must be using a digitized encoding program, as you don't seem to understand the high-pitched squeaks.  ","העטלף כנראה משתמש בתוכנת קידוד דיגיטלית, שכן אינך מבין מילה מחריקותיו הצורמניות.",
21,3,1,0,1,99,110,116,32,It's a broken gate -- every well-furnished apartment should have one.,שער שבור -- ריהוט חובה בכל בית שמכבד את עצמו.,
21,4,1,0,1,99,115,32,117,"The tag says ""Manufactured by Broom Motors, Ltd.""  This must be one of those new sports brooms.","על התווית כתוב ""תוצרת מנועי בראשי בע""מ"". זה בטח אחד מאותם מטאטאי הספורט החדשים.",בראשי מלשון מברשת - לא נראה לי שמישהו יבין...
21,5,1,0,1,99,109,97,105,"Whatever's in this bucket, it really stinks.","מה שלא יהיה בדלי הזה, הוא מסריח.",
21,5,1,0,2,99,104,101,32,You're positive that Baba Yaga could make a fortune if she sold it on the open market.,מה שבטוח באבא יאגה היתה עושה מליונים לו היתה מוכרת את זה בשוק החופשי.,
21,6,1,0,1,99,184,1,0,The fire burns hot under the kettle.,האש בוערת בעוז תחת הקומקום.,
21,6,1,0,2,99,39,252,139,There's a lot of SOMETHING cooking away in the huge black cauldron.,משהו רציני מתבשל שם בקדרה השחורה הענקית.,
21,6,1,0,3,99,39,4,0,"The smell is awful, the color is sickening, and you don't even want to know what's being prepared for dinner.","הריח נוראי, הצבע מחליא, ואתה אפילו לא רוצה לדעת מה מכינים לארוחת ערב.",
21,7,1,0,1,99,0,176,39,The stone hearth and chimney radiates too much heat.,קמין האבן והארובה מקרינים גלים של חום.,
21,8,1,1,1,99,1,4,252,"Okay, Okay, so you think there should be a window here?","בסדר, בסדר, אז אתה חושב שאמור להיות כאן חלון?",
21,8,1,2,1,99,2,4,73,The glass seems to distort the view of the outside world... but which world is it?,דומה שהזכוכית מעוותת את הנוף הנשקף מהעולם החיצון... אבל איזה עולם זה?,
21,8,1,3,1,99,3,4,195,Window?  What window?,חלון? מה חלון?,
21,9,1,0,1,99,4,4,93,"If you didn't know better, you would swear the mural on the wall looks just like an underground cave.  ",אם לא היית יודע יותר היית נשבע שהציור על הקיר משרה תחושה של מערה תת-קרקעית.,
21,10,1,0,1,99,5,4,250,"Upon reading the note, you realize it is a recipe for ""Frog Legs Fricassee"". ","לאחר שקראת את ההודעה, אתה מעכל שזה מתכון ל""נזיד רגלי צפרדע"".",
21,11,0,0,1,26,1,99,20,"""Look pets...we have a visitor!""","""תראו חיות... יש לנו אורח!""",
21,11,0,0,2,26,1,4,107,"""Powers of Night,<CRLF>Shadows of Day --<CRLF>Heed now my Words!<CRLF>Henceforth you STAY!""  ","""כוחות האופל,
צללי היום --
הקשיבו לקולי!
היי אתה, אל תזוז!""",
21,11,0,0,3,26,1,4,116,"""Well Dearies!  What shall we have for supper today?""","""ובכן יקיריי! מה מצפה לנו לארוחת הערב?""",יקיריי ברבים
21,11,0,0,4,26,1,4,123,"""Hero sandwiches?
I had something more formal in mind.""","""כריכי גיבורים?
חשבתי על משהו יותר רשמי.""",
21,11,0,0,5,26,1,4,132,"""Now how does that spell go.....?""","""עכשיו איך הולך הלחש הזה...?""",
21,11,0,0,6,26,1,4,140,"""Hear me, oh Powers<CRLF>Of Klatha and Mana!<CRLF>Turn now my guest<CRLF>Into species called Rana!""  ","קולי שמעו נא, הו כוחות
אשר לקלת'ה ומאנה!
שנו נא את צורתו של אורחי
לזן אשר שמו הוא ראנה!",
21,11,0,0,7,26,1,4,147,"""I learned that spell from Erasmus, kids. Doesn't it look delicious?""","""למדתי לחש זה מארסמוס, ילדי. האין זה נשמע מעדן?""",
21,11,0,0,8,26,1,4,154,"""BE STILL!""","""לא לזוז!""",
21,11,0,0,9,26,1,4,160,"""Critics!  We can't all be gourmands, I suppose.""","""כל אחד נהיה לי פה מבקר מסעדות! יש גבול לרעבתנות"".","הצעה נוספת: ""מבקרים! לא כולנו טבחי גורמה אני מניחה"""
21,11,0,0,10,26,1,4,169,"""So you're the one who's trying to be a hero around here.  The only good hero's a dead hero, I always say!""","""אז אתה הוא זה שמסתובב באזור ומציע שירותי גבורה לכל דורש. גיבור טוב הוא גיבור מת, כך אני נוהגת לומר!""",
21,11,0,0,11,26,1,4,178,"""But I do have a need for a brave fool.  Are you brave?""",אבל בהחלט יש לי צורך באמיץ שוטה. האם אתה אמיץ?,
21,11,0,0,12,99,1,4,183,Yes,כן,
21,11,0,0,13,99,1,4,191,No,לא,
21,11,0,0,14,99,1,4,199,"You make little froggy sounds, trying your best to indicate your agreement. ","אתה משמיע קול צפרדעי דק, מנסה ככל יכולתך לאותת על הסכמתך.",
21,11,0,0,15,26,1,4,207,"""Wellll...""","""ובכןןןן...""",
21,11,0,0,16,26,1,4,213,"""If you're willing to do a small little teensy favor for me, I might reconsider having you for supper.""","""אם תואיל בטובך לעשות בשבילי טובונות פצפצונת קטנטונת, אשקול מחדש אם לזלול אותך לארוחת הערב.""",
21,11,0,0,17,26,1,4,220,"""I need the root of a mandrake plant
that grows in the graveyard.  Will you be
a sweet and fetch me some?""","""אני זקוקה לשורש צמח הדודאים הגדל בבתי קברות. תהיה חמוד ותביא לי קצת?""",
21,11,0,0,18,99,1,4,227,"""Anything but Frog Legs Fricassee!"", you think. You croak your agreement to the task.","""הכול חוץ מנזיד רגלי צפרדע!"", אתה חושב. אתה מקרקר את הסכמתך לצאת למשימה.",
21,11,0,0,19,26,2,4,112,"""And I had my mouth watering for frog.  Oh well!""","""ופי כבר נמלא ריר מהמחשבה על הצפרדע. אללי לי!""",
21,11,0,0,20,26,3,4,18,"""Hear what I say,<CRLF>And hear me right:<CRLF>Mandrake must be pulled<CRLF>At precisely Midnight!""  ","""שמע נא לדברי
והקשב באוזנים כרויות:
את הדודאים יש לשרש
בדיוק בחצות!",
21,11,0,0,21,26,1,4,127,"""This I tell you<CRLF>And this I say:<CRLF>Return with the root<CRLF>'Ere the break of next day.""  ","""את פי אפתח
ובמילים אפצח:
חזור למחר עם הקלח
טרם קרן שמש תזרח.""",
21,11,0,0,22,26,1,4,235,"""Hear what I say<CRLF>And know I don't lie:<CRLF>Bring back the root<CRLF>Or else you will die!!""  ","""שמע נא לדברי
כי מפי לא תצא מילה מגונה:
החזר את השורש
פן תמות במיתה משונה!!""",
21,11,0,0,23,26,1,4,99,"""You, Shoo!""","""אתה, קישטה!""",
21,11,0,0,24,26,1,4,239,"""Well, you won't be so tough after you've simmered in a little wine sauce.""","""טוב, נראה אותך גיבור אחרי שתבעבע ברוטב יין לבן.""",
21,11,0,0,25,26,2,4,90,"""Bon appetit, Dearies!""","""בתיאבון, יקרים!""",
21,11,0,0,26,26,1,4,176,"""It's just as well.  I'd lose my dinner if you were brave.""","""הכול לטובה. הייתי מפסידה ארוחת ערב טובה אם הייתי אמיץ.""",
21,11,0,0,27,26,1,4,26,"""Nothin' says lovin' like frog legs in the oven.""","""אין כמו רגלי צפרדע בתנור.""",
21,11,0,0,28,26,1,4,159,"""No mandrake for me, eh?  What a waste of spells you turned out to be.""","""אין דודאים בשבילי, אה? אתה פשוט בזבוז של קסמים אחד גדול.""",
21,11,0,0,29,26,1,4,40,"""Actually, since it's my breakfast time, we'll have some amphibian omelette with bacon and legs.""","""למעשה, בגלל שהגיעה שעת ארוחת הבוקר, נכין לנו חביתת דו-חיים טובה עם רגליים ובייקון.""",
21,11,0,0,30,26,1,4,150,"""You again?""","""שוב אתה?""",
21,11,0,0,31,26,1,4,34,"""Hello, Hero.""","""שלום, גיבור.""",
21,11,0,0,32,26,1,4,221,"""Powers that rule<CRLF>Over regions soggy:<CRLF>Change this creature<CRLF>Back into a froggy!""  ","""כוחות ששולטים,
על אדמה ורקבון,
שנו את היצור,
חזרה לצפרדעון!""",
21,11,0,0,33,26,1,4,0,"""Ooooh...yummy!  I'm glad you returned.""","""הוווו... טעים! אני שמחה שחזרת.""",
21,11,0,0,34,99,2,4,91,"""What have you DONE to me?
How DARE you use my own spell against me?
I'll, I'll....Oh oh!""","""מה עוללת לי?
הכיצד העזת להשתמש בקסמי כנגדי?
אני, אני... הו, הו!""",
21,11,0,0,35,99,3,4,196,"""Hear me, Oh Element of Air and Wind.
Give me the power to save my own skin.""","""הקשיבו לי יסודות אוויר ורוח,
תנו לי זו הפעם את הכוח לברוח!""",
21,11,0,0,36,26,1,4,79,"""Back so soon?""","""חזרת כל כך מהר?""",
21,11,0,4,1,26,1,4,205,"""Ah!  Here it is.""","""אה! הנה הוא.""",
21,11,0,5,1,26,1,4,43,"""Spirits of Mist<CRLF>And Creatures of Bog:<CRLF>Transform my guest<CRLF>To the shape of a Frog.""  ","""רוחות של ערפל
ויצורים מארץ ברדע,
שנו את צורת אורחי
לצורתה של צפרדע.""",
21,11,0,5,2,26,1,4,148,"""Yum, Yum.  Froggie Frappe!""","""ללקק את השפתיים. מקפא צפרדע!""",
21,11,0,5,3,26,2,4,217,"""Did you bring me my mandrake like you promised?""","""האם הבאת לי את דודאי כפי שהבטחת?""",
21,11,0,5,4,26,3,99,36,"""Well?  Where is it?""","""נו? איפה זה?""",
21,11,0,5,5,26,4,4,80,"""What's the matter?  Got a frog in your throat?""","""מה קורה? נתקעה לך צפרדע בגרון?""",
21,11,0,5,6,26,5,4,153,"""I suppose I'll have to turn you back into whatever it is that you were.  Pity!  You're much more appetizing this way.""","""אני מניחה שאצטרך לשנות אותך בחזרה למה שלא היית בהתחלה. חבל! אתה הרבה יותר מגרה עכשיו.""",
21,11,0,5,7,26,6,99,245,"""Creatures of Bog<CRLF>And Spirits of Fog:<CRLF>Return the true form<CRLF>To this rather dumb Frog.""  ","""יצורים מארץ ברדע,
ורוחות של ערפל,
החזירו את הצפרדע,
להיות הגיבור הטמבל.""",
21,11,0,5,8,26,7,4,48,"""Now, did you put it in your backpack?""","""עכשיו, האם שמת את זה באמתחתך?""",
21,11,0,6,1,99,1,99,145,"You try your best to croak out your name, or at least let the witch know that you do indeed have one.","אתה מנסה כמיטב יכולתך לקרקר את שמך, או לפחות להביא לידיעתה של המכשפה שאכן יש לך כזה אחד.",
21,11,0,6,2,99,1,99,227,"As you make a feeble croaking sound, you try to nod your head.","בעודך משמיע קול קרקור רפה, אתה מנסה להנהן בראשך.",
21,11,0,7,1,26,2,99,16,"""Ah...that's it!
Frog Legs Fricassee.""","""אה... זהו זה!
נזיד רגלי צפרדע.""",
21,11,0,8,1,99,1,99,63,"Once again you're a frog, and once again you can't move.  You find it very exasperating!","ושוב אתה צפרדע, ושוב אינך מסוגל לזוז. אתה מוצא את זה מאוד מתסכל!",
21,11,0,9,1,99,1,99,117,Your body is frozen by the power of the witch's spell.,גופך קפוא תחת עוצמתו האדירה של קסם המכשפה.,
21,11,0,10,1,99,1,99,181,The witch is hopping mad.,המכשפה מקפצת בזעם.,
21,11,0,11,1,26,1,99,235,"""Lovies, it's about time we dine.""","""אהובים שלי, הגיע זמן הסעודה"".",
21,11,0,12,9,26,1,99,138,"""Kids!  We have it!""","""ילדודס! כבר מסיימים!""",
21,11,0,12,10,26,1,99,187,"""That's it!  The final ingredient.  Now we can make our greatest creation...""","""זהו זה! המרכיב האחרון. עכשיו נפתח ביצירה הגדולה מכולם...""",
21,11,0,12,11,26,1,99,248,"""MANDRAKE MOUSSE!""","""מוס דודאים!""",
21,11,0,12,12,26,1,99,47,"""What's that, children?  You think we should reward our lackey here?""","""מה זה, ילדים? אתם חושבים שמגיע למשרת שלנו פרס?""",
21,11,0,12,13,26,1,99,197,"""Very well, ex-frog.  I'll let you live this time.  Next time, though, it's frog legs for sure!""","""טוב מאוד, צפרדע לשעבר. אתן לך לחיות הפעם. אולם בפעם הבאה, אני כבר מזמינה רגלי צפרדע!""",
21,11,0,12,14,26,1,99,245,"""So...Go!""","""אז... החוצה!""",
21,11,0,13,1,26,1,99,252,"""Stubborn, aren't you?""","""לא מוותר, אה?""",
21,11,0,14,1,26,1,99,51,"Now, Oh-Soon-To-Be-Supper...
I don't suppose you have a name?""","עכשיו, הו-ארוחת-ערב-ממשמשת...
אני מניחה שלא קראו לך שם בברית?",
21,11,0,15,1,26,1,99,101,"""Well, if you won't be a sweet, then you'll be my meat!""","""אם לא תתנהג יפה, תהפוך לארוחת בופה!""",
21,11,0,16,1,26,1,99,182,"""This I vow:
Stay there now!""","""ואדור נדר לאמור:
עמוד במקומך חמור!""",
21,11,1,17,1,99,1,99,254,Who would have guessed that little chicken hut would have this much room in it.,מי היה מאמין שבתוך תרנגולת קטנה יש כל כך הרבה מקום.,
21,11,1,17,2,99,1,99,52,You make a note to yourself to get the name of Baba Yaga's interior decorator.,אתה רושם לעצמך להשיג את המספר של מעצב הפנים של באבא יאגה.,
21,11,1,17,3,99,1,99,122,"The floor is tidy, with a pile of straw off the screen in one corner. ","הרצפה מסודרת, עם ערימת תבן באחת הפינות מחוץ למסך.",
21,11,1,17,4,99,2,99,186,"A quick look around shows that this is a creepy place, despite the pot (cauldron?) simmering briskly on the fire.  Look at the size of that spider!","מבט מהיר מסביב מבהיר שזהו מקום מצמרר, בניגוד גמור לסיר -- או שמא זו קדרה? -- שמבעבע נמרצות על גבי האש החמימה. תראה איזה גודל העכביש הזה!",
21,12,1,0,1,99,1,99,228,The grisly remains of some man-like animal.,שרידיה המבעיתים של חיה דמויית אדם.,
21,12,1,0,2,99,1,99,139,Owning this skull helps Baba Yaga keep a head of the game.,בעלות על גולגולת מאפשרת לבאבא יאגה להיות תמיד צעד אחד לפני כולם.,
21,13,1,0,1,99,1,99,222,Is that a SMILE on that spider's face?,"מה זה שם מרוח על פרצוף העכביש, חיוך?",
21,13,4,0,1,99,1,99,38,"You can almost read the spider's thoughts:  ""Yes!  Yes!  Get your hand over here so I can eat!"" ","אתה כמעט יכול לקרוא את מחשבות העכביש: ""כן! כן! דחוף את היד שלך לכאן שיהיה לי מה לאכול!""",
21,13,57,0,1,99,1,99,77,Step into my parlor!,צעד אל המבואה!,
21,14,1,0,1,99,1,99,96,The kitchen knives on the table look old but sharp.  You can't quite make out what is in the bottles.,על השולחן מונחים כמה סכיני מטבח ישנים וחדים. אתה לא מצליח להבין עד הסוף מה יש בתוך הבקבוקים.,
21,15,1,0,1,99,1,99,117,Isn't that a telephone wire insulator?,האין זה מבדד חוטי טלפון?,תרגמתי
21,16,1,0,1,99,1,99,174,"You HATE houses with cobwebs in the corners, especially when there's an immense spider squatting cheerily in the middle of the cobweb.","אתה שונא בתים עם קורי עכביש בפינות, במיוחד כשעכביש עצום (ורעב) רובץ לו בעליצות במרכז הרשת.",
210,1,0,1,1,99,67,32,32,"As the sun begins to rise, the Troll runs off to some dark hole.","כשהשחר מתחיל לעלות, הטרול נס בבהלה לחור חשוך ואפל.",
210,1,0,2,3,99,0,0,0,You could not escape.  The battle is on.,לא הצלחת לברוח. זמן להילחם.,
210,1,0,3,2,99,1,0,84,A monster just wandered by.  You hid in the bushes until it passed.,מפלצת כרגע עברה פה. אתה התחבאת בשיחים עד שהיא עברה.,
210,1,0,4,4,99,106,166,166,Hostile intent is evident.  You prepare for battle.,"יש פה כוונה עויינת כלפיך, אתה מתכונן לקרב.",
210,1,58,0,1,99,0,94,107,"Although that spell is not useful here, you at least had a chance to practice it.","למרות שהלחש הזה אינו שימושי כאן, זכית בהזדמנות להתאמן בהטלתו.",
210,1,58,0,2,99,166,166,166,You don't see anything closed around here.,אתה לא רואה שום דבר סגור בסביבה.,
210,1,58,0,3,99,166,166,166,You sense no magic here.,אינך חש בקסם כאן.,
210,1,58,0,4,99,166,166,166,"Although that spell is not useful here, you at least had a chance to practice it.","למרות שהלחש הזה אינו שימושי כאן, זכית בהזדמנות להתאמן בהטלתו.",
210,1,58,0,5,99,0,47,59,Your weapon is now magically charged.,הנשק טעון בכוח קסם.,
210,1,58,0,6,99,58,20,32,You don't seem to have a weapon to charge.,דומה שאין לך נשק להטעין.,
210,1,58,0,7,99,0,44,0,Certainly you don't want to Fetch THAT!,אתה לא רוצה לתפוס את זה!,
210,1,58,0,8,99,0,44,0,"Good practice, but there's nothing worth Fetching here.","יופי של תרגול, אבל באמת שאין כאן שום דבר ששווה תפיסה.",
210,2,0,0,1,99,242,183,72,You search your opponent.,אתה עורך חיפוש על יריבך.,
210,2,0,5,1,99,0,20,0,The monster doesn't seem very calm.  Maybe it didn't like you hurting it.,המפלצת לא נראית רגועה במיוחד. אולי היא לא אוהבת שמכאיבים לה.,
210,2,0,6,2,99,0,163,191,You remove as much of the Troll's beard as you can and put it away in your pack.,אתה תולש חלק נכבד מזקן הטרול ומניחו בילקוטך.,
210,2,0,7,3,99,106,90,0,"Some of the Cheetaur's claws have been broken off or damaged, apparently in battle.  You remove the remaining claws and put them away in your pack.","כמה מטפרי הברדלסילן נשברו או ניזוקו, ככל הנראה במהלך לחימה. אתה עוקר את הטפרים שנותרו ומניחם בתרמילך.",
210,2,0,8,1,99,106,228,12,You retrieve your daggers.,אתה אוסף מחדש את פגיונותיך.,
210,2,0,9,1,99,98,160,107,"Unfortunately, the Mantray appears not to have been affected by your spell.","לרוע המזל, המנטריי אינו מושפע כלל מקסמיך.",
210,2,0,10,1,99,106,77,0,"You find %d silver coins, and carefully place them in your pouch.","אתה מוצא %d מטבעות כסף, ומשלשלם בזהירות לארנקך.",
210,2,0,11,1,99,105,99,111,"Unfortunately, the Mantray appears not to have been affected by your spell.","לרוע המזל, המנטריי אינו מושפע כלל מקסמיך.",
210,2,0,12,1,99,0,0,1,"You find a single silver coin, carefully polish it, and place it in your pouch.  What a way to make a living!","אתה מוצא מטבע כסף אחת ויחידה, מצחצח אותה למשעי, ומשלשלה לארנקך. קשה פרנסתו של אדם כקריעת ים סוף!",
210,2,0,13,1,99,0,0,0,What a waste!  No treasure!,איזה בזבוז! אין אוצרות!,
210,2,60,14,1,99,0,0,0,"Some of the Cheetaur's claws have been broken off or damaged, apparently in battle.  You remove the remaining claws and put them away in your pack. ","כמה מטפרי הברדלסילן נשברו או ניזוקו, ככל הנראה במהלך לחימה. אתה עוקר את הטפרים שנותרו ומניחם בתרמילך.",
210,2,60,15,1,99,58,92,103,"You thought that the Troll concealed some of its treasure in that thick beard, but you didn't find any there.","עלה בדעתך שהטרול אולי הסתיר כמה מאוצרותיו בזקנו הסבוך, אבל לא מצאת שם דבר.",
210,3,1,16,1,99,49,92,109,"Uh oh, this looks like one of the brigands that have been terrorizing the Valley.  Better hope his friends aren't around.","הו הו, הוא נראה כמו אחד מחבורת השודדים המשליטה אימה על העמק. בוא נקווה שחבריו אינם בסביבה.",
210,3,1,17,1,99,117,110,116,"It's a Cheetaur, a Cheetah Centaur, one of the deadliest creatures in the land.  Hope you've saved your game recently.","זהו ברדלסילן, ברדלס וקנטאור, אחד מהיצורים הקטלניים ביותר בממלכה. מקווים שאתה מקפיד לשמור את המשחק לעיתים תכופות.",
210,3,1,18,1,99,105,116,0,"Oh, no!  It's a fierce (and hungry) looking Saurus Rex (smarter than your average Saurus).","הוי, לא! זה זארוס רקס (קצת יותר חכם מזארוס ממוצע) פראי (ורעב) למראה.",
210,3,1,19,1,99,0,0,0,It's an ugly little Goblin.,גובלין קטן ומכוער.,
210,3,1,20,1,99,114,115,116,"It's dead, of course.","הוא מת, לכל הדעות.",
210,3,1,20,2,99,104,101,114,"It doesn't smell very good, either.",הוא גם לא מריח טוב.,
210,3,1,21,1,99,105,252,106,"It's a Mantray, a former sea creature that took flight many generations ago and moved to the mountains.  Don't get stung!","זהו מנטריי, יצור ימי לשעבר שהצמיח כנפיים לפני דורות רבים ועבר לגור בהרים. תיזהר שלא תיעקץ!",
210,3,1,22,1,99,166,166,166,"It's an Ogre, big, mean, and ugly. Ogres are said to eat human flesh.","זה עוג, גדול, מרושע, ומכוער. מספרים כי עוגים ניזונים מבשר אדם.",
210,3,1,23,1,99,83,72,95,It's a Program Bug!,זה באג בתוכנה!,
210,3,1,24,1,99,166,166,166,"Don't worry, it's just a little purple Saurus.  Watch out for those teeth though.","אל דאגה, זה בסך הכול זארוס סגלגל קטן. רק תיזהר מהשיניים.",
210,3,1,15,1,99,166,166,166,"It's a Troll, hard as stone.","זהו טרול, קשה כאבן.",
210,3,48,0,1,99,0,211,0,You can't help but smell it.,אי אפשר שלא להריח אותו.,
215,1,0,1,1,99,34,4,0,You don't know that spell.,אינך מכיר את הלחש הזה.,
215,1,0,2,1,99,28,1,0,You cannot escape this encounter.,לא תוכל להימלט מהמפגש הזה.,
215,1,0,3,1,99,4,0,102,You cannot make the arcane gestures to cast spells while carrying your shield.,אינך מסוגל לבצע את מחוות הידיים הנדרשות להטלת קסמים בעודך נושא מגן.,
22,1,4,1,1,99,108,105,103,"You have to get there, first.",קודם תצטרך להגיע לשם.,
22,1,4,2,1,99,114,101,32,"You have second thoughts, and you decide not to attempt such a potentially dangerous excursion.","אתה מתלבט לרגע, ואז מחליט לא לצאת לטיול כל כך מסוכן.",
22,1,4,3,1,99,121,32,116,What's to climb?,על מה לטפס?,
22,1,1,0,1,99,32,111,116,Those are the biggest chicken legs you've ever seen.,אלה רגלי התרנגולת הענקיות ביותר שראית מימיך.,
22,2,4,0,1,99,108,108,115,The green slime dripping off of the fence top makes you realize that climbing is not a good idea.,הריר הירוק שנוטף מראש הגדר גורם לך להבין שטיפוס יהיה רעיון לא מוצלח במיוחד.,
22,2,1,4,1,99,104,117,116,The sharp ends of the fence are covered with some nasty-looking green slime.,קצוות הגדר החדות מכוסות בריר ירוק זדוני למראה.,
22,2,1,4,2,99,99,107,101,This stuff reminds you of the slime eating the barstool away at the tavern.,החומר הזה מזכיר לך את הרפש שמכרסם בשרפרפי הפונדק.,
22,2,1,5,1,99,105,115,32,"""Of course, most fences aren't poisoned on top!""","כמובן, רוב הגדרות לא מורעלות בראשן!","נראה לי שגדרות זה נקבה, שיניתי בהתאם"
22,2,1,6,1,99,99,116,45,"""You've seen one, you've seen them all, I say.""","ראית אחד, ראית את כולם, לדעתי.",
22,3,5,7,1,29,109,97,103,"""Baba Yaga is the most powerful Ogress around.  If you have any brains, you'll stay away from her.""","""באבא יאגה היא העוגית הכי חזקה באזור. אם יש לך טיפת שכל, תתרחק ממנה כמו מאש.""",
22,3,5,8,1,29,116,32,109,"""All the other skulls have glowing eyes.  But me?... noooo!  I don't need lovely glowing eyes!  Just open and close the gate, that's all I'm good for.""","""לכל שאר הגולגלות יש עיניים זוהרות. אבל לי?... לאאאא! לי אין צורך בעיניים זוהרות מלבבות! רק לפתוח ולסגור את השער, זה כל מה שאני שווה.""",
22,3,5,8,2,29,117,114,32,"""But if you can give me a glowing gem for my eyes, then I'll let you in the gate.""","""אבל אם בכל זאת תשיג לי יהלום זוהר לעיניי, אתן לך לעבור בשער.""",
22,3,5,9,1,29,110,103,46,"""All I ask is for a little gem or jewel that glows in the dark. You're the big hero, so go find one!""","""כל שאני מבקש זה יהלום או אבן חן קטנה שזוהרת בחשיכה. אתה הגיבור הגדול, אז לך תמצא לי אחד!""",
22,3,5,10,1,29,0,0,0,"""Baba Yaga's hut will squat down if you say the rhyme.""","""הבקתה של באבא יאגה תשתופף אם תקריא את החרוז.""",
22,3,5,11,1,29,0,0,0,"""You're some hero if you don't even know what an ogre is.""","""איזה מין גיבור אתה אם אתה אפילו לא יודע מה זה עוגית.""",
22,3,5,12,1,29,0,0,0,"""The hut will squat if you say, 'Hut of brown, Now sit down.'""","""הבקתה תתכופף אם תכריז, 'בקתה חומה, רדי לאדמה'.""",
22,3,5,13,1,29,0,0,0,"""Those bone brains are Baba Yaga's spies, so they get glowing eyes.""","""קודקודי העצם הללו הם בעצם מרגלים של באבא יאגה, ולכן הם מקבלים את העיניים הזוהרות.""",
22,3,4,14,1,99,0,0,0,Right!,נכון!,
22,3,4,15,1,99,0,0,0,"""I won't let you in until I get a gem so I can see!""","""אתה לא נכנס עד שאתה מביא לי יהלום שיאיר את עיניי!""",
22,3,37,0,1,29,0,0,0,"""I don't need the fur.  I think the 'bald look' gives me a certain distinction, don't you?""","""אני לא צריך את הפרווה. לדעתי ה'מראה הקירח' מקנה לי מעמד ייחודי, אתה לא חושב?""",
22,3,1,2,1,99,0,0,0,The gate's gone.,השער נעלם.,
22,3,1,14,1,99,0,0,0,The eyes of the large skull on the gate flash merrily away at you.,עיניה השקועות של גולגולת גדולה על השער מבזיקות בעליזות אל מולך.,
22,3,1,16,1,99,0,0,0,The large skull on the gate seems to stare vacantly at you.,דומה כי הגולגולת הגדולה על השער בוהה בך בעיניים ריקות.,
22,3,40,0,1,99,0,0,0,This place already looks like a nightmare.  Eating magic mushrooms would likely make it even worse.,המקום גם ככה נראה כמו חלום בלהות. אכילת פטריות קסומות רק תחמיר את המצב.,
22,3,57,14,1,29,0,0,0,"""Oh, the rhyme.  Yeah, you're right, that was part of the deal.  O.k., the rhyme is 'Hut of Brown, Now Sit Down'.""","""או, החרוז. כן, אתה צודק, זה היה חלק מהעסקה. אוקיי, החרוז הוא 'בקתה חומה, רדי עכשיו לאדמה'.""",
22,3,2,7,1,29,0,0,0,Baba Yaga,באבא יאגה,
22,3,2,8,1,29,0,0,0,Deal,עסקה,
22,3,2,9,1,29,0,0,0,Gem,יהלום,
22,3,2,10,1,29,0,0,0,Hut,בקתה,
22,3,2,11,1,29,0,0,0,Ogress,עוגית,
22,3,2,12,1,29,0,0,0,Rhyme,חרוז,
22,3,2,13,1,29,0,0,0,Skulls,גולגלות,
22,4,1,17,1,99,0,0,0,"The door is open, but hardly inviting.","הדלת פתוחה, אבל לא מזמינה.",
22,4,1,18,1,99,0,0,0,The door of the hut is ornately decorated.,דלת הבקתה מעוטרת בהידור רב.,
22,5,1,0,1,99,0,0,0,The hut is a strange little house perched on chicken legs.,הבקתה היא בית מוזר שעומד על כרעי תרנגולת.,
22,5,57,2,1,99,0,0,0,The hut does not respond while the gate is closed.,הבקתה לא מגיבה בזמן שהשער סגור.,
22,5,57,3,1,99,0,0,0,Nothing happens.,שום דבר לא קורה.,
22,5,57,19,1,99,0,0,0,"You hear a voice in your head asking, 'What is the rhyme?'","אתה שומע קול בראש שלך ששואל, 'מה זה חרוז'?",
22,6,0,0,3,99,0,0,0,"Looking around, you get the feeling that this is not a very friendly place to be.","מביט סביבך, אתה מקבל את התחושה שזה לא המקום הכי ידידותי עלי אדמות.",
22,6,0,0,4,99,0,0,0,You place the glowing gem inside the skull.,אתה ממקם את היהלום הזוהר בתוך הגולגולת.,
22,6,0,0,5,29,0,0,0,"""I can see!  I have eyes again!!""","""אני רואה! מאור עיניי שב אלי!!""",
22,6,0,0,6,29,0,0,0,"""Yeccchhh!  Is THAT what you look like???""","""איכסססססס!
אז ככה אתה נראה???""",
22,6,0,0,7,29,0,0,0,"""Oh well!  Have fun visiting Baba Yaga.  And good luck....you'll need it!""","""נו שיהיה! תעשה חיים אצל באבא יאגה. ובהצלחה... אתה תזדקק לה!""",
22,6,0,20,1,99,0,0,0,There goes Baba Yaga.  Now you've REALLY made her soar!,וזה הסוף של באבא יאגה. עכשיו באמת גרמת לה להמריא!,
22,6,0,21,1,29,0,0,0,"""So you made it back, did you?  She is expecting you.""","""אז חזרת בשלום, אה? היא מצפה לך.""",
22,6,0,22,1,99,0,0,0,"""What an awful creature, to turn me into a FROG!"", you say to yourself.  ""Someday, I must return the favor.""","איזה יצור נורא, להפוך אותי לצפרדע!, אתה אומר לעצמך. יום אחד, אשיב לה טובה.",
22,6,0,23,1,99,0,0,0,You tell a rhyme about:,אתה חורז חרוז על:,
22,6,0,23,2,99,0,0,0,Beauty,יופי,
22,6,0,23,3,99,0,0,0,The alien From Venus,החייזר שתום העין,
22,6,0,23,4,99,0,0,0,Hut of Brown,בקתה חומה,
22,6,0,23,5,99,0,0,0,You tell a rhyme about:,אתה חורז חרוז על:,
22,6,0,23,6,99,0,0,0,Beauty,יופי,
22,6,0,23,7,99,0,0,0,The alien From Venus,החייזר שתום העין,"החייזר מכוכב נגה, לא?"
22,6,0,23,8,99,0,0,0,"""Well, is it a deal or isn't it?""","ובכן, עשינו עסק או לא?",
22,6,0,23,9,99,0,0,0,I'm not sure,אני לא בטוח,
22,6,0,23,10,99,0,0,0,Yes,כן,
22,6,0,23,11,99,0,0,0,No,לא,
22,6,0,23,12,29,0,0,0,"""Did you bring me my glowing gem?""  ","""הבאת לי את היהלום הזוהר?""",
22,6,0,24,1,29,0,0,0,"""All I ask for is a little gem or jewel that glows in the dark. You're the big hero, so go find one.""","""כל שאני מבקש זה יהלום או אבן חן קטנה שזוהרת בחשיכה. אתה הגיבור הגדול, אז לך תמצא לי אחד!""",
22,6,0,25,1,29,0,0,0,"""Fine.  Be that way!""","""בסדר. שיהיה ככה!""",
22,6,0,26,1,29,0,0,0,"""No gem, no entry.  That's the deal.""","""אין יהלום, אין כניסה. זה מה שסיכמנו.""",
22,6,0,27,1,29,0,0,0,"""You again??  Do you really want to go back in there?""","""עוד פעם אתה?? אתה באמת רוצה לחזור לשם?""",
22,6,0,28,1,29,0,0,0,"""I hope you can remember the rhyme.""","""אני מקווה שאתה זוכר את החרוז!""",
22,6,0,29,1,99,0,0,0,"As you contemplate the occurrences of the last few minutes, you conclude that you'd better find her mandrake root...and fast!","כשאתה מהרהר במאורעות הדקות האחרונות, אתה מגיע למסקנה שכדאי מאוד שתמצא שורש דודאים לבאבה יאגה... ויפה שעה אחת קודם!",
22,6,0,30,1,29,0,0,0,"""So you're back!  Changed your mind about making a little deal, hero?""","""אז חזרת! שינית את דעתך בקשר לעסקה הקטנה שלנו, גיבור?",
22,6,0,31,1,29,0,0,0,"""Baba Yaga is one tough magic user.  If you're so stupid that you want to enter, perhaps we can make a deal.""","""באבא יאגה היא חתיכת מכשפה קשוחה. אם אתה עד כדי כך טיפש ורוצה להיכנס אל גוב האריות, אולי נוכל לסגור עסקה.""",
22,6,0,32,1,29,0,0,0,"""Did you get my glowing gem??  Give it to me!  I mean... Please give it to me."" ","""הבאת את היהלום הזוהר שלי?? תן לי אותו! זאת אומרת... בבקשה תן לי אותו.""",
22,6,0,33,1,29,0,0,0,"""Bye!""","""להתראות!""",
22,6,0,4,1,99,0,0,0,"You tell the hut:<CRLF>For Beauty I am not a star,<CRLF>There are others finer by far.<CRLF>But my face, I don't mind it,<CRLF>Because at least I'm behind it.<CRLF>  It's people in FRONT that I jar!","וכך תאמר לבקתה:
אינני מלך היופי,
ישנם רבים יפים ממני.
מראה פני אינו מהמם,
אך לפחות אני מאחוריהם.
מי שמולי נכנס להלם!",
22,6,0,34,1,29,0,0,0,"""Baba Yaga does not welcome strangers!  You have to deal with me before you can enter.""","""באבא יאגה אינה מקדמת זרים בברכה!
תצטרך להתעסק איתי טרם תוכל להיכנס.""",
22,6,0,35,1,29,0,0,0,"""All the other skulls have glowing eyes. But me?....noooo!  I don't need lovely glowing eyes!  Just open and close the gate, that's all I'm good for.""","""לכל שאר הגולגלות יש עיניים זוהרות. אבל לי?... לאאאא! לי אין צורך בעיניים זוהרות מלבבות! רק לפתוח ולסגור את השער, זה כל מה שאני שווה.""",
22,6,0,36,1,99,0,0,0,"From a distance, you hear the witch intone:","מרחוק, אתה שומע את המכשפה מפזמת:",
22,6,0,36,2,99,0,0,0,"""Oops!  I very nearly forgot..."" ","""אופס! כמעט שכחתי...""",
22,6,0,36,3,99,0,0,0,"""Hear me, O Powers<CRLF>Of Mana and More:<CRLF>Turn this fool back<CRLF>As he was before."" ","""קולי שמענה, הו כוחות
של מאנה ויצורים אחרים:
החזירו את דמות הטיפש
כפי שנראה לפני עידנים.""",
22,6,0,37,1,29,0,0,0,"""But if you can give me a glowing gem for my eyes, then I'll let you in the gate.""","""אבל אם תשיג לי יהלום זוהר לעיניי, אתן לך לעבור בשער.""",
22,6,0,5,1,99,0,0,0,"You tell the hut:<CRLF>Hut of Brown,<CRLF>Now sit down! ","אתה אומר לבקתה:
בקתה חומה,
רדי לאדמה!",
22,6,0,6,1,99,0,0,0,"You tell the hut:<CRLF>There once was an alien from Venus,<CRLF>Whose body was shaped like a... ","אתה אומר לבקתה:
היה היה חייזר שתום עין,
שהיה נראה כמו...",
22,6,0,6,2,99,0,0,0,"The Hut interrupts:<CRLF>""Not THAT one!""","הבקתה קוטעת:
""לא החרוז הזה!""",
22,6,50,0,1,99,0,0,0,"The force of magic in this clearing is nearly overwhelming.  The skull on the gatepost radiates magic slightly more strongly than the other skulls.  The hut on chicken legs is ""artifact-level"" magic -- it makes your ears ring.","כוחות הקסם בקרחת היער כמעט ועולים על גדותם. הגולגולת על עמוד השער מקרינה קסם מעט יותר חזק משאר הגולגולות. הבקתה על כרעי התרנגולת קסומה ב""דרגת-שריד"" -- מה שגורם לאוזניך לצפצף.",
22,6,52,0,1,99,0,0,0,Now???,עכשיו???,
22,7,0,38,1,29,0,0,0,"""You know the deal!  Get me a glowing gem for my eyes, and I'll let you in.""","""אתה זוכר מה סגרנו! אתה מביא לי יהלום זוהר לעיניים שלי, ואני נותן לך להיכנס.""",
22,7,0,38,2,29,0,0,0,"""Do you agree to the deal?""","""אתה מסכים לעסקה?""",
22,8,1,0,1,99,0,0,0,Your eyes are drawn to the incredible hut on chicken legs.,אתה בוהה בעיניים משתאות בבקתה מדהימה הניצבת על כרעי תרנגולת.,
22,9,1,0,1,99,0,0,0,The skulls on top of the fence have eerily glowing eyes. The large skull on the fence seems to stare blankly at you.,זוהר מצמרר בוקע מעיני הגולגולות על ראש הגדר. הגולגולת הגדולה על הגדר מביטה בך במבט אטום.,
22,9,1,39,1,99,0,0,0,The skulls all seem to have an eerie glow from their eyes.,דומה כי בכל הגולגולות מהבהב זוהר מצמרר בארובות עיניהם.,
22,10,1,0,1,99,0,0,0,The skulls on top of the fence have eerily glowing eyes. The large skull on the fence seems to stare blankly at you.,זוהר מצמרר בוקע מעיני הגולגולות על ראש הגדר. הגולגולת הגדולה על הגדר מביטה בך במבט אטום.,
22,11,1,0,1,99,0,0,0,The skulls on top of the fence have eerily glowing eyes. The large skull on the fence seems to stare blankly at you.,זוהר מצמרר בוקע מעיני הגולגולות על ראש הגדר. הגולגולת הגדולה על הגדר מביטה בך במבט אטום.,
22,12,1,0,1,99,0,0,0,The skulls on top of the fence have eerily glowing eyes. The large skull on the fence seems to stare blankly at you.,זוהר מצמרר בוקע מעיני הגולגולות על ראש הגדר. הגולגולת הגדולה על הגדר מביטה בך במבט אטום.,
22,13,1,0,1,99,0,0,0,The dirt on the window is far too thick to see through.,החלון כמעט אטום מרוב הלכלוך שעליו.,
25,1,1,0,1,99,45,20,0,The undergrowth is too thick to let you move to the east.,סבך השיחים העבותים אינו מאפשר לך לנוע מזרחה.,
26,1,1,0,1,99,4,0,164,The thorns on those bushes look sharp.  You decide you don't want to <CRLF>go west after all.,"השיחים מלאים בקוצים חדים.
אתה מחליט לא ללכת מערבה בסופו של דבר.",
27,1,1,0,1,99,165,45,4,The way north is blocked by bushes.,הדרך צפונה נצורה על ידי שיחים.,
27,2,1,0,1,99,40,72,49,The way south is also blocked by bushes.  This would be a good spot for an ambush.,הדרך דרומה גם היא חסומה בשיחים. זה יכול מקום מצויין למארב.,
28,1,1,1,1,99,166,166,166,It looks like a cross between a castle and an angry purple rhinoceros.,זה נראה כמו הכלאה בין טירה לבין קרנף סגול עצבני.,
28,1,1,2,1,99,84,104,101,Perhaps it's a tower of power.,אולי זה מגדל כוח.,
28,1,1,3,1,99,32,105,115,Could it be a bottle of purple salad dressing?,יכול להיות שזה בקבוק רוטב לסלט סגול?,
28,1,1,4,1,99,105,110,103,It looks a bit like a purple mannequin.,נראית קצת כמו בובת תצוגה.,
28,2,1,0,1,99,32,104,105,"Purple mountains' majesty, above the fruity plain. ","הרים סגולים רבי הוד, מעל המישור נושא הפרי.",
28,3,0,0,1,99,46,32,32,"""Willkommen auf Zauberberg!""","""ווילקומן אוף צאוברברג!""",זה נראה לי מגרמנית
28,3,0,0,2,99,99,116,108,"""Bienvenu a Mont Magie!","""בייווניה מון מז'י!""",זה נראה לי מצרפתית
28,3,0,0,3,99,101,32,115,"""Welcome to Magic Mountain!""","""ברוך הבא להר הקסם!""",
28,4,1,0,1,99,32,0,192,The view is awesome from here.  It reminds you of Yosemite National Park.,הנוף הנשקף מכאן מרהיב. מזכיר לך את הפארק הלאומי יוסמיטי.,
28,5,1,0,1,99,166,166,166,This place is mountains above anything else in Spielburg.,המקום הזה הוא הרים מעל הכול בשפילבורג.,
28,6,1,0,1,99,166,90,0,"Funny, you've never heard anything about the Great Wall of Spielburg before. You'll have to get a new travel agent.","מוזר, מעולם לא שמעת על החומה הגדולה של שפילבורג. תצטרך להשיג סוכן נסיעות חדש.",
28,7,0,0,1,99,0,0,0,"""Trespassers will be toad!""","""מסיגי גבול יקורפדו!""",
28,7,0,0,2,99,0,72,102,"""Proceed at your own risk!""","""מכאן והלאה על אחריותך בלבד!""",
28,7,0,0,3,99,166,166,166,"""Now go home!""","""כעת לך הביתה!""",
28,8,0,5,1,99,102,20,0,A sign appears.  It reads:,שלט מופיע. כתוב עליו:,
28,8,0,6,1,99,0,62,102,Another sign appears.  It reads:,עוד שלט מופיע. כתוב עליו:,
28,8,1,7,1,99,166,166,166,This must be the place.,זה חייב להיות המקום.,
28,8,1,8,1,99,169,2,0,"What a great big, beautiful sky. ",שמים מרהיבים ורבי עוצמה עוטפים את היקום.,
28,9,1,0,1,99,20,0,223,The road seems to wind forever up the mountain.,נדמה כי הדרך מתפתלת עד אין קץ במעלה ההר.,
28,10,1,0,1,99,3,224,0,That's quite an impressive rock group!,זאת קבוצת סלעים מרשימה למדי!,
29,1,1,0,1,99,104,105,110,"Through the open door, you can see that the inside of Erasmus's tower is even more unusual than the outside.","מבעד לדלת הפתוחה, אתה מבחין כי מגדל ארסמוס מבפנים נראה אפילו יותר מוזר מבחוץ.",
29,1,57,0,1,99,97,110,32,The door maintains a stony silence.,הדלת שומרת על דממת מוות.,
29,2,0,1,1,23,104,97,116,"""Back again, I see.<CRLF>Stubborn creature, aren't you?<CRLF>Well, lets get on with it."" ","""שוב חזרת, אני רואה.
יצור עיקש, הלא כן?
טוב, בוא נסיים עם זה.""",
29,2,0,1,2,23,46,32,96,"""You again?<CRLF>How can a Gargoyle get any rest when you keep bothering me?<CRLF>No consideration.  Humph.""","""שוב אתה?
איך גרגויל יכול לנוח בכלל כשאתה ממשיך להפריע לי?
שום התחשבות. המפף.""",
29,2,0,2,1,23,78,68,79,"GO DIRECTLY UP TO THE TOWER.
DO NOT DALLY!","""עלה מייד אל המגדל. מספיק להשתעשע!!!""",
29,2,0,3,1,23,79,79,75,"""DO NOT DISTURB THE WIZARD AT REST!""","""אל תפריע לקוסם במנוחתו!""",
29,2,0,4,1,23,64,64,78,"""OH!  YOU AGAIN!""","""או! שוב אתה!""",
29,2,0,5,1,23,10,96,96,"""AND YOU WANT TO BE A HERO?!"" ","""ואתה רוצה להיות גיבור?!""",
29,2,0,6,1,23,116,115,105,"""The Wizard is expecting you in his tower.  Go directly up the stairs."" ","""הקוסם ממתין לך במגדלו. עלה ישר במדרגות.""",
29,2,0,7,2,23,32,99,97,"""Call me unreliable."" ","""קרא לי בלתי-אמין.""",
29,2,0,7,3,23,104,97,116,"""You sold my car.<CRLF>Prepare to fly.""","""מכרת את המכונית שלי.
התכונן לתעופה.""",
29,2,0,7,4,23,116,101,114,"""Pleased to meet you, So.<CRLF>Now, go!""","""נעים לפגוש אותך, כה.
עכשיו, לך מפה!""",
29,2,0,7,5,23,116,104,101,"""Right, and I am the Princess Rubella."" ","""בטח, ואני הנסיכה רובלה.""",
29,2,0,7,6,23,105,115,32,"""You're a better man than I am, which isn't hard, seeing as I'm a Gargoyle."" ","""אתה אדם טוב ממני, שזה לא קשה בהתחשב בכך שאני גרגויל.""",
29,2,0,7,7,23,108,121,10,"""Lost some weight, Elvis?"" ","""ירדת קצת במשקל, אלוויס?""",
29,2,0,7,8,23,101,100,46,"""Who do you think I am -- Dorothy?"" ","""מי אתה חושב שאני -- דורותי?""",
29,2,0,7,9,23,32,121,111,"""So I won't ask you."" ","""אז לא אשאל אותך.""",
29,2,0,8,1,23,32,116,104,"""WHAT IS YOUR NAME?"" ","""מה הוא שמך?""",
29,2,0,8,2,99,46,32,96,Call me Ishmael.,קרא לי ישמעאל.,
29,2,0,8,3,99,79,77,95,I am Inigo Montalban.,אני הוא איניגו מונטלבן.,
29,2,0,8,4,99,75,95,86,I'm so confused.,אני כה מבולבל.,
29,2,0,8,5,99,78,65,82,I am King Graham Cracker.,אני המלך גרהם קרקר.,
29,2,0,8,6,99,96,89,111,Gunga Din.,גונגה דין.,
29,2,0,8,7,99,104,101,32,Elvis's ghost.,רוח הרפאים של אלוויס.,
29,2,0,8,8,99,104,111,109,"I am Oz, the great and terrible.","אני הוא עוץ, הגדול והנורא.",
29,2,0,8,9,99,109,101,111,Pudentame.  Ask me again and I'll tell you the same.,"אני הוא אני וזהו שמי, אם תשאל אותי שוב - אחזור על עצמי.",
29,2,0,8,10,99,109,117,115,Unknown Hero,גיבור אלמוני,
29,2,0,9,1,23,32,105,116,"""STAND FAST!"" ","""עמוד דום!""",
29,2,0,10,4,23,114,105,111,"""Have YOU got the wrong game, then."" ","""אתה ממש, ממש לא במשחק הנכון.""",
29,2,0,10,5,23,104,32,117,"""Sorry, that Jones guy found it already."" ","""מצטער, מה-שמו ג'ונס כבר מצא אותו.""",
29,2,0,10,6,23,32,112,101,"""Boy, did you come to the wrong place."" ","""בחיי, כמה שהגעת למקום הלא-נכון.""",
29,2,0,10,7,23,37,37,82,"""Watch out for yellow snow, then."" ","""אז, היזהר משלג צהוב.""",
29,2,0,10,8,23,62,79,80,"""... To die the inevitable death?""   ","""...למות את המוות הבלתי נמנע?""",הורדתי רווח מיותר
29,2,0,10,9,23,49,32,64,"""Don't you mean drop down?"" ","""אתה לא מתכוון, ליפול?""",
29,2,0,11,1,23,79,82,10,"""HE WHO WOULD THE WIZARD SEE
FIRST MUST ANSWER QUESTIONS THREE.""","""מי שרוצה את הקוסם לפגוש, חייב קודם לענות על שאלות שלוש:""",
29,2,0,11,2,23,111,111,114,"""WHAT IS YOUR QUEST?"" ","""מה היא משימתך?""",
29,2,0,12,1,99,101,97,100,I want Glory.,אני רוצה תהילה.,
29,2,0,12,2,99,96,96,10,I want to be a Hero.,אני רוצה להיות גיבור.,
29,2,0,12,3,99,78,32,62,I want to be a Wizard.,אני רוצה להיות קוסם.,
29,2,0,12,4,99,32,43,43,I want to be a Pirate.,אני רוצה להיות שודד ים.,
29,2,0,12,5,99,82,65,84,I seek the Holy Grail.,אני תר אחרי הגביע הקדוש.,
29,2,0,12,6,99,32,105,115,I want to be rich and handsome.,אני רוצה להיות עשיר ויפה.,
29,2,0,12,7,99,101,115,115,I want to boldly go where no one has gone before.,אני רוצה ללכת באומץ לאן שאף אחד עוד לא הלך מעולם.,
29,2,0,12,8,99,101,109,115,"To dream, the impossible dream; to fight, the unbeatable foe...","לחלום, חלומות אבודים; ללחום, קרב אבוד שנגמר...",
29,2,0,12,9,99,111,117,32,I just happened to be in the neighborhood and thought I'd drop by.,סתם הייתי בסביבה וחשבתי לקפוץ.,
29,2,0,13,1,23,118,101,32,"""HERE COME YOUR QUESTIONS:"" ","""הנה באות השאלות שלך:""",
29,2,0,14,1,23,117,100,115,"""WHAT IS YOUR FAVORITE COLOR?"" ","""מה הוא הצבע האהוב עליך?""",
29,2,0,14,2,99,87,73,78,Purple,סגול,
29,2,0,14,3,99,62,68,79,Chocolate,שוקולד,
29,2,0,14,4,99,127,32,127,Dodger Blue,כחול מכבי,מכבי?!
29,2,0,14,5,99,127,127,0,Red or black,אדום או שחור,
29,2,0,14,6,99,166,166,166,Yellow,צהוב,
29,2,0,14,7,23,166,0,102,"""Hey!  His eyes DO work!  Go on in."" ","""היי! העיניים שלו אכן עובדות! היכנס.""",
29,2,0,14,8,23,100,46,96,"""You may be color blind, but you got good taste. Come on in. "" ","""אתה אולי עיוור צבעים, אבל יש לך טעם טוב. היכנס.""",
29,2,0,14,9,23,32,99,97,"""My heart bleeds for you.""","""לבי מדמם עבורך.""",
29,2,0,14,10,23,104,97,116,"""I've got to hand it to you; you're quite a card.  But Erasmus doesn't like visitors who aren't playing with a full deck."" ","""אשים את הקלפים על השולחן; אתה קלף משוגע. אבל ארסמוס לא מחבב אורחים שלא משחקים עם חפיסה שלמה.""",
29,2,0,14,11,23,116,101,114,"""Sorry Charlie, Erasmus wants people with good taste."" ","""צר לי צ'ארלי, ארסמוס רוצה אנשים עם טעם טוב.""",שיניתי לצ'ארלי :-)
29,2,0,15,1,23,116,104,101,"""WHO DO YOU SEEK HERE?"" ","""את מי אתה מחפש כאן?""",
29,2,0,15,2,99,105,115,32,Erasmus,ארסמוס,
29,2,0,15,3,99,108,121,0,Fenrus,פנרוס,"בחלק מהמקומות הוא פנריס, בחלק פנרוס. נחליט על פנריס כי ככה הוא בגרסאות המדברות"
29,2,0,15,4,99,0,32,127,The Wizard of Oz,הקוסם מארץ עוץ,
29,2,0,15,5,99,127,32,127,"Dr. Livingstone, I presume.","ד""ר ליוינגסטון, סבורני.",
29,2,0,15,6,99,127,32,127,Amelia Earhart,אמיליה ארהארט,
29,2,0,15,7,23,127,32,127,"""I sure hope you got his pizza order right this time!""","""אני ממש מקווה שלא התבלבלת עם הפיצה שלו הפעם!""",
29,2,0,15,8,23,127,32,127,"""That was a rather ratty response."" ","""עכ-ברוש שלך זה בטח נשמע יותר טוב.""",
29,2,0,15,9,23,127,32,127,"""Somehow, I don't think you're in Kansas anymore."" ","""משום מה, אני חושב שאתה כבר לא בקנזס.""",
29,2,0,15,10,23,127,32,127,"""A preposterous presumption upon your part."" ","""זו סברה מגוחכת מצדך.""",
29,2,0,15,11,23,127,32,127,"""She'll be here a couple of centuries from now.  Come back then."" ","""היא תהיה כאן בעוד כמה מאות שנים. תוכל לחזור אז.""",
29,2,0,16,1,23,127,32,112,"""WHAT IS THE THIEVES' PASSWORD?"" ","""מה היא סיסמתם של הגנבים?""",
29,2,0,16,2,23,112,115,112,I don't know,אני לא יודע,
29,2,0,16,3,23,112,112,112,Swordfish,דג חרב,
29,2,0,16,4,23,112,32,112,Schwertfisch,שוורטפיש,
29,2,0,16,5,23,127,32,127,Olley olley oxen free,ברל'ה ברל'ה צא החוצה,
29,2,0,16,6,23,127,32,127,Halibut,פוטית,
29,2,0,16,7,23,127,32,127,"""At least, if you're a thief, you're ashamed enough to lie about it.  Come on in."" ","""לפחות, אם אתה גנב, אתה מתבייש להודות בזה. בוא תיכנס.""",
29,2,0,16,8,23,127,32,127,"""And 'X' Marx the spot."" ","""ו'X' מסמן את הנקודה.""",
29,2,0,16,9,23,127,186,127,"""That's RIGHT!  But that's ALSO WRONG!!!"" ","""זה נכון! אבל לא לזה התכוונתי!!!""",
29,2,0,16,10,23,48,40,48,"""Okay.  I'll hide you, and you can seek me out!"" ","""טוב. אני אחביא אותך, ואתה תתחיל לחפש אותי!""",
29,2,0,16,11,23,48,117,48,"""So you answered just for the halibut?  Porpoisefully giving me fish puns, are you?  That gives me a whale of a haddock, and that's the trout, so help me cod.  Well, school's out for today, and you've smelt better too!"" ","""איזו תשובה פיט-פוטית! חשבת על בדיחידג מוצלחת, מה? אני מקוויאר שלא מדגדג לך להתחכם יותר. יצאת טונה, וגם הריח שלך לא משהו בכלל!"" ",
29,2,0,17,1,23,48,116,48,"""WHAT IS THE FIRST NAME OF THE GUY WHO RULES THIS VALLEY?"" ","""מהו שמו הפרטי של האיש ששולט על העמק?""",
29,2,0,17,2,99,48,101,48,Stefan,סטפן,
29,2,0,17,3,99,127,32,127,Baron,ברון,
29,2,0,17,4,99,127,32,127,Stephan,שטפן, 
29,2,0,17,5,99,127,32,127,Erasmus,ארסמוס,
29,2,0,17,6,99,127,32,127,I don't know.,אני לא יודע,
29,2,0,17,7,23,127,32,127,"""Well, Erasmus always appreciates good SPELLing."" ","""ובכן, ארסמוס תמיד מעריך את מי שמכיר את שמות הקסמים שלו.""",
29,2,0,17,8,23,48,41,48,"""Right. And Smokey's middle name is 'the'."" ","""נכון. ושם המשפחה של פו הוא 'הדוב'.""",
29,2,0,17,9,23,62,101,48,"""Naw, you have him confused with the King."" ","""לא לא לא, אתה מבלבל בינו לבין המלך.""",
29,2,0,17,10,23,48,58,48,"""Ha!  The boss has better things to do than rule this little burg."" ","חה! לבוס יש דברים חשובים יותר לעשות מאשר לשלוט על החור שכוח האל הזה.""",
29,2,0,17,11,23,48,32,127,"""You haven't done your homework, have you?"" ","""לא הכנת שיעורי בית, אה?""",
29,2,0,18,1,23,127,32,127,"""WHO PUT THE AURA AROUND THE TOWN?"" ","""מי הטיל את הילת הקסם שמסביב לעיר?""",
29,2,0,18,2,99,127,32,127,Erana,אראנה,
29,2,0,18,3,99,127,32,127,Zara,זארה,
29,2,0,18,4,99,127,32,127,Fenrus,פנרוס,
29,2,0,18,5,99,127,32,127,I don't know.,אני לא יודע.,
29,2,0,18,6,99,127,32,127,Stefan,סטפן,
29,2,0,18,7,23,127,32,127,"""And a right PEACEful place she made it.  Go on in."" ","והיא הפכה אותו למקום כל כך שליו ורגוע. היכנס.""",
29,2,0,18,8,23,127,32,127,"""Hah!  Her high and mightiness barely condescends to keep a shop in town, let alone protect it."" ","חה חה! מרוב גודלה והוד יקרה היא בקושי הואילה בטובה לפתוח חנות בעיירה, קל וחומר שאין זה מכבודה להגן עליה.""",
29,2,0,18,9,23,127,32,127,"""That's a rather ratty response."" ","""עכ-ברוש שלך זה בטח נשמע יותר טוב.""",
29,2,0,18,10,23,127,32,127,"""Ignorance of the Aura is no excuse."" ","""אי ידיעת ההילה אינה פוטרת.""",
29,2,0,18,11,23,127,32,127,"""Do you always do this well with multiple choice questions?"" ","""תמיד מצליח לך ככה במבחנים אמריקאיים?""",
29,2,0,19,1,23,127,32,127,"""WHAT IS THE MEAN AIRSPEED
OF AN UNLADEN SWALLOW?""","""מהי מהירות הטיסה הממוצעת של סנונית ללא מטען?""",
29,2,0,19,2,99,127,186,127,African or European?,אפריקאית או אירופאית?,
29,2,0,19,3,99,112,108,112,I don't know.,אני לא יודע.,
29,2,0,19,4,99,112,109,112,9.8 meters per second squared.,9.8 מטרים לשניה בריבוע.,
29,2,0,19,5,23,127,32,127,35 miles per hour.,35 מיילים לשעה.,
29,2,0,19,6,99,127,32,127,One hundred and eighty-six thousand miles per second.,מאה שמונים ושישה אלף מיילים לשניה.,
29,2,0,19,7,23,127,32,127,"""Humm, I have no idea.  Have to ask the boss sometime.  Oh, well, you win.""","""המממם, אין לי מושג. אשאל את הבוס מתי שהוא. נו טוב, ניצחת.""",
29,2,0,19,8,23,127,32,127,"""Neither do I. Go on in."" ","""גם אני לא. היכנס.""",
29,2,0,19,9,23,127,32,127,"""Only when you tie its wings and drop it."" ","""רק כשאתה קושר את כנפיה ומפיל אותה.""",
29,2,0,19,10,23,127,32,127,"""I said 'swallow', not sparrow."" ","""אמרתי 'סנונית', לא דרור.""",בטוח אפשר למצוא תרגום טוב יותר
29,2,0,19,11,23,127,32,127,"""It's not just a good idea, it's the law, eh?"" ","""זה לא רק רעיון טוב, זה החוק, אה?""",
29,2,0,20,1,23,31,32,31,"""WHAT IS THE MEANING OF LIFE, THE UNIVERSE, AND EVERYTHING?"" ","""מהי התשובה לחיים, ליקום, וכל השאר?""",
29,2,0,20,2,99,31,32,31,42,42,
29,2,0,20,3,99,31,32,31,I don't know.,אני לא יודע.,
29,2,0,20,4,99,31,32,31,Life is but a dream.,החיים הם רק חלום.,שיניתי אך לרק
29,2,0,20,5,99,31,32,31,Life is just a bowl of cherries.,החיים הם רק קערת דובדבנים.,
29,2,0,20,6,99,31,32,31,"Know what to kiss, and when.","דע מה לנשק, ומתי.",
29,2,0,20,7,23,31,32,31,"""So you put some Deep Thought into the question, eh?"" ","""אז הקדשת 'הרהור עמוק' לשאלה, אה?""",
29,2,0,20,8,23,127,186,127,"""At least you're honest.  (Stupid... but honest.)""  ","""לפחות אתה דובר אמת. (טיפש... אבל דובר אמת.)""",
29,2,0,20,9,23,127,32,127,"""You're really dreaming if you think I accept that answer.""  ","""אתה באמת חולם אם אתה חושב שאקבל את התשובה הזאת.""",
29,2,0,20,10,23,127,32,127,"""Well, you're sure one of the pits."" ","""ובכן, בטוח שאתה אחד הגלעינים.""",
29,2,0,20,11,23,127,32,127,"""You got 'what' right, but flunked 'when'."" ","""ענית נכונה על ה'מה', אולם נכשלת ב'מתי'.""",
29,2,0,21,1,23,127,32,127,"""CAN YOU HEAR ME?
YOU HAVE THREE QUESTIONS.""","""אתה שומע אותי? יש לך שלוש שאלות!""",
29,2,0,22,1,23,127,32,127,"""You blew it, bub."" ","""פישלת, בחורצ'יק.""",
29,2,0,22,2,23,127,32,127,"""Sayonara, Sucker."" ","""שלום שלום ואל תבוא לי בחלום.""",
29,2,0,22,3,23,127,32,127,"""Wrong way, Jose!"" ","""בידך טעות, רות!""",
29,2,0,22,4,23,127,32,127,"""Hasta la vista, baby."" ","""אסטה לה ויסטה, בייבי.""",
29,2,0,22,5,23,127,32,127,"""Have a nice trip, see you in the fall!"" ","""טיול נעים, נתראה בסתיו!""",
29,2,0,22,6,23,47,79,47,"""Gotcha!"" ","""תפסתי 'תך!""",
29,2,0,22,7,23,47,220,112,"""Scat, Brat."" ","""קישטה, פרחח.""",
29,2,0,23,1,23,32,97,32,"""YOU DON'T GIVE UP EASILY, DO YOU?"" ","""אתה לא מוותר בקלות, אה?""",
29,2,0,24,1,23,32,32,32,"""THE WIZARD WILL SEE YOU NOW."" ","""הקוסם יקבל אותך עכשיו.""",
29,2,1,0,1,99,127,32,127,The stone creature looks like it's bored.  Wouldn't you be?,יצור האבן נראה משועמם. אתה לא היית?,
29,3,0,5,1,99,127,32,127,"Your body can't take too much more of this kind of mountaineering.  At this point, you envy the gargoyle his job.","גופך אינו מסוגל לעמוד עוד בטיפוס ההרים המפרך הזה. בשלב הזה, אתה מוכן להתחלף עם הגרגויל בתפקיד.",
29,3,0,25,1,99,127,32,127,You feel as though you have just scaled the Matterhorn in full armor.  What a climb!  You can see all of Spielburg valley from here.,אתה מרגיש כאילו העפלת לפסגת מאטרהורן בשריון מלא. איזו עליה! אתה יכול לראות את כל עמק שפילבורג מכאן.,
29,3,0,25,2,99,127,32,127,"After you finally catch your breath, you see that you have reached the rather eccentric-looking house that you saw from below.","לאחר שסוף סוף אתה מצליח להסדיר את נשימתך, אתה שם לב שהגעת אל הבית המשונה למדי שראית מלמטה.",
29,3,0,25,3,99,112,32,112,There is an ugly gargoyle above the entrance.,גרגויל מכוער ניצב מעל הכניסה.,
29,3,0,26,1,99,112,223,112,This climb seems longer every time.  But you made it.,העליה הזאת נראית ארוכה יותר ויותר בכל פעם. אבל הצלחת.,
29,3,0,26,2,99,127,32,112,You begin to think being eaten by a monster would be more fun than climbing this mountain.,אתה מתחיל לחשוב שלהיטרף על ידי מפלצת יהיה יותר כיף מאשר לטפס על ההר הזה.,
29,3,0,26,3,99,112,223,112,Every muscle in your body is letting you know that this is great exercise.,כל שריר בגופך מודיע לך חגיגית שזה יופי של אימון.,
29,3,0,26,4,99,112,32,127,"You think to yourself, ""Self, why am I doing this?""  Self replies, ""YOU'RE the one who wants to be a hero."" ","אתה חושב לעצמך, ""עצמי, למה אני עושה את זה?"". עצמך משיב, ""אתה זה שרוצה להיות גיבור.""",
29,3,0,23,1,99,127,32,127,"No matter how strong you feel at the bottom of the mountain, you're always more exhausted than the last time you reached the top.","לא משנה כמה אתה מרגיש בכושר במרגלות ההר, לפסגה אתה תמיד מגיע מותש יותר מהפעם הקודמת.",
29,3,50,0,1,99,127,32,127,"You detect a strange, magical aura around this place. ",אתה חש בהילה מוזרה וקסומה אופפת את המקום.,
29,3,4,0,1,99,127,32,127,The gargoyle won't let you climb the walls.,הגרגויל לא יתיר לך לטפס על החומות.,
29,3,1,0,1,99,127,200,127,You see the purple home of someone who must enjoy its precarious perch upon the peak.,אתה רואה בית סגול של מישהו שככל הנראה נהנה מהעמדה הרעועה על ראש הפסגה.,
29,3,51,0,1,99,127,205,127,The door is already open.,הדלת כבר פתוחה.,
29,4,1,0,1,99,127,205,127,It is cloudless. It seems that you are above the clouds.,השמים בהירים. המסקנה המתבקשת היא שאתה מעל העננים.,
29,5,4,0,1,99,127,205,127,I don't think you can reach that window.,לא נראה לי שיש לך גישה לחלון.,
29,5,1,0,1,99,127,205,127,"From outside, you can see that the interior of the house is curiously furnished.","אתה משקיף מבחוץ, ורואה כי פנים הבית מעוצב בטעם משונה.",
295,1,0,0,1,99,32,114,101,Take care!,"""שמור על עצמך!""",
295,1,0,0,2,99,111,117,32,"Say ""Hi!"" to the Dryad for us!","""מסור 'ד""ש' לדריאדה בשמינו!""",
295,1,0,0,3,99,114,114,111,Bye bye!  See ya!,"""ביי ביי! להתראות!""",
295,1,0,0,4,99,105,100,101,Kiss a tree for me!,"""תמסור לעץ נשיקות!""",
30,1,1,0,1,99,7,67,37,Erasmus likes to keep his suits well-ironed.,ארסמוס אוהב את החליפות שלו מגוהצות היטב.,
30,2,1,0,1,99,7,13,6,"The books on the shelves of the bookcase appear to be very old, very rare, and very magical.","הספרים על המדף מתיימרים להיות עתיקים מאוד, נדירים מאוד, וקסומים מאוד.",
30,2,1,0,2,99,69,69,67,"You find titles like:  ""Zen and the Art of Magical Maintenance"",  ""How to Be a Halfling"",  ""The Sensuous Succubus"",  and ""Tobin's Spirit Guide, Volume II:  Asmodeus to Casper"".","אתה מוצא שמות כמו: "" זן ואמנות התחזוקה הקסומה"", ""המדריך לזוטון המושלם"", ""השדונית החושנית"", ""מדריך הרוחות של טובין, כרך 2: אשמדאי עד קספר"".",
30,3,1,0,1,99,3,3,4,A casket with a stick shift?,ארון עם מוט הילוכים?,
30,4,1,0,1,99,4,3,42,"From the looks of the ceiling, this castle must be a gigantic geode. ","לפי איך שהתקרה נראית, הטירה היא חלל עצום בעומק הסלע.",
30,5,1,0,1,99,131,69,2,It was a moderately large and fearful dragon at one time.,היה זה דרקון גדול ומפוחד למדי בעת ובעונה אחת.,
30,5,57,0,1,99,5,5,4,The head doesn't respond; it looks like it's draggin'.,הראש לא מגיב; נדמה כאילו הוא מנמנם.,
30,6,4,0,1,99,67,68,132,Looks like you've slammed the dunker.,כמדומה שטרקת על הטובען.,
30,6,1,0,1,99,7,14,6,It's the famous dunkin' dragon.  You haven't seen one of those in years.,זהו הדרקון הטובעני המפורסם. כבר שנים שלא ראית אחד כזה.,
30,7,1,0,1,99,68,68,69,Through the portal to the east sits a standing room only.,מבעד לפתח ממזרח יושב חדר לעמידה בלבד.,לא זוכר את ההקשר. דרך הפורטל ממזרח יש חדר לעמידה בלבד?
30,8,1,0,1,99,67,197,195,There is a strange figure on a shelf above the stairs.  It looks like an overgrown rat wearing a wizard's hat.,דמות מוזרה יושבת על מדף הספרים. היא נראית כמו עכברוש מגודל חובש מצנפת קוסמים.,
30,9,1,0,1,99,43,130,42,"From the looks of these crystals, this castle must be a gigantic geode. ","ממבט חטוף על הגבישים, עולה כי הטירה היא חלל עצום בעומק הסלע.",
30,10,1,0,1,99,195,9,7,This is a Zen lamp.  You feel enlightened in its presence.,זוהי מנורת זן. אתה חש כי עצם נוכחותה מאציל עליך הארה.,
30,11,1,1,1,99,42,133,0,You admire the plumage on the peacock.,אתה מתפעל מיופיים של נוצות הטווס.,
30,11,1,2,1,99,197,195,130,"The poor stuffed peacock seems bedraggled, worn, and over-used.",הטווס המפוחלץ האומלל נראה מטונף ובלוי משימוש יתר.,
30,11,57,0,1,99,1,42,130,The peacock doesn't respond.  Maybe its ears are too stuffed to hear.,הטווס לא מגיב. אולי אוזניו פוחלצו יתר על המידה.,
30,12,0,3,1,99,4,66,67,"""Naughty, naughty.  You were told to go straight up the stairs."" ","""שובב, שובב. נאמר לך לעלות ישר במדרגות.""",
30,12,0,3,2,99,5,4,195,"""Since you're leaving anyway...""  ","""מאחר ואתה עוזב בכל מקרה...""",
30,12,0,3,3,99,67,131,68,"""That'll learn ya!""  ","""זה ילמד אותך לקח!""",
30,12,0,4,1,99,7,5,4,I wouldn't do that if I were you!,"""לא הייתי עושה זאת לו הייתי במקומך!""",
30,12,1,0,1,99,131,69,1,"This room is full of odds, ends, and stuff.  The wizard must be a real character.","החדר מלא בשאריות, גרוטאות, וכדומה. הקוסם הזה הוא בטח חתיכת טיפוס.",
30,13,1,0,1,99,196,194,1,"Erasmus used to buy a new oriental rug every day -- you know, ""Carpet Diem"". This one lends the room a rugged look.","ארסמוס נהג לרכוש מרבד מזרחי חדש מדי יום ביומו -- אתה יודע, ""חיים פעם אחת"". השטיח הזה מעניק לחדר מראה גבנוני.",
30,13,57,0,1,99,16,134,68,"The rug shrugs as if to say, ""Don't carpet me.""","המחצלת מושכת בכתפיה כאומרת, ""אל תשטח אותי"".",
30,14,1,0,1,99,59,58,57,The stupid stool stands there steadily.,השרפרף האווילי עומד שם מבוייש.,
30,15,1,0,1,99,17,1,18,This is just the table of contents.,זה רק שולחן רסן.,תרגמתי
30,16,1,0,1,99,130,17,3,"This is a sarcophagus, probably on loan from the Egyptian section of the Leyendecker Museum.  You can tell because it has a ribbon around it.","גלוסקמה, כנראה בהשאלה מהאגף המצרי של מוזיאון ליינדקר. אפשר לראות את זה על פי הסרט הכרוך סביבה.",
30,16,1,0,2,99,130,17,130,(It's tied in a Laura Bow.),(הקצוות נסגרות בלורה בואו.),
30,17,1,5,1,99,58,57,56,"You wonder if the portrait of Erasmus is really a painting, or something completely different.","אתה חוכך בדעתך האם הדיוקן של ארסמוס הוא באמת תמונה, או משהו אחר לגמרי.",
30,17,1,6,1,99,130,17,2,Your eyes are drawn to the eyes of the figure in the portrait.  His intense stare is unnerving.,אתה בוהה בעיניים קרועות בעיני הדמות בדיוקן. המבט המלחיץ שלו מורט עצבים.,
30,17,1,6,2,99,18,17,196,"This would not be someone to trifle with, for he looks subtle and quick to anger.","זה לא מישהו שכדאי להקל בו ראש, שהרי יש לו מראה מפולפל ומהיר חימה.",
30,18,1,0,1,99,17,18,19,It's probably a bottle of Djinn.,בקבוק ג'יני ככל הנראה.,
30,19,1,0,1,99,18,19,20,Through the portal to the west is a small sitting room.,מבעד לפתח ממערב עומד חדר קטן לישיבה בלבד.,"כנ""ל"
300,1,1,0,1,99,0,29,1,"The gate is securely barred.  It's apparently an Otto-matic gate, since it would take a Goon to open it.   ","השער נעול על מנעול ובריח. מסתבר שזהו שער אוטו-מטי, שכן רק בריון מסוגל לפתוח אותו.",
300,1,4,0,1,99,0,30,1,Leave the climbing to those who know how.,תשאיר את הטיפוס למי שמבין בזה.,
300,1,4,0,2,99,0,30,2,You'd better not try to climb the wall any more right now.  You've been at this long enough that someone is likely to notice.,כדאי לך להפסיק עם הטיפוסים על החומה לעת עתה. היית ככה קרוב שמישהו יבחין בך.,
300,1,4,0,3,99,0,30,3,"The wall is too smooth to climb with your level of skill, but keep practicing.","החומה חלקה מדי מכדי לטפס עליה ברמת המיומנות הנוכחית שלך, אבל תמשיך להתאמן.",
300,1,17,0,1,99,0,30,4,The gate is securely barred.  There's no lock for you to open.,השער מוברח בקפידה. אין מנעול שאפשר לפתוח.,
300,2,1,1,1,99,0,31,1,"The shades are drawn, and it appears that the Inn is closed.","התריסים מוגפים, והרושם הכללי הוא שהפונדק סגור.",
300,2,1,2,1,99,0,31,2,"The windows glow from the light inside. The sign reads ""Hero's Tale Inn"".","החלונות בוהקים מאור שבוקע מבפנים. על השלט נכתב ""פונדק עלילות גיבור"".",
300,2,4,1,1,99,0,31,3,The door is bolted.,הדלת מוברחת.,
300,2,16,1,1,99,0,31,4,"You wooden stab that poor defenseless door, wood you?  ","לא היית מעץ לנעוץ את חרבך בדלת חסרת ישע זו, נכון?","אולי: לא היית מעץ לנעוץ את חרבך בדלת חסרת ישע זו, נכון?
קודם: שמע לעצתי ואל תעץ לנעוץ את חרבך בדלת העץ חסרת הישע, בסדר?"
300,2,26,1,1,99,0,32,1,"Good try, but that isn't an inn key.  (It must be off-key.)","נסיון יפה, אבל זה זה לא המפתח לפונדק. (מצטערים על הברדק).",
300,3,1,0,1,99,0,32,2,"You see the cheery, inviting glow of a hearth fire within the inn.",אתה רואה את אור היקרות העליז והמזמין של אש הקמין הבוקע מתוך הפונדק.,
300,4,1,0,1,99,0,32,3,"It's an empty jail cell.  Fortunately, you're on the outside (at the moment).","תא המעצר ריק מאדם. למזלך, אתה מחוצה לו (נכון לעכשיו).",
300,4,4,0,1,99,0,33,1,"That's the jail cell door.  If you really want to go in, try stealing from someone and getting caught.  (This may not be the best way to become a Hero, though.) ","זאת דלת תא המעצר. אם אתה ממש רוצה להיכנס, נסה לגנוב ממישהו ולהיתפס. (אם כי זו לא הדרך היעילה ביותר להפוך לגיבור.)",
300,5,1,0,1,99,0,33,2,This must be some tough town when they put bars on the jailhouse window.,זו כנראה עיירה ממש קשוחה אם הם נאלצים להתקין סורגים על חלון בית הכלא.,
300,5,4,0,1,99,0,33,3,The only way you can break this jailhouse window is with a jailhouse rock.,אפשר לפרוץ את חלון הכלא רק באמצעות אבן קלע.,"לחשוב איך לתרגם את זה. הרפרנס התרבותי הוא כמובן לשיר של אלוויס, הייתי מוותר עליו. אולי משהו בסגנון - אי אפשר לפרוץ את חלון הכלא הזה"
300,6,1,1,1,99,0,34,1,"The sign says ""Out to lunch.""  The barber must keep odd lunch  hours. ","על השלט כתוב ""יצאתי לאכול צהרים"". הספר כנראה אוכל בשעות לא מאוד מקובלות.",
300,6,1,2,1,99,0,34,2,"There's a sign on the door of the barber shop.  It says ""Out to lunch."" ","שלט תלוי על דלת המספרה. נכתב בו ""יצאתי להפסקת צהרים.""",
300,6,4,0,1,99,0,34,3,The door is closed.,הדלת נעולה.,
300,7,1,0,1,99,0,35,1,"The sign reads ""Hero's Tale Inn""  ","על השלט כתוב ""פונדק עלילות גיבור""",
300,8,1,0,1,99,0,35,2,The Sheriff's office doubles as a jail for the town and a hangout for the Sheriff and the Goon.,משרד השריף משמש גם ככלא העיירה וכמקום מפגש לשריף ובריונו.,
300,9,1,0,1,99,0,35,3,The Sign of the Scissors above the door indicates that the building contains a Barber Shop.,שלט המספריים מעל הדלת מרמז כי המבנה משמש כמספרה.,
300,10,1,0,1,99,0,35,4,"The town gate is standing wide open, as it does every day.  It is made of sturdy logs.","שערי העיר פתוחים לרווחה, כמדי יום ביומו. הם עשויים מבולי עץ חסונים.",
300,10,4,0,1,99,0,36,1,That's the Sheriff's job.,זה התפקיד של השריף.,
300,11,1,0,1,99,0,36,2,"There's more than a hint of Ogre about this strange and bulky character. He seems cheerful, though.","היצור המסורבל והמשונה הזה זועק עוגיות מכל חלקי גופו. הוא עדיין נראה עליז, למרות הכול.",
300,11,57,0,1,41,0,37,1,Otto only expresses himself physically.,"""אוטו מבטא את עצמי באורח פיזי בלבד.""",
300,12,0,1,1,99,0,37,2,"Spielburg remains colorful, even at night.","שפילבורג נותרת צבעונית, אפילו בלילה.",
300,12,0,2,1,99,0,37,3,"This seems like a quiet little town.  On the porch ahead of you are two people.  The standing one is large, rather ugly, and playing with a yo-yo.  The seated person smoking a pipe looks like he might be the Sheriff.","אתה במרכזה של עיירה קטנה ומנומנמת למראה. על המרפסת מולך נראים שני אנשים. האדם העומד הוא גדול, מכוער למדי, ומשחק ביו-יו. האדם היושב מעשן מקטרת ונראה כאילו עשוי להיות השריף.","מנומנמת למראה, ... האדם הישוב מעשן מקטרת ונראה כאילו עשוי להיות השריף."
300,12,0,3,1,41,0,37,4,"""Just a friendly suggestion, but whatever you do, don't drink the Dragon's Breath.  Not even Otto can drink Dragon's Breath!""","""רק הצעה ידידותית, אבל מה שלא תעשה, אל תשתה את נשימת הדרקון. אפילו אוטו לא שותה את נשימת הדרקון!""",
300,12,0,4,1,99,0,37,5,The man with the pipe greets you.,הבחור עם המקטרת מברכך לשלום.,
300,12,0,4,2,41,0,38,1,"""Welcome to our town. You are lucky to have made it down from the mountains before the snow blocked the pass again. It's gotten pretty dangerous outside of town, I understand.""","""ברוך הבא לעירנו. יש לך מזל על שהספקת לרדת מההרים בטרם נחסם המעבר מחדש בעקבות השלגים האחרונים. הסכנה הולכת וגוברת מחוץ לעיירה, כך הגיעה לאוזני השמועה.""",
300,12,0,4,3,41,0,38,2,"""Many monsters have been trapped around here with the late snow. Between them and the brigands, we certainly could use a Hero around here.""","""מפלצות רבות נלכדו בסביבה עם השלג המאוחר. מרוב מפלצות ושודדים, בהחלט שלא יזיק לנו גיבור שיגן עלינו.""",
300,12,0,4,4,41,0,38,3,"""I am Sheriff Schultz Meistersson.  This is Otto Von Goon, my assistant."" ","""אני שריף שולץ מייסטרסון. וזהו אוטו פון בריון, העוזר שלי.""",
300,12,0,4,5,41,0,39,1,"""Good luck in your quest."" ","""בהצלחה במסעך.""",
300,12,0,5,1,99,0,39,2,"However, this was not a good place to sleep.  You're stiff and sore all over, and your wallet feels very light.","עם זאת, לא היה זה מקום טוב להעביר בו את הלילה. גופך כולו כואב ונוקשה, וארנקך מרגיש קל מאוד.",
300,12,0,5,2,99,1,0,1,"""As safe as our streets are, you still should not sleep on them.  It is a good way to get robbed.""","ככל שרחובותינו בטוחים, עדיין לא מומלץ לישון בהם. אלא אם כן אתה רוצה שישדדו אותך.",
300,13,1,0,1,99,1,0,1,This is the door to the Sheriff's office.,זו הדלת למשרד השריף.,
300,13,4,1,1,99,1,0,1,You'd better not. The Goon would probably try to strangle you with his yo-yo if he thought you were going into the Sheriff's office without permission.,מוטב שלא. הבריון ככל הנראה ימחץ אותך עם היו-יו שלו לו רק יחשוב שאתה מתכוון להיכנס למשרד השריף ללא אישור.,
300,13,4,2,1,99,1,0,1,"The door appears to be locked, and breaking into the Sheriff's office might evoke the wrath of Otto Von Goon.","עושה רושם שהדלת נעולה, ופריצה למשרד השריף רק תעיר את חמתו של אוטו פון בריון.",
300,14,1,0,1,99,38,199,71,"Schultz appears to be an affable old coot, content to smoke his pipe. There's a hardness behind his eyes, however, that gives you reason to believe that he's no pushover.","שולץ נראה קשיש חביב, מרוכז במקטרת שלו. קשיחות מסתתרת מאחורי עיניו, דבר שנותן לך את הסיבה להאמין שהוא לא טרף קל.",
300,14,2,6,1,41,10,38,139,Adventure,הרפתקה,
300,14,2,7,1,41,3,119,45,The Baron,הברון,
300,14,2,8,1,41,196,94,6,The Brigands,הכנופיה,
300,14,2,9,1,41,27,196,94,The Castle,הטירה,
300,14,2,10,1,41,8,255,118,Danger,סכנה,
300,14,2,11,1,41,255,95,64,The Guild Hall,היכל האיגוד,
300,14,2,12,1,41,101,1,101,The Inn,הפונדק,
300,14,2,13,1,41,236,139,70,Magic,קסם,
300,14,2,14,1,41,1,0,235,The Merchant,הרוכל,
300,14,2,15,1,41,6,154,248,Monsters,מפלצות,
300,14,2,16,1,41,203,85,139,The Mountain,ההר,
300,14,2,17,1,41,80,80,80,Name,שם,
300,14,2,18,1,41,8,137,86,Otto,אוטו,
300,14,2,19,1,41,116,11,139,Prisoners,אסירים,
300,14,2,21,1,41,0,235,6,Sheriff,שריף,
300,14,2,22,1,41,229,93,203,Town,עיירה,
300,14,2,23,1,41,139,70,6,Treasure,אוצר,
300,14,2,24,1,41,0,80,154,Wolfgang,וולפגנג,
300,14,4,0,1,99,8,137,70,Unhand that sheriff!,הרפה מהשריף!,
300,14,5,6,1,41,117,35,139,"""You'll need to talk to the Baron about that. Or go ask Wolfgang down at the Guild Hall, which is just down the street.""","""תצטרך לדבר עם הברון בנוגע לזה. או גש לשאול את וולפגנג בהיכל האיגוד, שנמצא במורד הרחוב.""",
300,14,5,6,2,41,6,38,137,"""So maybe you're going to be a hero? Well, we could surely use one around here, what with all the brigands.""","""אז אולי תרצה להיות גיבור? ובכן, בהחלט שלא יזיק לנו גיבור בסביבה, עם כל השודדים.""",
300,14,5,7,1,41,70,6,5,"""Baron Stefan keeps mostly to himself at his castle north of here. We haven't seen him here in town for years.""","""הברון סטפן שומר בעיקר על עצמו בטירתו צפונה מכאן. לא ראינו אותו בעיירה מזה שנים.""",
300,14,5,8,1,41,9,0,77,"""There's a whole band of brigands hiding out somewhere in the mountains around us. They robbed a merchant just last week. Got a fair amount of treasure, I hear.""","""כנופיית שודדים מסתתרת היכנשהו בהרים מסביבנו. הם שדדו רוכל רק בשבוע שעבר. שמעתי שהם אגרו אוצרות עצומים.""",
300,14,5,9,1,41,184,1,0,"""Baron Stefan keeps mostly to himself at his castle north of here. We haven't seen him here in town for years.""","""הברון סטפן שומר בעיקר על עצמו בטירתו צפונה מכאן. לא ראינו אותו בעיירה מזה שנים.""",
300,14,5,10,1,41,154,188,10,"""My friend,"" the Sheriff says, ""this world's filled with dangers. Sometimes I think it might be better to choose your danger, rather than sitting around, waiting for it, as I seem to do.""","""ידידי, העולם הזה מלא בסכנות. לעיתים אני חושב שעדיף לבחור את הסכנה שלך, מאשר לשבת בטל, ולחכות לה, כפי שאני עושה.""",
300,14,5,10,2,41,6,38,199,"""But enough of this philosophical rambling. I am content enough to be Sheriff of Spielburg.""","""אבל מספיק עם הקשקושים הפילוסופיים. אני מסתפק בלהיות השריף של שפילבורג.""",
300,14,5,11,1,41,21,215,139,"""The Guild Hall is at the Southwest corner of town. If you're looking for work, that's a good place to go.""","""היכל האיגוד ממוקם בפינה הדרום מערבית של העיירה. אם אתה מחפש עבודה, זה מקום טוב להתחיל.""",
300,14,5,12,1,41,203,131,62,"""Go talk to the Innkeeper. He will help you there.""","""דבר עם בעל הפונדק. הוא ינחה אותך שם.""",
300,14,5,13,1,41,0,80,30,"""Just next to the Inn is a small Magic Shop. The owner, Zara, will let you in if you have some abilities in that area. She's a strange one, all right!""","""בסמוך לפונדק יש חנות קסמים קטנה. הבעלים, זארה, תתן לך להיכנס אם יש לך כמה כישורים בתחום. היא קצת מוזרה, זה בטוח!""",
300,14,5,14,1,41,211,46,131,"""The one who was robbed? He's staying at the Inn, I believe.""","""הבחור שנשדד? הוא שוהה בפונדק, אני מאמין.""",
300,14,5,15,1,41,139,118,10,"""The monsters come down from the mountains every winter, but they're usually gone by now. The Baron just doesn't have enough men to handle them.""","המפלצות יורדות מההרים מדי חורף, אבל בדרך כלל בתקופה הזאת הן כבר נעלמות. לברון פשוט אין מספיק אנשים להתמודד איתן.""",
300,14,5,15,2,41,38,51,192,"""Wolfgang is the one to talk to about monsters. He's had a lot of experience with them.""","""וולפגנג הוא האיש לדבר איתו בנוגע למפלצות. יש לו הרבה נסיון איתן.""",
300,14,5,16,1,41,154,124,1,"""You should know. You came down from there.""","""אתה אמור לדעת. אתה ירדת משם.""",
300,14,5,17,1,41,1,0,116,"""I am Sheriff Schultz Meistersson, and this is Otto Von Goon, my assistant.""","""אני שריף שולץ מייסטרסון. וזהו אוטו פון בריון, העוזר שלי.""",
300,14,5,18,1,41,154,143,3,"""Otto is a big help to me,"" the Sheriff tells you. ""He's very smart for a Goon. His prisoners only suffer a few broken bones when he grabs them.""","""אוטו הוא עזרה עצומה בשבילי. הוא מאוד חכם יחסית לבריון. האסירים שלו סובלים רק מכמה עצמות שבורות כשהוא אוחז בהם.""",
300,14,5,18,2,41,93,203,139,"""It took a bit of doing to teach him to bring prisoners back alive, but he hardly ever forgets, now.""","""לקח קצת זמן ללמד אותו איך להחזיר אסירים לחיים, אבל הוא כמעט אף פעם לא שוכח.""",
300,14,5,19,1,41,76,8,77,"""It's simple. When somone breaks the law, and we catch them, we hold them prisoner.""","""זה פשוט. כשמישהו עובר על החוק, ואנחנו תופסים אותו, אנחנו מחזיקים בו בשבי.""",
300,14,5,20,1,41,254,234,105,"""There's a whole band of brigands hiding out somewhere in the mountains around us. They robbed a merchant just last week. Got a fair amount of treasure, I hear.""","""כנופיית שודדים מסתתרת אי שם בהרים מסביבנו. הם שדדו רוכל רק בשבוע שעבר. שמעתי שיש להם אוצרות עצומים.""",
300,14,5,21,1,41,71,4,254,"""A policeman's lot is not a happy one."" ","""מר הוא גורלו של השוטר.""",
300,14,5,22,1,41,236,138,86,"""This town was named after the Barons of Spielburg.  It used to be a lively place to be, before the brigands came and drove all the business away.""","""העיירה נקראה על שם הברונים לבית שפילבורג. היא היתה פעם מקום תוסס ושוקק חיים, קודם שבאו השודדים והבריחו את כל אנשי העסקים.""","חשבתי ""הברון שלי"" - אולי הברונים לבית שפילבורג?"
300,14,5,22,2,41,33,64,116,"""You can find a place to stay at the Inn next door.  You can learn about jobs available at the GuildHall down the street.  If you are interested in magic, you should visit the Magic Shop.  There is still plenty to do and see here in Spielburg.""","""תוכל להתאכסן בפונדק בדלת ממול. תוכל ללמוד על העבודות הזמינות בהיכל האיגוד במורד הרחוב. אם אתה מתעניין בקסם, כדאי שתבקר בחנות הקסמים. יש עדיין הרבה מה לעשות ולראות כאן בשפילבורג.""",
300,14,5,23,1,41,236,131,236,"""Obtaining treasure involves putting yourself in danger. If you're brave, foolish, or lucky, you might get some treasure.""","""ציד אוצרות כרוך בסיכון עצמי גבוה. אם אתה אמיץ, טיפש, או סתם בר מזל, אולי תצליח להשיג איזה אוצר או שניים.""",
300,14,5,24,1,41,70,212,80,"""Wolfgang, down at the Guild hall, is the one to talk to about monsters. He's had a lot of experience with them.""","""וולפגנג, למטה בהיכל האיגוד, הוא האיש לדבר איתו בנוגע למפלצות. יש לו הרבה נסיון איתן.""",
300,15,1,0,1,99,143,65,130,The ugly statue seems to be watching you.,דומה כי הפסל המכוער צופה בך.,
300,15,4,0,1,99,11,246,70,"As you lay your hands on the ugly statue, a swirling miasma of emotions overcomes you.  You feel the sculptor's pain and suffering, his disgust with his condition, and the conflicting urges to enjoy and flee from his talent.","בעודך מלטף בידך את הפסל המכוער, מערבולת של אדי רגשות מציפה אותך. אתה חש בכאבו וסבלו של הפסל, סלידתו ממצבו, ודחפיו המתנגשים בין להתמסר לכשרונותיו או להימלט מפניהם.",
300,15,4,0,2,99,235,2,51,"No, that's not it.  The real reason for the disgust you feel has more to do with the pigeon droppings on your hands.  You surreptitiously wipe them clean. ","לא, זה לא זה. הסיבה האמיתית לסלידה שאתה חש קשורה למשהו הרבה יותר ריאלי, צואת היונים המרוחה על ידיך. אתה מנגב אותן בחשאי.",
300,16,1,0,1,99,236,131,236,The handsome statue seems to be watching you.,דומה כי הפסל יפה התואר צופה בך.,
300,16,4,0,1,99,6,22,141,"The statue feels cold and clean, and smells faintly of soap. ","הפסל מרגיש קר ונקי, עם ניחוח עדין של סבון.",
300,17,1,0,1,99,7,131,196,"If this is the town water supply, no wonder nobody ever comes here. ","אם זאת כל אספקת המים העירונית, לא פלא שאף אחד לא רוצה להגיע לכאן.",
300,18,1,0,1,99,35,8,91,"Gosh!  That's an authentic ""whamma blamma three scoops of mana hilarious gregarious floats in the airious"" yoyo! ","לא נכון! זה יויו ""צפובי קנאובי שלושה סיבובי קסם קורע יאללה בואו מעופף באווירוש"" מקורי!",
300,18,4,0,1,99,80,154,205,Are you crazy?  That goon would tear you limb from limb if you tried to steal his yoyo!,אתה דפוק? הבריון יקרע אותך לגזרים אם רק תנסה לגנוב לו את היו-יו!,
300,18,20,0,1,99,131,254,3,Are you crazy?  That goon would rend your spleen asunder if you did anything to his yoyo!,אתה מטורף? הבריון יוציא לך את הטחול אם תפל שערה משערות ראשו של היו-יו שלו!,
301,1,0,1,1,4,127,32,127,"""Your kindness overwhelms me.  I can tell you will someday be a great hero.""","""טוב ליבך מרגש אותי עד דמעות. בטוחני כי יום יבוא ותהיה גיבור גדול.""",
301,1,0,1,2,4,127,32,127,"""Now you will have a secret.  Among the items they stole from me was a magic rug.  I alone know the words to command it.""","""כעת אגלה לך סוד. בין החפצים שהם גנבו מאיתי היה מרבד קסמים. לי לבדי ידועים המילים המפעילים אותו.""",
301,1,0,1,3,4,127,32,127,"""If you help recover my treasure, I will take you, Shameen, and Shema back to our land by way of the flying carpet.  Shapeir needs powerful heroes, too!""","""והיה אם תעזור לי למצוא את אוצרי, אקח אותך, שאמין, ושימה בחזרה לארצנו על גבי השטיח המעופף. גם לשאפיר מגיע גיבורים חזקים!""",
301,1,0,1,4,4,127,32,112,"""Oh, it is indeed sad and dangerous times we live in when a man who struggles daily to keep from starving should be robbed of all his earthly possessions!"" ","""הו, אכן חיים אנו בתקופה עצובה ומסוכנת בה אדם שנאבק בדם וביזע להרוויח את לחמו, שודדים ממנו את כל רכושו עלי אדמות!""",
301,1,0,1,5,4,112,101,112,"""Hello again, my friend.""","""ברוך שובך, ידידי.""",
301,1,5,2,1,4,31,78,31,"""The band of brigands ambushed us just as we crossed the pass into the valley. There were about twelve brigands, including a huge minotaur.""","""חבורת השודדים הטמינה לנו מארב בדיוק כשחצינו את מעבר העמק. היו שם בערך שנים עשר שודדים, מתוגברים במינוטאור ענק.""",
301,1,5,2,2,4,31,84,31,"""There was also a leader, and some sort of wizard.  They first used some sort of magic which blinded us. Then, they overwhelmed my six guards and my assistants.""","""ביניהם היה גם מנהיג, ומעין קוסם. בתחילה הם הטילו סוג של כישוף שסימא אותנו. ואז הם הכריעו את ששת שומריי ועוזרי.""",
301,1,5,2,3,4,31,32,31,"""All my trade goods taken from before me!  I am now but a beggar, living off the generosity of my friends."" ","""כל סחורתי נלקחה ממני מול עיני הכלות! כעת אינני אלא קבצן, החי מתרומות חבריי!""",
301,1,5,3,1,4,127,32,127,"""A treasure fit for the Sultan that I found upon my travels.  I alone know the commands which make it fly!""","""אוצר ההולם את הסולטן שמצאתי במהלך מסעיי. רק לי לבדי ידועות המילות אשר מסיעות אותו במעופו!""",
301,1,5,4,1,4,127,32,127,"""I will show you how I fly the carpet when I get my treasure back.  Alas, that may never be.  I have lost everything!"" ","""אראה לך כיצד להטיס את השטיח כאשר תשיב לי את אוצרי. לדאבוני, יתכן וזה לא יקרה לעולם. איבדתי את כל אשר לי!""",
301,1,5,5,1,4,127,32,127,"""Even though they, too, lost a fortune when the brigands stole from me, Shameen and Shema are caring for this frail shadow of a great man.""","""למרות שגם הם איבדו הון תועפות כאשר השודדים חמסו ממני, שאמין ושימה דואגים לצילו החיוור של האדם הגדול שהייתי.""",
301,1,5,6,1,4,127,32,127,"""Here I pay good money for men to protect me, and what do they do when I need protection?  They run away.""","""אני משלם לאנשים משכורות עתק כדי שיגנו עלי, ומה הם עושים כשאני באמת נזקק להגנה? הם בורחים כמו שפנים.""",
301,1,5,6,2,4,127,32,127,"""Not one man died to defend my treasure.   You just can't hire good guards any more.""","""איש לא מת בהגנה על אוצרי. כבר אי אפשר למצוא שומרים טובים בימינו.""",
301,1,5,7,1,4,127,32,127,"""The leader was wearing a cloak, so I couldn't see his face.  His voice was rather high pitched, though.""","""המנהיג חבש ברדס, כך שלא יכולתי לראות את פניו. אם כי קולו היה גבוה וצורמני למדי.""",
301,1,5,8,1,4,127,32,127,"""The Wizard threw something at us that caused my eyes to be blinded with tears and my nose to be forced to sneeze.  I was helpless.""","""הקוסם יידה בנו משהו שגרם לעיניי להתעוור מרוב דמעות ולאפי להתעטש מבלי הפוגה. הייתי חסר אונים.""",
301,1,5,9,1,4,127,32,127,"""I trade the treasures of one land for that of another.  But the brigands have stolen every treasure I had and I am a merchant no more.""","""סחרתי באוצרות של ארץ אחת בעד אוצרות שכנתה. אולם השודדים חמסו ממני את כל אוצרותי ונותרתי חסר כל.""",
301,1,5,10,1,4,127,32,127,"""The Minotaur is a creature with the head of a bull and the body of a man. They are said to be very strong."" ","""המינוטאור הוא יצור בעל ראש של שור וגוף אדם. נאמר עליהם כי כוחם עצום ורב.""",
301,1,5,11,1,4,127,32,127,"""I am Abdulla Doo, son of Ali, grandson of Hasan, and formerly Master Merchant of Shapeir.  Now I am but a penniless burden upon my friends.""","""אני הוא עבדאללה דו, בן עלי, נכדו של חסן, ואדון הסוחרים לשעבר מהעיר שאפיר. כעת איני אלא חסר כל ומעמסה על ידידי.""",שיניתי אינני לאיני
301,1,5,12,1,4,127,186,127,"""Two weeks ago I was going to be wealthy beyond what you could dream of!  I, Abdulla Doo, would be the first merchant into this valley this year.  But my life was shattered by brigands.""","""לפני שבועיים כמעט ונפל בחלקי עושר מעל ומעבר לכל דמיון! אני, עבדאללה דו, עמדתי להתמנות לראש סוחרי העמק. אבל חיי התנפצו לרסיסים על ידי השודדים.""",
301,1,5,13,1,4,127,115,127,"""He is the very prince of Kattas.""","""הוא הוא נסיך החתולאים בכבודו ובעצמו.""",
301,1,5,14,1,4,127,32,127,"""Ah, Shapeir, beautiful land of golden sands and shining sun.  The heart of civilization!""","""אה, שאפיר, ארץ נפלאה של חולות זהובים ושמש חמימה. לב ליבה של הציביליזציה!""","אה, המשחק הבא <3"
301,1,5,14,2,4,127,32,127,"""Alas, she is plagued with fierce Djinn and Efreets who seek to drive all men and Kattas from the land.""","""אך לדאבון לב, היא הוכתה בשדי ג'יני ועפרית מרושעים אשר ביקשו לגרש מהארץ את כל האנשים והחתולאים.""",
301,1,5,14,3,4,127,32,127,"""But I can speak no more of the homeland I shall never see again.  Instead, I will die in this cold, forsaken land, bereft of all I love!""","""אבל לא אדבר עוד סרה בארץ מולדתי אשר לעולם לא אחזה עוד בזיו פניה. תחת זאת, אגווע בארץ נידחה וקפואה זו, הרחק מכל מאהבי.""",
301,1,5,15,1,4,127,32,127,"""She is the finest of cooks (outside of myself, that is).  But her fine food is as dust in my mouth, for I am but a beggar."" ","""היא הטובה שבטבחים (חוץ ממני, כמובן). אולם מאכליה המשובחים טעמם כעפר בפי, מאחר ואינני אלא קבצן עלוב!""",
301,1,5,16,1,4,127,32,127,"""I had treasures carefully brought from Shapeir with me.  I even had a Magic Carpet with me!""","""היו עמי אוצרות אשר הובאו תחת השגחה כבדה משאפיר. אפילו מרבד קסמים היה באמתחתי!""",
301,1,5,17,1,4,127,32,127,"""The Wizard was very short, and he giggled most of the time.  I couldn't understand what he was saying.""","""הקוסם היה נמוך מאוד, וצחקק רוב הזמן. לא הבנתי מילה ממה שהוא אמר.""",
301,1,16,0,1,99,127,32,127,What did Abdulla do to you that you should do him in?,מה עבדאללה עשה לך שככה אתה גומל לו?,
301,1,1,0,1,99,127,32,127,The merchant is a rather fat man with a small moustache and beard.  He wears a turban.,הסוחר הינו גבר שמנמן למדי עטוי זקן ושפמפם דק. הוא חבוש טורבן.,
301,1,11,0,1,99,127,32,127,"The merchant gratefully accepts your food ration, and consumes it in record time.","הסוחר מברך אותך על המזון, ומכלה אותו בזמן שיא.",
301,1,11,18,1,99,127,32,127,The merchant gratefully accepts your offer.,הסוחר מקבל בתודה את הצעתך.,
301,1,11,18,2,99,127,32,127,Abdulla Doo consumes his meal in record time.,עבדאללה דו סועד את ארוחתו במהירות האור.,
301,1,10,0,1,4,127,32,127,"""Gladly will I allow you to buy me a meal, O Prince among Heroes.""  ","""אסכים בחפץ לב שתקנה לי ארוחה, הו נסיך בקרב גיבורים.""",
301,1,10,0,2,4,127,32,127,"""Your offer is gracious, but keep your coins.  Abdulla Doo is no beggar."" ","""הצעתך כה רבת חסד, אולם שמור אצלך את מטבעותיך. עבדאללה דו אינו קבצן.""",
301,1,10,0,3,99,127,186,127,"Your lips say yes, but your purse says no. ","שפתיך אומרות כן, אך ארנקך אומר לא.",
301,1,10,0,4,4,48,105,48,"""Shema, prepare for me the feast of six houris.  I am willing to wait."" ","""שימה, ערכי נא לפני את משתה ששת הבתולות. אמתין ככל שידרש.""",
301,1,10,0,5,4,48,32,48,"""Shema, prepare for me the thrice brewed tea of the Southern Seas.  I am willing to wait."" ","""שימה, חלטי נא לי שלוש פעמים את תה הים הדרומי. אמתין ככל שידרש.""",
301,1,10,0,6,99,48,105,48,Abdulla already has one expensive-sounding order pending.,לעבדאללה כבר יש הזמנה ממתינה יקרה להחריד.,
301,1,10,0,7,4,48,32,48,"""Grateful is my parched throat, noble Hero.  Your generosity is unequalled in seven kingdoms.""  ","""גרוני ניחר מרוב תודות, גיבור אציל. נדיבותך אין שני לה בכל שבע הממלכות.""",
301,1,2,2,1,4,48,45,48,Brigands,שודדים,
301,1,2,3,1,4,48,104,48,Carpet,שטיח,
301,1,2,4,1,4,48,97,48,Commands,פקודות,
301,1,2,5,1,4,48,46,48,Friends,חברים,
301,1,2,6,1,4,48,116,48,Guards,שומרים,
301,1,2,7,1,4,48,110,48,Leader,מנהיג,
301,1,2,8,1,4,48,97,48,Magic,קסם,
301,1,2,9,1,4,48,114,48,Merchant,סוחר,
301,1,2,10,1,4,48,46,48,Minotaur,מינוטאור,
301,1,2,11,1,4,48,32,48,Name,שם,
301,1,2,12,1,4,19,32,127,Robbery,שוד,
301,1,2,13,1,4,48,32,48,Shameen,שאמין,
301,1,2,14,1,4,48,32,48,Shapeir,שאפיר,
301,1,2,15,1,4,48,32,48,Shema,שימה,
301,1,2,16,1,4,208,40,48,Wealth,שפע,
301,1,2,17,1,4,48,32,48,Wizard,קוסם,
301,2,1,0,1,99,48,32,48,"The chair is finely made, in contrast to the rough-hewn tables.","הספסל עשוי מלאכת מחשבת, בניגוד גמור לשולחנות הגסים והמחוספסים.",
301,3,1,0,1,99,48,32,48,The odor of cooking food wafts through the kitchen door.,ניחוח הבישולים מרחף מבעד לווילונות.,
301,4,1,0,1,99,48,32,48,"The warmth of the fire feels good on such a chilly day.  The proprietor of the inn apparently thinks so, too.  Cats always seem to gravitate to a warm hearth.","חום האש משרה תחושה נעימה ביום צונן שכזה. בעלי הפונדק חושב גם הוא ככה, מסתבר. חתולים תמיד נמשכים לאח חמים.",
301,5,1,0,1,99,48,32,48,A well-fed fire purrs happily in the fireplace.,אש נמרצת מרצדת בעליצות באח.,
301,6,1,0,1,99,48,32,48,The cheery firelight reflects off the freshly waxed floor.,אור הלהבה העליזה משתקף בריצפה הממורקת.,
301,7,1,19,1,99,48,32,48,You practically licked the plate clean.  That was delicious.,אתה מילולית מלקק את הצלחת עד שהיא מבריקה. זה היה מעדן.,
301,7,1,20,1,99,48,32,48,"The food looks unusual, but smells surprisingly good. ","האוכל נראה קצת משונה, אבל מריח נהדר באופן מפתיע.",
301,8,1,0,1,99,48,32,48,"You look closely and read:  ""Genie's lamp for rent.  Inquire in 'Quest for Glory 2:  Trial By Fire' for details.""  Oh, it's just another cheap plug. ","אתה מביט מקרוב וקורא: ""מנורת קסמים עם ג'יני להשכרה. עוד פרטים ב''הרצון לעוצמה 2: מבחן האש.'"" אה, זו סתם פרסומת.",
301,9,4,0,1,99,48,32,48,Ouch.,אאוץ'.,
301,9,1,0,1,99,48,178,19,This is the idiot half-brother candle.  (It's only half-bright.),זה האח החורג האידיוט של הנר. (הוא בוער באופן חריג.),לא זוכר את ההקשר. זה הנר של האח למחצה האידיוט?
301,10,1,0,1,99,127,32,48,"This authentic Polynesian mask is far, far from home. ","המסכה הפולינזית המקורית הזאת נמצאת רחוק, רחוק מביתה.",
301,11,1,0,1,99,48,32,48,This well-used ale tankard has seen fuller days.,קנקן הבירה המשומש כבר ראה ימים מלאים יותר.,"הוספתי ""כבר"""
301,12,1,0,1,99,48,32,48,That well-stuffed pillow looks more comfortable than these hard wooden benches.,הכרית הממולאת עד להתפקע נראית נוחה בהרבה מספסלי העץ הקשים.,
301,13,1,0,1,99,48,32,48,Collection of designer plates loaned to the Hero's Inn by Mary Meister.,אוסף של צלחות מעצבים שהושאלו לפונדק הגיבור על ידי מארי מייסטר.,
301,14,1,0,1,99,48,32,48,One of Hiram Plugmeister's double-barreled spitoons.,אחת מהמרקקות הדו תכליתיות של חירם פלאגמייסטר.,
301,15,0,21,1,99,48,32,48,"The food tastes surprisingly good, and the drink is delicious. ","האוכל טעים להפליא, והמשקאות תאווה לחיך.",
301,15,0,21,2,99,48,32,48,The beverage goes down smoothly and well.,המשקה שוקע בצורה חלקה ומהירה.,
301,15,0,18,1,99,48,32,48,Hey!  Stop that!  What do you think this is: some kind of biker bar?,היי! תפסיק עם זה! מה אתה חושב שזה: בר של אופנוענים?,
301,15,0,22,1,99,48,32,48,You take a seat at the table nearest the fire.,אתה תופס מקום על יד השולחן הקרוב ביותר לאש.,
301,15,16,0,1,99,48,32,48,You'd better check your skill list.  Ornamental carving isn't on there.,תעבור ברפרוף מהיר על רשימת הכישורים שלך. גילוף נוי אינו אחד מהם.,
301,15,4,0,1,99,48,32,48,"You see a sign that says, ""Please don't touch.""  Besides, Shameen is watching you.","אתה רואה שלט עם הכיתוב, ""נא לא לגעת"". וחוץ מזה, שאמין צופה בך.",
301,15,4,18,1,99,48,32,48,"That wood never work; the table is too board and logy to respond.  ""Planks anyway,"" you tell it.","אין גבעול ואין עלה; השולחן ניצב, עמוד ולוח מכדי להגיב.  ""קורה בכל אופן"", אתה אומר לו.",
301,15,1,0,1,99,48,32,48,"This looks like an alpine inn, complete with dishes on the wall and heavy beams on the ceiling.  It is pleasantly warm, and the aroma of strange spices fills the air.","זה נראה כמו פונדק אלפיני, מגיע באבזור מלא של צלחות על הקירות וקורות כבדות על התקרה. המקום חם ונעים, וארומה של תבלינים שונים ומשונים מרחפת בחלל החדר.",
301,15,52,0,1,99,48,32,48,You must pay the innkeeper for a room.,עליך לשלם לפונדקאי עבור החדר.,
301,15,71,23,1,99,48,32,48,Finish your drink.,סיים את המשקה.,
301,15,71,24,1,99,127,32,127,Eat your meal first.,"קודם כל, אכול את ארוחתך.",
301,15,71,25,1,99,48,32,48,You should wait for Shema to bring you what you ordered.,המתן עד ששימה תגיש לך את מה שהזמנת.,
301,16,4,0,1,99,48,32,48,Ouch.,אאוץ'.,
301,16,1,0,1,99,48,32,48,This is the brighter candle.,זה הנר הבהיר יותר.,
301,17,0,0,1,3,48,32,48,"""Welcome!  Welcome, traveler, to the Hero's Tale Inn!  I am Shameen, at your service.  May you find what you seek here."" ","""ברוך הבא! ברוך הבא בצל קורתינו, נוסע, אל פונדק עלילות גיבור! אני שאמין, לשירותך. מי יתן ותמצא אצלנו את מבוקשך.""",
301,17,0,26,1,3,48,32,48,"""May you dream of all the rewards you deserve.""","""מי יתן ותחלום על כל הפרסים המגיעים לך.""",
301,17,0,26,2,99,48,32,48,You thank Shameen and pay him 5 silvers for the room.,אתה מודה לשאמין ומשלשל לידיו 5 שקלי כסף תמורת החדר.,
301,17,5,27,1,3,48,32,48,"""He is a merchant from my homeland of Shapeir, a dear friend and guest here.""","""הוא סוחר מארץ מכורתי שאפיר, חבר יקר ואורח שלנו.""",
301,17,5,2,1,3,48,32,48,"""I know little about them except that they must be wealthy now.""","""אני יודע עליהם מעט מאוד פרט לכך שהם צריכים להיות מאוד עשירים כיום.""",
301,17,5,28,1,3,48,32,48,"""In my homeland, a caravan is the only way to travel from city to city.""","""בארץ מולדתי, קראוון הוא כלי התחבורה היחיד הזמין לנסיעות בין עירוניות.""",
301,17,5,29,1,3,48,32,48,"""Very good food, very good drink, finest in town.  Sit, rest, you will be served by my Shema."" ","""אוכל טוב, משקאות משיבי נפש, מהמשובחים ביותר בעיירה. שב עמנו, החלף כוחות, שימה תעמוד לשירותך.""",
301,17,5,30,1,3,48,32,48,"""We live far to the south in the desert lands.  Someday, we may yet return there.""","""התגוררנו הרחק בדרום באדמות המדבר של שאפיר. יום אחד אולי גם נחזור לשם.""",
301,17,5,31,1,3,48,32,48,"""This is the Hero's Tale Inn, where Shema and I will be delighted to serve you.""","הגעת לפונדק עלילות גיבור, בו אני ושימה נשמח לעמוד לשירותך בכל עת.""",
301,17,5,31,2,3,48,32,48,"""The softest and safest of beds, the richest and finest of foods awaits you. You have but to command."" ","""אצלנו מחכים לך המיטות הרכות והבטוחות ביותר, והמאכלים העשירים והמובחרים ביותר. כל שעליך לעשות זה לצוות.""",
301,17,5,32,1,3,48,32,48,"We Katta are a race of desert dwellers, wanderers of the endless sands.""","""אנו גזע של שוכני מדבר ונוודי החולות האינסופיים.""",
301,17,5,33,1,3,127,186,127,"""Poor Abdulla sits.  He tries to forget his loss in food and drink. I think he will not be sorry if you join him at his table.""","""עבדאללה האומלל יושב ומנסה להטביע את יגונו במאכל ומשתה. כמדומני שהוא לא יתנגד אם תצטרף אליו לשולחן.""",
301,17,5,9,1,3,48,32,48,"""My friend, Abdulla, is recovering from his robbery last week. He should be here around suppertime."" ","""ידידי, עבדאללה, מתאושש מהשוד הנורא שעבר עליו בשבוע שעבר. הוא אמור להופיע כאן בסביבות ארוחת הערב.""",
301,17,5,11,1,3,48,32,48,"""I am Shameen, a poor unfortunate, forced to seek a fortune in this cold land far away from my homeland and my Katta people.""  ","""אני שאמין, עלוב חסר מזל, נאלצתי לחפש את מזלי בארץ מקפיאה זו הרחק מארץ מולדתי ומבני עמי החתולאים.""",
301,17,5,34,1,3,48,32,48,"""There is no end to the food that that one can eat!""","""אין קץ לכמות האוכל שהאיש הזה מסוגל לאכול!""",
301,17,5,12,1,3,48,32,48,"""Alas, the brigands stole all of Abdulla's wealth and mine own when they robbed his caravan.  Now I am forced to stay in this wet, cold land.""","""לדאבוני, כל הרכוש שצברנו אני ועבדאללה היה בתוך הקראוון שנגזל על ידי השודדים. כעת אאלץ להישאר בארץ קרה וסגרירית זו.""",
301,17,5,35,1,3,48,32,48,"""Very nice room.  Very soft beds, finest in town.  Only five silvers a night.""","""חדר נאה ביותר, מיטות רכות וענוגות -- המיטב שבעיירה. רק חמש מעות כסף ללילה.""",
301,17,5,14,1,3,48,32,48,"""A land of golden sand and tall mountains, a city of tall buildings and winding streets!""","""ארץ של חולות זהובים והרים רמים, עיר של בניינים גבוהים ורחובות מתפתלים!""",
301,17,5,14,2,3,48,32,48,"""A place where Katta can bask in the sun as they sell things in the bazaar. "" ","""מקום שבו חתולאי יכול להשתזף בשמש בשעה שהוא מוכר את מוצריו בבזאר.""",
301,17,5,14,3,3,48,32,48,"""It is our homeland, and a place we long to be.""","זאת היא ארץ מחצבתנו, ואליה נפשנו הומיה.""",
301,17,5,15,1,3,48,32,48,"""Shema is my beloved, and she can cook and keep an Inn as few others.""","""שימה היא אהובת חיי, ומעטות היודעות לבשל ולנהל פונדק כפי שהיא יודעת.""",
301,17,5,15,2,3,48,32,48,"""When she dances, there is true magic.  If we ever return to Shapeir, then she will again dance. "" ","""כשהיא רוקדת, אז מתחיל הקסם האמיתי. אם אי פעם נשוב לשאפיר, היא תמצא בנפשה כוחות לשוב ולרקוד.""",
301,17,5,36,1,3,48,32,48,"""He comes in with his wife sometimes for food.  He is very wise and generous."" ","""מפעם לפעם הוא יורד אלינו עם אשתו לסעוד את ליבו. הוא מאוד פיקח ונדיב.""",
301,17,5,37,1,3,48,32,48,"""This is a cold land for a Katta.""","""זאת ארץ קרה מדי בשביל החתולאים.""",
301,17,5,38,1,3,48,32,48,"""Spielburg is a sad place for an Innkeeper, for few travelers visit because of the brigands.""","""שפילבורג היא מקום קודר לפונדקאים, שכן ספורים הנוודים הפוקדים אותה בנדודיהם מאימת השודדים.""",
301,17,5,16,1,3,48,32,48,"""I hoped to return to my homeland with the profits Abdulla, Shema, and I would make from the caravan.  Now, I fear, we will remain here unless someone defeats the brigands and returns our stolen treasures.""","""תקוותי היתה שאשוב למולדתי כשכיסינו תפוחים מהרווחים הנאים שאני, שימה, ועבדאללה נעשה מהקראוון. עתה, חוששני, כי נאלץ להשתקע כאן, אלא אם כן יקום אדם אמיץ שיביס את השודדים וישיב לנו את סחורתנו הגנובה.""",
301,17,4,0,1,99,127,186,127,You think better of it; those claws look sharp.,כדאי שתחשוב על זה עוד הפעם; הטפרים האלה נראים חדים.,
301,17,1,0,1,99,127,32,127,"You see a small, cat-like creature known as a Katta.  You've heard that Kattas are common in the southern deserts.","אתה רואה יצור קטן, דמוי חתול הידוע כחתולאי. שמעת כי החתולאים נפוצים במדבריות הדרום.",
301,17,10,39,1,99,127,32,127,"Because your silver is too low, you must find other accomodations.  Perhaps you can find work somewhere.","בגלל שתכולת ארנקך ירדה אל מתחת לקו האדום, תיאלץ לחפש אכסניה חילופית. אולי כדאי שתמצא עבודה איפשהו.",
301,17,10,40,1,99,127,32,127,It's too early to go to bed; you don't feel tired enough to sleep.,השעה מוקדמת מכדי לפרוש למיטה; אינך מרגיש עייף מספיק בשביל לישון.,
301,17,10,40,2,3,127,32,127,"""I dare not offend my wife by letting you rent a room before she has finished serving you."" ","""הכיצד אעז להעליב את אשתי היקרה ולהשכיר לך חדר טרם כילתה היא לשרת אותך.""",
301,17,10,41,1,99,127,32,127,"You are sure that you would not be able to sleep, because you are so hungry.",אתה בטוח שלא תהיה מסוגל לישון מרוב רעב.,
301,17,69,42,1,3,127,32,127,"""Very good food, very good drink, finest in town.  Sit, rest, you will be served by my Shema.""","""אוכל מצויין, משקה מצויין, הכי טובים בעיר. שב, נוח, שימה שלי תשרת אותך.""",
301,17,2,27,1,3,127,32,127,Abdulla,עבדאללה,
301,17,2,2,1,3,127,32,127,Brigands,שודדים,
301,17,2,28,1,3,127,32,127,Caravan,קרוואן,
301,17,2,29,1,3,127,32,127,Food,מזון,
301,17,2,30,1,3,127,32,127,Homeland,ארץ מוצא,
301,17,2,31,1,3,127,32,127,Inn,פונדק,
301,17,2,32,1,3,127,32,127,Katta,חתולאים,
301,17,2,33,1,3,127,32,127,Merchant,סוחר,
301,17,2,9,1,3,127,32,127,Merchant,סוחר,
301,17,2,11,1,3,112,111,126,Name,שם,
301,17,2,34,1,3,112,116,112,Otto,אוטו,
301,17,2,12,1,3,127,32,127,Robbery,שוד,
301,17,2,35,1,3,127,32,127,Room,חדר,
301,17,2,14,1,3,127,32,127,Shapeir,שאפיר,
301,17,2,15,1,3,127,32,127,Shema,שימה,
301,17,2,36,1,3,127,32,127,Sheriff,שריף,
301,17,2,37,1,3,127,32,127,Spielburg,שפילבורג,
301,17,2,38,1,3,127,32,127,Town,עיר,
301,17,2,16,1,3,127,32,127,Wealth,שפע,
301,18,0,43,1,2,127,32,127,"""I bring you that which you ordered.  May it please and satisfy you.""","""הבאתי לך את אשר הזמנת. כולי תקווה שתתענג ותסופק.""",
301,18,0,44,1,2,127,32,127,"""I am Shema.  Allow me to serve you, Wanderer from Afar.  Do you wish food or drink?""","""אני היא שימה. הרשה לי לשרת אותך, נודד מארץ רחוקה. התחפוץ במזון או במשקה?""",
301,18,0,45,1,2,127,32,127,"""Permit me to clear the table for you."" ","""הרשה לי לפנות את השולחן עבורך.""",
301,18,5,27,1,2,127,32,127,"""Abdulla, too, is from the land of Shapeir.""","""עבדאללה אף הוא הגיע משאפיר.""",
301,18,5,46,1,2,127,32,127,"""It is true I love to dance, but my soul can not fly so far from home.""","""נכון שאני אוהבת לרקוד, אבל נשמתי לא יכולה לעוף כשאני כה רחוקה מביתי.""",
301,18,5,23,1,2,127,32,48,"""We have rich black coffee, freshly ground and brewed as only my people do.  Such coffee will bring you to your full alertness.""","""יש לנו קפה שחור ועשיר, שנטחן במקום ומבושל כמו שרק בני עמי מכינים. קפה כזה יחדד את חושיך לחלוטין. הוא עולה רק מטבע כסף אחד.""",
301,18,5,29,1,2,48,32,48,"""We have very good stew of newborn lamb along with honey chicken for a mere three silvers.  Coffee is included in the price of the meal.""  ","""יש לנו צלי טלה בן-יומו מצויין, מוגש עם עוף בדבש תמורת שלושה מטבעות כסף בלבד. קפה כלול במחיר הארוחה.""",
301,18,5,30,1,2,48,32,48,"""Our homeland is far to the south.  It is called Shapeir.""","""מולדתנו שוכנת בדרום הרחוק. שמה הוא שאפיר.""",
301,18,5,32,1,2,48,32,48,"""Katta are a quiet, gentle people.""","""החתולאים הם עם שקט ועדין.""",
301,18,5,9,1,2,48,32,48,"""Abdulla will always be our guest and friend.""","""עבדאללה תמיד יהיה אורחנו וחברנו.""",
301,18,5,11,1,2,48,32,48,"""I am Shema, which means in the words of the Katta, 'She of the Dance.'""","""אני היא שימה, שמשמעותה בשפת החתולאים, 'היא הרוקדת.'""",
301,18,5,47,1,2,48,32,48,"""It is Shameen who is the speaker for the house, for I have much work to do to serve you.""","""שאמין הוא הדובר בענייני הבית, לי יש יותר מדי עבודה בלשרת אותך.""",
301,18,5,47,2,2,48,32,48,"""If you wish to know more about such things, then you should speak to him."" ","""אם תחפוץ לדעת יותר על כך, כדאי לך לדבר איתו.""",
301,18,5,12,1,2,48,32,48,"""Abdulla will be honored to tell you of that.""","""עבדאללה יתכבד לספר לך על כך.""",
301,18,5,35,1,2,48,32,48,"""You have but to give Shameen five silvers, and you may have a bed to dream upon.""","""רק תן לשאמין חמש מטבעות כסף, ותהיה לך מיטה לחלום עליה"".",
301,18,5,13,1,2,48,32,48,"""He is my soulmate.""","""הוא הנשמה התאומה שלי.""",
301,18,5,14,1,2,48,32,48,"""Shapeir is where we Katta come from.  It is warm and glowing and the sun is always bright.""","""שאפיר היא המקום ממנו אנחנו החתולאים מגיעים. זה מקום חם, זוהר ובו השמש תמיד מאירה"".",
301,18,4,0,1,99,48,32,48,Her claws look too sharp for you to risk her (or her husband's) wrath.,הטפרים שלה נראים חדים מכדי שתסתכן בזעמה (או בזעמו של בעלה).,
301,18,1,0,1,99,48,32,48,You see a rather attractive female Katta wearing her native costume.,"אתה רואה נקבת חתולאים די מושכת, לובשת את הבגדים המסורתיים שלה.",
301,18,10,48,1,99,48,90,0,One more cup of coffee and you'll be up all night.  Better quit now.,עוד כוס קפה ואתה תהיה ער כל הלילה. כדאי שתפסיק עכשיו.,
301,18,10,49,1,99,127,32,127,You caffeine addicts are all alike.,"אתם המכורים לקפאין, כולכם אותו הדבר.",
301,18,10,18,1,99,48,32,48,There's no need.  You're not hungry.,אין צורך. אתה לא רעב.,
301,18,10,50,1,99,48,32,48,You pay Shema for a meal.,אתה משלם לשימה על הארוחה.,
301,18,10,51,1,99,48,32,48,You decide not to buy that.,אתה מחליט לא לקנות את זה.,
301,18,10,39,1,99,48,32,48,"Because your silver is too low, you must find other accomodations.  Perhaps you can find work somewhere.","אתה דל אמצעים, אתה חייב למצוא סידורי שינה אחרים. אולי אתה יכול למצוא עבודה איפהשהו.",
301,18,10,41,1,99,48,32,48,You are ravenous and immediately pay for a meal.,אתה גווע מרעב ומיד משלם על ארוחה.,
301,18,2,27,1,2,48,32,48,Abdulla,עבדאללה,
301,18,2,46,1,2,48,32,48,Dance?,ריקוד,
301,18,2,23,1,2,48,32,48,Drink,משקה,
301,18,2,29,1,2,48,32,48,Food,מזון,
301,18,2,30,1,2,48,32,48,Homeland,ארץ מוצא,
301,18,2,32,1,2,48,32,48,Katta,חתולאים,
301,18,2,9,1,2,48,32,48,Merchant,סוחר,
301,18,2,11,1,2,48,32,48,Name,שם,
301,18,2,47,1,2,48,32,48,Questions,שאלות,
301,18,2,12,1,2,127,186,127,Robbery,שוד,
301,18,2,35,1,2,127,32,127,Room,חדר,
301,18,2,13,1,2,127,32,127,Shameen,שאמין,
301,18,2,14,1,2,127,32,127,Shapeir,שאפיר,
301,19,4,0,1,3,127,32,127,"""That door leads to the sleeping rooms.  If you desire a room, it will cost a mere 5 silvers.""","""הדלת הזו מובילה לחדרי השינה. אם לבך חפץ בחדר, זה יעלה לך 5 מטבעות כסף בלבד.""",
301,19,1,0,1,99,127,32,127,A door to some other room.  Perhaps the proprietor can tell you what's in there.,דלת שמובילה לחדר אחר. אולי בעל הבית יוכל לספר לך מה יש שם.,
301,20,4,0,1,99,127,32,127,You are too polite to enter the kitchen uninvited.,אתה מנומס מכדי להיכנס למטבח ללא הזמנה.,
301,20,1,0,1,99,127,32,127,The odor of cooking wafts through the curtains.,ניחוח הבישולים מרחף מבעד לווילונות.,
301,21,4,0,1,99,127,32,127,"The table feels rough to the touch, but very solid.","השולחן מחוספס למגע, אבל מאוד יציב.",
301,21,4,18,1,99,127,32,127,"That wood never work; the table is too board and logy to respond.  ""Planks anyway,"" you tell it.","אין גבעול ואין עלה; השולחן ניצב, עמוד ולוח מכדי להגיב.  ""קורה בכל אופן,"" אתה אומר לו.",
301,21,1,0,1,99,127,32,127,The tables look like they have been rough-cut from some of the local pines.,השולחנות נראים כאילו נוסרו מעצי האורן המקומיים.,
301,22,1,20,1,99,127,32,127,"The coffee is black as night, hot as hell, and sweet as a lover's kiss. ","הקפה שחור כלילה, חם כגיהנום ומתוק כנשיקת אוהבים.",
301,23,1,0,1,99,127,32,127,You see an assortment of tools used to maintain the fire.,אתה רואה מגוון כלים המשמשים לתחזוקת האש באח.,
302,1,0,0,1,99,4,0,241,The sleep heals and refreshes you.,השינה מרפאה ומרעננת אותך.,
31,1,1,0,1,99,32,115,119,"You'd cheddar watch out; Fenrus seems to be pretty gouda with his spellcasting.  Don't get him mad, or you'll swiss you'd never been born. ","מציע לך לנקוטג' משנה זהירות; פנרוס נראה קצת יותר מבצ'דר בכל הנוגע ללחשי הקסם שלו. לא כדאי לך להרגיז אותו, פן תגיד קשקבל שנולדת.","משחק מילים שאין סיכוי לתרגם באופן זהה. הייתי מתרגם בלי משחק המילים - כדאי שתיזהר; נראה שפנרוס הוא די טוב בהטלת לחשים. אל תעצבן אותו, או שתצטער שבכלל נולדת"
31,2,1,0,1,99,119,97,115,The tea in the cup sitting on the table seems to refill itself as the wizard drinks.,נראה שספל התה המונח על השולחן מתמלא מעצמו בזמן שהקוסם לוגם.,
31,2,1,0,2,99,105,109,101,The tea in the cup has a strange aroma.,לתה בספל יש ניחוח מוזר.,
31,3,1,0,1,99,97,121,108,You are certain those are curtains.,אלה הם וילונות אז די לתלונות.,
31,4,0,1,1,16,32,115,116,Please!  The least you could do is ask me about something more interesting.,"""בבקשה ממך! המעט שתוכל לעשות הוא לשאול אותי על משהו יותר מעניין.""",
31,4,0,2,1,16,10,105,110,"""Since you are a practitioner of the magical arts, you might be interested in a little game I have.  Do you know the spell 'Open?'""","""מאחר ואתה מתחמה באומניות הקסם, שמא תתעניין במשחק קטן שהמצאתי. האם מכיר אתה את הלחש 'פתח'?""",
31,4,0,2,2,16,104,32,116,"""Too bad.  You can buy a learning scroll at Zara's shop.  You really can't play the game without it.""","""חבל מאוד. באפשרותך לקנות את מגילת ההשכלה בחנותה של זארה. לא תוכל לשחק במשחק מבלעדיה.""",
31,4,0,2,3,16,111,119,46,"""Do you know the spell 'Fetch'?""","""את הלחש 'תפוס' אתה מכיר?""",
31,4,0,2,4,16,105,115,32,"""The Magic shop in town sells the learning scroll.  It's a very useful spell for moving things at a distance.  You need the spell to play the game.""","""בחנות הקסמים בעיירה נמכרת מגילה ההשכלה. זהו לחש שימושי מאוד להנעת חפצים ממרחק. כדי לשחק במשחק עליך להיות בקי בלחש.""",
31,4,0,2,5,16,97,99,101,"""Great!  Now, can you cast 'Flame Dart?'""","""נהדר! כעת, האם תוכל להטיל את 'חץ הלהבה?'""",
31,4,0,2,6,16,121,63,96,"""That is a very useful spell if you are going to go adventuring.  Zara has that spell as well.""","""זהו לחש שימושי ביותר במידה ואתה מתכנן לצאת להרפתקה. זארה מחזיקה גם בקסם זה כמובן.""",
31,4,0,2,7,16,115,46,32,"""Ah, good, good.  Now, all you have to know is the spell ""Trigger.""  I don't suppose you know that spell, do you?""","""אה, יופי, יופי. עכשיו, הקסם האחרון שעליך ללמוד הוא קסם ה""התנעה"". אני משער שלא שמעת על לחש זה, נכון?""",
31,4,0,2,8,16,115,32,104,I believe I gave a learning scroll to the Hermit.  You should talk to him about it.,"""כמדומני שמסרתי מגילת השכלה לנזיר. תצטרך לדבר איתו בנוגע לזה.""",
31,4,0,2,9,16,97,99,117,"""Wonderful!  Then you can play a game of Mage's Maze with me.  You do want to play, don't you?""","""נהדר! אז עכשיו אתה יכול לשחק איתי במבוך המכשפים. אתה רוצה לשחק, נכון?""",
31,4,0,2,10,16,101,10,116,"""I'll teach you the Dazzle spell if you win.""","""אלמד אותך את לחש הסנוור במידה ותנצח.""",
31,4,0,2,11,16,32,102,114,"""Ready to play Mage's Maze?""","""מוכן לשחק במבוך המכשפים?""",
31,4,0,2,12,16,104,105,109,Nice to see you back.  Shall we play a game of Mage's Maze?,"""נהדר לראות את פניך שוב. שנשחק במבוך המכשפים?""",
31,4,0,2,13,16,87,65,76,"Oh, well.  It is a good game.  Good practice, too.  Maybe we can play the next time you visit.","""נו, שוין. זה משחק טוב. גם אימון טוב. אולי נשחק בפעם הבאה שתבוא לבקר.""",
31,4,0,3,1,16,76,79,79,"""Since you won't answer my riddles, to SPELL with you!""  ","""מאחר ואינך עונה נכונה על חידותי, לך כשף מי ינענע אותך!""",
31,4,0,3,2,16,32,64,64,"You seem to know all of my punchlines, so...
to SPELL with you!","""עושה רושם שאתה מתמצא בכל שורות המחץ שלי, אז... לך כשף את החברים שלך!""",
31,4,0,3,3,16,82,10,96,"Your thoughts give you away, but before you can DO anything...","""מחשבותיך מסגירות אותך, אבל לפני שתספיק לעשות משהו...""",
31,4,0,3,4,16,108,108,115,Not in MY house you don't...,"לא בבית ספרנו אתה לא...""",
31,4,5,4,1,16,105,107,101,"""Baba Yaga is good at curses and shape-changing spells. She has a nasty temper, and doesn't believe in 'Safe Hex', so it's best to stay on her good side."" ","""באבא יאגה טובה בקללות ובלחשי שינוי צורה. יש לה מזג חם, ולא מאמינה ב'כישוף מוגן', אז לטובתך אל תעלה לה על העצבים.""",
31,4,5,4,2,16,101,114,101,You have to watch her.  She cheats at cards.,"""אל תסיר ממנה עין לרגע. היא מרמה בקלפים.""",
31,4,5,4,3,17,32,111,117,So do you!,"""גם אתה!""",
31,4,5,4,4,16,118,105,110,"""She started it first.  Besides, I wanted her to get a taste of her own medicine.""","""היא התחילה ראשונה. וחוץ מזה, רציתי שגם היא תטעם מהתרופה שלה.""",
31,4,5,4,5,17,32,32,40,"""Shame she still beats you.""","""בושה וחרפה שהיא עדיין מנצחת אותך.""",
31,4,5,5,1,16,116,32,104,"They have a supposed warlock working with them.  From what I've seen, he's more nincompoop than necromancer.","""אמור להיות להם מכשף שעובד איתם. ממה שראיתי, הוא יותר ילד רחוב מאשר בעל אוב.""",
31,4,5,6,1,16,100,111,101,"Basically, anyone who uses magic is a magic user;   anyone who casts spells is a spellcaster.","""בעיקרון, כל מי שעושה שימוש בקסמים הוא קוסם; וכל מי שמטיל לחשים הוא לוחש.""",
31,4,5,6,2,16,116,32,104,"""However, to be a wizard, you need to have undergone initiation into the 'Wizard's Institute of Technocery' in the land of Shapeir."" ","""עם זאת, על מנת להפוך לאשף, עליך לעבור טקס חניכה ב'מכון האשפים הטכנוקוסמי' בארץ שאפיר.""",
31,4,5,6,3,16,104,105,108,Magicians and sorcerers are wizards who specialize.,"""קוסמים ומכשפים הם אשפים שעברו הכשרה.""",
31,4,5,6,4,16,101,32,104,"For myself, I prefer to master all aspects of Magic unlike the narrow-
minded specialists.","""אני כשלעצמי, שואף להתמקצע בכל תחומי הקסם, בניגוד לאותם מומחים צרי אופקים.""",
31,4,5,6,5,17,10,10,37,"You wouldn't want to lose your amateur standing, after all.","""לא היית רוצה לאבד את המעמד החובבני שלך, אחרי הכול.""",
31,4,5,6,6,16,87,95,78,I prefer to think of myself as a dilettante.,"""אני מעדיף לחשוב על עצמי כעל חובבן.""",
31,4,5,6,7,17,95,86,32,"""Does that mean that you tease pickles?""","""זה אומר שיש לך חוב-בבנק?""",
31,4,5,7,1,16,65,82,82,A countercurse is the cure for a curse.  It usually works against the one who cast the curse in the first place.,"""קללה שכנגד היא מזור לקללות. היא בדרך כלל פועלת כנגד אותו אחד שהטיל את הקללה מלכתחילה.""",
31,4,5,7,2,16,84,111,32,The countercurse for the curse on the Baron goes:,"""הקללה שכנגד לקללת הברון הולכת ככה:""",
31,4,5,7,3,16,116,44,32,"""Come a hero from the East...""","""מהמזרח יגיע גיבור...""","הצעה אחרת: ""מהמזרח יגיע גיבור"""
31,4,5,7,4,16,107,115,32,"""Free the man from in the beast...""","""בעבור האדם על החיה יגבור...""","""בעבור האדם על החיה יגבור"""
31,4,5,7,5,16,87,111,108,"""Bring the child from out the band...""","""יציל את הילדה מחבורת השרץ...""",
31,4,5,7,6,16,101,32,77,"""Drive the Curser from the land.""","""ויגרש את המקללת מהארץ.""",
31,4,5,7,7,16,115,32,97,"So, to break the curse, a hero must get rid of Baba Yaga, in addition to all the other things.  It does not reflect well on Baba Yaga.","""אז כדי לשבור את הקללה, הגיבור צריך לסלק את באבא יאגה, בנוסף לדברים האחרים. זה לא משתקף היטב על באבא יאגה.""",
31,4,5,7,8,17,114,108,121,Nothing reflects well upon that Ogress.  She has a face that would break all but a Magic Mirror.,"""שום דבר לא משתקף היטב על העוגית הזאת. יש לה פנים ששוברות הכול מלבד מראת הקסמים.""",
31,4,5,8,1,16,101,46,32,The curse Baba Yaga placed upon the Baron von Spielburg was a fine example of creative cursing.,"""הקללה שבאבה יאגה הטילה על ראשו של הברון פון שפילבורג היתה דוגמה נפלאה לגידוף יצירתי.""",
31,4,5,8,2,16,87,73,78,"""Upon von Spielburg and all his clan,<CRLF>This the curse I now demand:""","""על ראש פון שפילבורג ועל אנשיו,
זו הקללה אטיל מעכשיו:""",
31,4,5,8,3,16,62,76,79,"""What I will shall come full measure, <CRLF>  So shall ye lose all that ye treasure."" ","""כל מבוקשי במלואו יתגשם,
על כן תאבדו כל היקר ללבכם""",
31,4,5,8,4,16,78,73,71,"Of course, the problem is that for every curse there is an equal and opposite countercurse.","""הבעיה, כמובן, שלכל קללה קיימת קללה שכנגד, שווה בעוצמתה והפוכה לה.""",
31,4,5,9,1,16,49,32,64,Now that's a spell with charm!,"""זהו לחש קסום ורב חן.""",
31,4,5,9,2,16,79,82,10,"It's true name is Erasmus' Razzle Dazzle, by the way.","""שמו האמיתי הוא ארסמוס סנוור ועוור, דרך אגב.""",
31,4,5,9,3,16,127,32,127,You cast the spell and anyone looking directly at its corruscating light is blinded for awhile and can't do anything.,"""אתה מטיל את הלחש וכל מי שמביט ישירות באורו הבוהק מוכה בסנוורים ולזמן מה הופך משותק לחלוטין.""",
31,4,5,10,1,16,127,127,0,Never met her.  I only built this vacation home here a century ago.,"מעולם לא פגשתי אותה. רק בניתי את בית הנופש הזה לפני מאות בשנים.""",
31,4,5,10,2,16,166,166,166,"Erana has a nice little magical meadow in her name northeast of here.  Pretty respectable Spellcaster, I imagine.","""אחו קסום ונעים שנמצא צפונה מכאן נקרא על שמה של אראנה. נחשבה ללוחשת מכובדת ומוערכת, כך מסתבר.""",
31,4,5,10,3,16,166,0,105,"The Protection spell she cast over the town is fairly good, but I believe she missed a few places.","""קסם ההגנה שהטילה על העיירה היה סביר למדי, אך אני מאמין שהיא פספסה כמה מקומות.""",
31,4,5,10,4,17,103,104,32,You're just jealous because the only thing anyone named after you was a soft drink.,"""אתה מקנא כי הדבר היחיד שקראו על שמך היה שתיה קלה.""",
31,4,5,10,5,16,100,111,119,"I thought that ""Erasmus' Rootin' Tootin' Root Beer"" was a WONDERFUL name for a product!  It's a shame the company went broke after that.","""חשבתי שהשם ""בירת שורשים ארסמוס סנוור ועוור"" היה מדהים בתור מוצר צריכה. חבל מאוד שהחברה שייצרה אותה פשטה את הרגל מיד לאחר מכן.""",
31,4,5,11,1,16,32,105,115,I am a wizard of some reknown.,"""אני אשף בעל שם עולמי.""",
31,4,5,12,1,17,108,97,99,"""What am I, some sort of object?  Am I invisible or something that you talk about me behind my back in front of my face?  Sheesh, no respect."" ","""מה אני, חפץ ותו לא? האם אני בלתי נראה או משהו שאתה מדבר עלי מאחורי גבי מתחת לאף שלי? בחיי, אין כבוד בימינו.""",
31,4,5,12,2,16,97,121,63,"""It's hard to take anyone very seriously who wears such a ridiculous hat.""","""קשה לקחת ברצינות מישהו שחובש כובע מגוחך כל כך.""",
31,4,5,13,1,16,97,121,108,"""'Fetch' is a useful spell for catching and retrieving small objects."" ","""'תפוס' הוא לחש שימושי ללכידת ואחזור עצמים קטנים.""",
31,4,5,13,2,16,32,115,116,It's good for putting things in their place.,"""טוב להעמדת דברים על מקומם.""",
31,4,5,13,3,17,0,108,112,Like uppity familiars?,"""כמו בני לוויה רברבנים?""",
31,4,5,13,4,16,112,111,112,"I'd put you in your place, but I'm above such things.","""הייתי מעמיד אותך על מקומך, אבל זה מתחת לרמתי.""",
31,4,5,13,5,17,112,110,112,"Besides, my place is above your reach.","""וחוץ מזה, מקומי הוא מעבר להשגתך.""",
31,4,5,14,1,16,127,32,127,Henry is a hermit who lives by the Flying Falls to the south. Great sense of humor.,"""הנרי הוא נזיר החי על יד המפלים המעופפים בדרום. חוש הומור מפותח.""",
31,4,5,14,2,17,127,32,127,That means he actually laughs at Erasmus' jokes.,"""מה שאומר שהוא למעשה צוחק מהבדיחות של ארסמוס.""",
31,4,5,14,3,16,127,32,127,"I think he borrowed something the last time I saw him, but I can't remember exactly what it was.","""אני חושב שהוא השאיל משהו בפעם האחרונה שראיתי אותו, אך אינני זוכר מה זה היה בדיוק.""",
31,4,5,14,4,16,127,32,127,"Oh, well, Henry is a great one to talk to.","טוב, הנרי הוא מעולה בתור אוזן קשבת.""",
31,4,5,14,5,17,127,32,127,But 'e 'ardly ever 'appens to 'ave much to say.,"""אבל נדיר מאוד שיש לו מה להגיד.""",
31,4,5,15,1,16,127,32,127,You need to complete your quest here before you can become initiated as a Wizard.,"""עליך להשלים את משימתך כאן טרם תועלה לדרגת אשף.""",
31,4,5,16,1,16,48,32,48,"""If Magic be the lute of life, play on!""","""אם קסם החיים מנדולינה, נגנו לי עוד!""",
31,4,5,16,2,17,48,101,48,"The quote was ""Music"", not ""Magic""!  And it was ""food"", not ""lute""!","""הציטוט היה ""טעם"", לא קסם! וזה היה ""קוקה קולה"" לא ""מנדולינה"", ו""מזגו"" במקום ""נגנו""!""",
31,4,5,16,3,16,48,105,48,"How about:  ""Magic makes the world go 'round""?","""מה לגבי: ""הקסם מניע את העולם""?""",
31,4,5,16,4,17,127,32,127,"""MONEY makes the world go 'round""!","""ה כ ס ף  מניע את העולם!""",
31,4,5,16,5,16,127,32,127,"""Oh!""","""אה!""",
31,4,5,16,6,16,127,32,127,"Very well, then.  To put it in my own words:  ""Magic is the essence and the soul of life, and the Wizard is Her poet"".","טוב ויפה. אם כן אנסח את זה במילים שלי: ""קסם הוא מהות ונשמת אפם של החיים, והאשף הוא משוררו.""",
31,4,5,16,7,17,127,32,127,"Actually, it was Merlin who said that first, but he used the term ""Magician"", not ""Wizard"".","""למעשה, מרלין אמר את זה ראשון, אך השתמש במונח ""קוסם"" ולא ""אשף"".""",
31,4,5,16,8,16,127,186,127,"Fenrus, there are times when you'd look better as a newt!","""פנרוס, לעיתים אני סבור שהיית נראה מרשים הרבה יותר לו היית סלמנדרה!""",
31,4,5,16,9,17,48,40,48,Why is that?,"""למה אתה חושב?""",
31,4,5,16,10,16,48,105,48,Because newts can't talk!,"""כי סלמנדרות לא יודעות לדבר!""",
31,4,5,16,11,17,48,101,48,Neither can most rats.,"""גם רוב העכברים לא.""",
31,4,5,17,1,16,48,32,48,"Just a little something to challenge the mind and the magic.  I like to play it every now and then, but Fenrus isn't much of a challenge anymore.","""סתם משהו קטן לאתגר את המוח והקסם שאני אוהב לשחק איתו מפעם לפעם. פנרוס כבר לא מהווה בשבילי אתגר כבעבר.""",
31,4,5,17,2,17,127,32,127,That's because I always win.,"""זה בגלל שאני תמיד מנצח.""",
31,4,5,17,3,16,127,32,127,"I still think you're cheating, somehow!","""אני עדיין חושב שאתה מרמה איכשהו!""",
31,4,5,17,4,16,127,32,127,"Anyway, the game involves casting four spells:   ""Flame Dart"", ""Open"", ""Fetch"", and ""Trigger"".","""בכל מקרה, המשחק מצריך ידע בארבעה לחשים: 'חץ להבה', 'פתיחה', 'תפיסה', ו'התנעה'.""",
31,4,5,17,5,16,127,32,127,"And to make it worth your while, if you beat me, I'll teach you a spell called ""Dazzle"".","""וכדי שזה ישתלם לך, אם תנצח אותי, אלמד אותך לחש חדש בשם 'סנוור'.""",
31,4,5,18,1,16,127,32,127,There are many types of magic mirrors.  One of the more common types is the one that has a strange face popping up every so often.,"""ישנם מינים רבים של מראות קסמים. אחד מהסוגים הנפוצים ביותר הם אלה שמדי פעם צץ לך פרצוף משונה מול העיניים.""",
31,4,5,18,2,17,127,32,127,Reminds me of the one in the master bedroom.,"""מזכיר לי את המראה בחדר ההורים.""",
31,4,5,18,3,16,127,32,127,"""That's not magical.""","""היא לא קסומה.""",
31,4,5,18,4,17,127,32,127,"""No, but it does have a strange face peering from it whenever you are in the room.""","""לא, אבל כל פעם שאני עובר בחדר מציץ ממנה פרצוף מוזר.""",
31,4,5,18,5,16,127,32,127,"At any rate, I used to have a nice magic hand mirror, but I misplaced it somewhere.  It could be used to reflect a spell back upon the caster.","""על כל פנים, היתה לי פעם מראת יד קסומה שאבדה לי פה איפשהו. היתה לה היכולת לשקף קללות בחזרה למטיליהם.""",
31,4,5,18,6,16,127,32,127,"So, if you happen upon a small golden magic mirror with a dragon on the handle, you'll know it's mine.","""אז, והיה אם תתקל במראת קסמים קטנה וזהובה עם ידית דרקון, דע לך שהיא שלי.""",
31,4,5,18,7,17,127,32,127,It was the flagon with the dragon.  The mirror had a leer.,"""הדרקון היה על הקנקן. למראה היתה פזילה.""",
31,4,5,18,8,16,127,32,127,"""Oh, that's right.""","""אה, נכון.""",
31,4,5,18,9,16,127,32,127,"Well, if you find a magic mirror with a face on it, you'll know it reflects spells.","""טוב, אם תמצא מראת קסמים עם פרצוף עליה, דע לך שהיא משקפת לחשים.""",
31,4,5,19,1,17,112,70,112,"""Isn't that the Vampire who fell in love with throats?""","""האין זה הבעל האוהב גרונות?""",תרגמתי
31,4,5,19,2,16,112,110,126,"No, no!  That's a ""neck romancer""!","""לא, לא! זה בעל אוב שאוהב ארונות!""",לא יודע איך לתרגם את זה. רומנטיקן הגרונות?
31,4,5,19,3,16,112,32,127,A necromancer is a magic user who has a rather unsavory relationship with corpses.,"""בעל אוב הוא קוסם שיש לו חיבה מפוקפקת למערכות יחסים עם גופות.""",
31,4,5,19,4,17,127,32,127,Does that mean a necromancer has ghoul friends?,"""זה אומר שלבעל אוב יש חברים שודדי קברים?""",
31,4,5,19,5,16,127,32,127,"""It means a necromancer is someone who deals with the undead.""","""זה אומר שבעל אוב הוא אדם שמקיים קשרים עם האל-מתים.""",
31,4,5,19,6,17,127,32,127,"""Canasta with cadavers and Spades with shades, eh?""","""קלפים עם פגרים ואתים עם צללים, אה?""",
31,4,5,20,1,16,127,32,127,He laughs too much when he casts his spells.,"""הוא צוחק יותר מדי כשהוא מטיל את קסמיו.""",
31,4,5,20,2,17,127,32,127,That's because his jokes are funnier than yours.,"""זה בגלל שהבדיחות שלו יותר מצחיקות משלך.""",
31,4,5,21,1,16,127,186,127,"The ""Open"" spell lets you open things with a mere gesture.","""הלחש הזה מאפשר לך לפתוח דברים, במחוות ידים גרידא.""",
31,4,5,21,2,16,31,32,31,"If you're really good at it, you can open locks.  It's useful when you lose your keys.","""אם אתה ממש טוב בו, תוכל לפתוח איתו מנעולים. שימושי כשאבדו לך המפתחות.""",
31,4,5,21,3,17,31,32,31,Your keys are in the study under the skull.,"""המפתחות בחדר העבודה שלך תחת עצמות הראש.""",
31,4,5,21,4,16,31,32,31,Why would they be there?,"""למה שהם יהיו שם?""",
31,4,5,21,5,17,31,32,31,"They're skeleton keys, aren't they?","""הם מפתחות ר א ש י י ם, לא כך?",
31,4,5,22,1,16,31,32,31,"""Looks to me as if she missed the back part of the alley, and the spell only applies to areas in town above the ground.  Pretty shoddy, if you ask me!""","""לי זה נראה כאילו היא פספסה את החלק האחורי של הסמטה, והקסם חל רק על שטחי העיירה שמעל האדמה. איכות ממש גרועה, אם אתה שואל אותי!""",
31,4,5,22,2,17,31,32,31,Nobody asked you.,"""אף אחד לא שאל אותך.""",
31,4,5,23,1,16,31,32,31,"Erana's spell prevents the use of excessive violence or hostile magic within Spielburg's walls, with the exception of a couple of places.","""הלחש של אראנה מונע את השימוש באלימות מופרזת או בקסמים עויינים בין חומות שפילבורג, למעט כמה מקומות בודדים.""",
31,4,5,24,1,16,31,32,127,It's important for a magic user to know as many spells as possible.  You never know what might come in handy.,"""חשוב שמפעיל הקסמים יכיר כמה שיותר לחשים. לעולם אין לדעת מתי הם עשויים לבוא לכלל שימוש.""",
31,4,5,25,1,16,127,32,127,Magical traps are a good way to keep thieves out of your chests and other places.,"""מלכודות קסומות הן דרך מצויינת להרחקת גנבים מהתיבות שלך ומשאר מקומות.""",
31,4,5,25,2,16,127,32,127,"""Put a fire trap on a chest and when someone goes to open it, he goes up in smoke.""","""הצב מלכודת אש מעל תיבה וכשמישהו ניגש לפתוח אותה, הוא עולה השמימה בעשן.""",
31,4,5,25,3,17,127,32,127,"""Just so long as you don't forget about it and try to open the chest yourself.""","""רק תיזהר פן קיומה יפרח מזכרונך ותנסה לפתוח את התיבה בעצמך.""",
31,4,5,25,4,16,127,32,127,"""I only got a little singed the last time."" ","""אני קיבלתי רק צריבה קלה בפעם האחרונה.""",
31,4,5,26,1,16,127,32,127,"""Trigger is used to set off an existing spell.""","""התנעה משמשת להפעלת לחשים קיימים.""",
31,4,5,26,2,16,127,32,127,"""If a chest has a magical trap on it, you can set the trap off by casting a 'Trigger' spell."" ","""אם התיבה ממולכדת במלכודת קסמים, תוכל להפעיל את המלכודת באמצעות הלחש 'התנע'.""",
31,4,5,26,3,16,127,32,127,Just make sure you're out of range of the trap.,"""רק תוודא שאתה מחוץ לטווח המלכודת.""",
31,4,5,26,4,16,127,32,127,"I can set up other spells and let someone else ""Trigger"" them.","""אני יכול להתקין לחשים אחרים ולתת למישהו אחר ל'התניע' אותם.""",
31,4,5,26,5,16,127,186,127,I fixed Henry the Hermit's cave for him so that he can do alot of magic with only one spell.,"""הרכבתי כאלו במערת הנזיר של הנרי כך שהוא יכול לבצע המון קסמים בלחש אחד בודד.""",
31,4,5,27,1,16,47,32,47,The only thing I've seen the brigand warlock cast is sneezing powder.,"""הדבר היחידי שראיתי את מכשף השודדים מטיל היה אבקת התעטשות.""",
31,4,5,28,1,16,47,32,47,"""Zara has a real flair for the theatric.  Her entrance at the magic shop is a bit showy but effective.""","""לזארה יש כשרון אמיתי לתיאטרליות. הכניסה שלה לחנות הקסמים מעט ראוותנית אך אפקטיבית.""",
31,4,5,28,2,16,112,32,32,It's a pity she has no sense of humor.,"""חבל שאין לה טיפת חוש הומור.""",
31,4,5,28,3,17,32,101,32,Just because she never laughs at your jokes doesn't mean that she lacks a sense of humor.,"""זה שהיא לא צוחקת מהבדיחות שלך לא אומר שאין לה חוש הומור.""",
31,4,5,28,4,17,127,32,127,It just means that she has good taste.,"""זה רק אומר שיש לה טעם טוב.""",
31,4,1,0,1,99,127,32,127,Behind the wizard's stern and forbidding appearance you see a twinkle in his eye.  You suspect that he is not always as serious as he appears.,מאחורי סבר פניו החמורות והופעתו המאיימת של האשף אתה מבחין בניצוץ זעיר בעיניו. אתה חושד שהוא לא תמיד כזה רציני כמו שהוא נראה.,
31,4,2,4,1,16,127,32,127,Baba Yaga,באבא יאגה,
31,4,2,5,1,16,127,32,127,Brigands,שודדים,
31,4,2,6,1,16,127,32,127,Spellcasters,לוחשי קסמים,
31,4,2,7,1,16,112,223,112,Countercurses,קללות שכנגד,
31,4,2,8,1,16,112,223,112,Curses,קללות,
31,4,2,9,1,16,112,223,112,Dazzle,סנוור,
31,4,2,10,1,16,112,223,112,Erana,אראנה,
31,4,2,11,1,16,127,32,127,Erasmus,ארסמוס,
31,4,2,12,1,16,127,32,127,Fenrus,פנרוס,
31,4,2,13,1,16,127,32,127,Fetch,תפיסה,
31,4,2,14,1,16,127,32,127,Hermit,נזיר,
31,4,2,15,1,16,127,205,127,Initiation,חניכה,
31,4,2,16,1,16,127,205,127,Magic,קסם,
31,4,2,17,1,16,127,205,127,Mage's Maze,מבוך המכשפים,
31,4,2,18,1,16,127,205,127,Magic Mirror,מראת קסמים,
31,4,2,19,1,16,127,205,127,Necromancer,בעל אוב,
31,4,2,20,1,16,127,205,127,Nincompoop,ילד רחוב,
31,4,2,21,1,16,127,205,127,Open,פתיחה,
31,4,2,22,1,16,127,205,127,Places,מקומות,
31,4,2,23,1,16,127,97,48,Protection Spell,לחש הגנה,
31,4,2,24,1,16,48,97,48,Spells:,לחשים,
31,4,2,25,1,16,48,121,48,Trap,מלכודת,
31,4,2,26,1,16,199,42,48,Trigger,התנעה,
31,4,2,27,1,16,48,32,48,Warlock,מכשף,
31,4,2,28,1,16,127,186,127,Zara,זארה,
31,5,1,0,1,99,48,32,48,It's that rat mat (or maybe a mouse pad).,זה מקום לעכברוש לשים את הראש ולפרוש (או אולי משטח לעכבר).,
31,6,5,11,1,17,48,32,48,"""Erasmus is my Familiar.""","""ארסמוס הוא בן לוויתי.""",
31,6,5,11,2,16,48,32,48,"""Isn't that the other way around?""","""זה לא בכיוון ההפוך?""",
31,6,5,11,3,17,48,32,48,"""Familiar is my Erasmus?  Well, I've always found Erasmus to be overly familiar...."" ","""בן לוויה הוא ארסמוסי? ובכן, תמיד מצאתי את ארסמוס בן לוויה יתר על המידה...""",
31,6,5,11,4,16,48,32,48,"""No, no.  I mean, aren't you MY Familiar?""","""לא, לא. כוונתי היא, האם אינך בן לווייתי?""",
31,6,5,11,5,17,48,32,48,"""Tsk, tsk.  All these years and you still don't know.""","""נו, נו. כל השנים האלה ואתה עדיין לא יודע.""",
31,6,5,12,1,17,48,32,48,"""What's there to say.  For a rat, I'm a really great guy."" ","""מה יש להגיד. בשביל עכברוש, אני באמת אחלה גבר.""",תרגמתי
31,6,5,12,2,16,48,32,48,"""Although for such a great guy, you're really a rat."" ","""גם אם בשביל אחלה גבר, אתה עדיין עכברוש.""",תרגמתי
31,6,1,0,1,99,48,32,48,Fenrus looks back at you with a grin.,פנרוס מביט בך חזרה בחיוך רחב על פניו.,
31,6,2,11,1,17,48,32,48,Erasmus,ארסמוס,
31,6,2,12,1,17,48,32,48,Fenrus,פנרוס,
31,7,1,0,1,99,48,32,48,These stones are the base of the tower spire.,אבנים אלה הם בסיסו של צריח המגדל.,
31,8,1,0,1,99,48,32,48,"Yes!  It's the columnation of your adventures thus far (Ionic, isn't it?). ","כן! זהו עמוד התווך של הרפתקתך נכון לעכשיו (אירוני, הלא כך?).",
31,9,1,0,1,99,48,32,48,This stone is the base of the tower spire.,אבן זו היא הבסיס לצריח המגדל.,
31,10,0,0,1,99,127,186,127,Yes.,כן.,
31,10,0,0,2,99,48,32,48,No.,לא.,
31,10,0,29,1,16,48,32,48,I so enjoy playing the Mage's Maze.,"""אני מאוד נהנה לשחק במבוך המכשפים.""",
31,10,0,30,1,16,48,32,48,Come in and sit down.,"""היכנס ושב בבקשה.""",
31,10,0,30,2,16,48,32,48,"Fenrus, our guest has arrived.","""פנרוס, האורח שלנו הגיע.""",
31,10,0,30,3,17,48,32,48,"Cheese, please!","""גבינה, יוקח נא!""",
31,10,0,30,4,17,48,32,48,"""Ahh!""","""אהה!""",
31,10,0,31,1,16,48,32,48,Did you hear the joke about the witches broom?,"""שמעת את הבדיחה על מטאטא המכשפות?""",
31,10,0,31,2,16,48,32,48,That's odd.  It's sweeping the valley!,"""מוזר. היא גורפת את כל העמק!""",
31,10,0,31,3,16,48,32,48,Oh.  That's a pity!,"""הוי, כמה חבל!""",
31,10,0,31,4,17,48,32,48,"""Let's just brush that one aside, shall we?""","""בוא נטאטא את זה הצידה, בסדר?""",
31,10,0,32,1,16,48,32,48,Do you know the difference between a Cheetaur and a comma?,"""אתה יודע מה ההבדל בין ברדלסילן לכפתור?""",
31,10,0,32,2,16,48,32,48,"A Cheetaur has claws at the end of its paws, and a comma is a pause at the end of a clause!","""הברדלסילן מחובר בכפתו לטפרים, והכפתור מחובר לחפתו בתפרים!""",
31,10,0,32,3,16,48,32,48,Spoilsport!,"""משבית שמחות!""",
31,10,0,33,1,16,48,32,48,"Do you know which has more legs, one cow or no cow?","""הידעת למי יש יותר רגליים, לפרה אחת או לאפס פרות?""",
31,10,0,33,2,16,19,32,127,You're right!  NO cow has more than four legs.  These are too easy.,"""ברור! לאפס פרות יש יותר מארבע רגליים. זה היה קל מדי.""",
31,10,0,33,3,16,48,32,48,"Too easy, huh?  Well, I'll just have to think of a better one.","""קל מדי, אה? אחשוב על בדיחה יותר טובה, אם כן.""",
31,10,0,34,1,16,48,32,48,Do you know what time it is when Otto walks through your door?,"""האם אתה יודע מה השעה כאשר אוטו עובר בדלתך?""",
31,10,0,34,2,16,48,32,48,Time to get a new door!,"""השעה להשיג דלת חדשה!""",
31,10,0,34,3,16,48,32,48,So you've met Otto already.,"""אני מבין שכבר פגשת אותו, את אוטו.""",
31,10,0,35,1,16,48,32,48,"Do you know what's big, purple, and eats ungefaehr-
liche dinge?","""מה זה גדול, סגול ואוכל אונגפייר-ליכה דינגה?""",
31,10,0,35,2,16,48,32,48,"Big, purple ungefaehr-
liche dinge eaters!","""אכלן אונגפייר-ליכה דינגה גדול וסגול!""",
31,10,0,35,3,16,48,32,48,Well...let me figure out something tougher.,"""טוב... תן לי לחשוב על משהו יותר קשה.""",
31,10,0,35,4,17,48,32,48,"Large purple ungefaehr-
liche dinge eaters are all too common in the forest these days.","""אכלני אונגפייר-ליכה דינגה גדולים וסגולים מאוד נפוצים ביערות הסביבה בימים אלה.""",
31,10,0,36,1,16,48,32,48,Is it true that a monster can't hurt you if you carry a torch?,"""האם זה נכון שמפלצת לא יכולה לפגוע בך אם אתה נושא לפיד?""",
31,10,0,36,2,16,48,32,48,"Actually, it depends on how fast you carry it!","""ת'אמת, זה תלוי עד כמה מהר אתה רץ איתו!""",
31,10,0,37,1,16,48,32,48,"Do you know the difference between a wounded Triceratops and a magic user casting the ""Fly"" spell?","""מה ההבדל בין עוסק בקסם שממלמל לחש ""מעוף"" לבין תלת קרן פצוע?""",
31,10,0,37,2,16,48,32,48,One is a raging Saurus and the other is a soaring Magus!,"""האחד אמגוש ממריא והאחר זאורוס שלא יבריא!""",
31,10,0,37,3,16,48,32,48,Darn.  I thought I made that one up myself!,"""באסה, חשבתי שפתרתי את זה בעצמי!""",
31,10,0,37,4,17,48,32,48,I figured one was a dying lizard and the other was a flying wizard.,"""חשבתי שהאחד קוסם מתעופף והאחר זוחל מתרופף.""",
31,10,0,37,5,16,48,31,19,"Sorry, Fenrus, but ""He who tells the jokes gets to make up the punch lines"".","""מצטער, פנרוס, אבל 'מי שמספר את הבדיחה קובע את שורת המחץ'.""",
31,10,0,38,1,16,127,32,127,"""Do you know what you get when a Tyrannosaurus running 25 mph eastward meets another Tyrannosaurus running 15 mph westward?"" ","""מה קורה כשטירנוזאורוס רץ במהירות של 25 קמ""ש מזרחה ופוגש בדרכו טירנוזאורוס אחר שרץ במהירות של 15 קמ""ש מערבה?""",
31,10,0,38,2,16,127,32,127,"Tyranno-
saurus wrecks!","""תאונת טירנוזאורוסים!""",
31,10,0,38,3,16,127,32,127,"That's a smashing good joke, I think.","""זו היתה בדיחה הורסת, אני חושב.""",
31,10,0,39,1,99,127,32,127,It would be polite to wait until Erasmus puts down his cup of tea before asking any more questions.,יהיה מנומס אם תמתין עד שארסמוס יניח מידו את כוס התה טרם תפציץ אותו בשאלות.,
31,10,0,39,2,99,127,32,127,It would be best to wait until Erasmus puts down his cup of tea before asking any questions.,הכי טוב יהיה אם תמתין עד שארסמוס יניח מידו את כוס התה טרם תפציץ אותו בשאלות.,
31,11,1,0,1,99,127,32,127,"As you stare at the steepness of the staircas, you figure that either the wizard is a fitness fanatic, or he uses a lot of ""teleport"" spells. ","כשאתה מביט בנשימה עצורה בשיפוע המדרגות, אתה מגיע למסקנה שאו שהאשף חולה כושר, או שהוא מרבה להשתמש בלחשי ""התעתקות"".",
31,12,1,0,1,99,127,32,127,The table is elaborately carved on the sides. Erasmus has a teacup on the table in front of him.,השולחן מגולף בכשרון רב בצדעיו. על השולחן מול ארסמוס מונח כוס תה.,
31,13,1,0,1,99,127,32,127,The walls look like they were formed out of living rock.  (You just hope it doesn't get hungry while you're here.),הקירות נראים כאילו נוצרו מסלע חי. (אתה רק מקווה שהם לא יפתחו תיאבון כשאתה עוד פה.),
31,14,1,0,1,99,127,32,127,"To the east, the peaks of the Wolf's Bane Mountains are clearly visible. ","ממזרח, פסגות רכס ההרים ארס הזאב נראים למרחוק.",
31,14,1,40,1,99,127,32,127,"That's odd.  You could have sworn it was nighttime, yet daylight is streaming in through the window.  When is this place, anyway?","מוזר. יכולת להישבע כי היתה זאת שעת לילה מאוחרת, ובכל זאת אור יום שוצף פנימה דרך החלון. אימתי המקום הזה בכלל?",
310,1,1,1,1,99,4,0,22,"You can just see a thin thread of light under the door, so there is probably someone inside.","אתה יכול להבחין בפס דקיק של אור מתחת לדלת, אז כנראה שהמקום לא יושב ריקם.",
310,1,1,2,1,99,115,32,121,The Guild Hall building appears to be dark and closed up.,היכל הגילדה נראה חשוך וסגור.,
310,1,4,1,1,99,101,32,97,You enter the Adventurers' Guild Hall.,אתה נכנס להיכל גילדת ההרפתקנים.,
310,1,4,2,1,99,116,101,101,The door appears to be locked.,נראה שהדלת נעולה.,
310,1,16,0,1,99,102,32,116,Your dirk doesn't work on the door.,הפגיון שלך לא משאיר סימן על הדלת.,
310,1,26,0,1,99,114,99,97,That key doesn't fit this lock.,המפתח לא מתאים למנעול הזה.,
310,2,1,0,1,99,102,105,103,"Judging from what the sign says, the building at the end of the street is the Guild Hall.","לפי מה שכתוב בשלט, הבניין בסוף הרחוב הוא היכל הגילדה.",
310,3,1,1,1,99,116,32,101,"This looks like a nice, neat little house. There is a grandmotherly little old lady rocking on the front lawn.","זה נראה כמו בית קטן, נחמד ונקי. סבתא זקנה וקטנה יושבת בכיסא נדנדה על המרפסת הקדמית.",
310,3,1,2,1,99,104,101,32,The house looks closed up.  There is no sign of the Little Old Lady.,הבית סגור ונעול. אין סימן לזקנה הקטנה.,
310,3,4,1,1,99,105,115,32,"The door appears to be locked, and there is no answer to your knock.  The occupant is out (right in front of you, in fact).","נראה שהדלת נעולה, ונקישתך נותרת ללא מענה. הדיירת מחוץ לבית (ונמצאת, למעשה, ממש מולך).",
310,3,4,2,1,99,115,115,32,"No one seems to be home, and the door is securely locked.","נראה שאין איש בבית, והדלת נעולה היטב.",
310,3,16,0,1,99,44,32,111,This isn't the best place to practice for your woodcarving merit badge.,"זה לא המקום הכי טוב להתאמן בו לקראת תחרות ""אלוף הגילוף"".",
310,3,26,0,1,99,101,115,32,The key doesn't fit.,המפתח לא מתאים.,
310,4,1,0,1,99,102,32,34,She's the only sane person here.  At least she's not off her rocker.,היא האדם היחיד השפוי כאן. לפחות היא לא נפלה מכסא הנדנדה שלה.,
310,4,4,0,1,99,116,34,32,The little old lady is sleeping so soundly that no amount of shaking will awaken her.,הזקנה הקטנה ישנה כה עמוק שאף טלטלה לא תוכל להעירה.,
310,4,57,0,1,99,32,0,32,She's really sleeping soundly and doesn't notice your presence.,היא ישנה שנת ישרים ולא מבחינה בנוכחותך.,
310,4,57,0,2,99,32,100,105,"""ZZZZZZZZZZZZZZZZZZZZ""!","""חררררר... פשששששש... חררררררר... פששששש...""",
310,4,57,0,3,99,46,216,46,"""Grmpf..snrt..hmphspft""!","""גמפף... חררר... המפפספפט!""",
310,4,57,0,4,99,32,98,101,"""ZZZZZZZZZZZZZZZZZZZZ""!","""חררררר... פשששששש... חררררררר... פששששש...""",
310,5,1,0,1,99,97,105,116,The eye over the Magic Shop door seems to be watching you.,העין מעל חנות הקסמים נראית כאילו היא צופה בך.,
310,6,0,3,1,99,69,114,97,"However, this was not a good place to sleep.  You're stiff and sore all over and your wallet feels very light.","עם זאת, לא היה זה מקום טוב להעביר בו את הלילה. גופך כולו כואב ונוקשה, וארנקך מרגיש קל מאוד.",
310,6,0,4,1,99,116,115,32,Picking locks looked a lot easier in the instruction book.,פריצת מנעולים נראתה הרבה יותר פשוטה בחוברת ההדרכה.,
310,6,0,5,1,99,115,32,99,The door isn't locked.  Just turn around.,הדלת אינה נעולה. הסתובב.,
310,6,0,6,1,99,101,97,32,The owners seem to have been made nervous by the recent rash of house burglaries.  The door is barred from the inside.  But you do get some valuable lock-picking practice.,נראה שבעלי הבית נלחצו מגל הפריצות לבתים לאחרונה. הדלת מוברחת מבפנים. אבל למדת שיעור חשוב בפריצת מנעולים.,
310,6,0,7,1,99,97,115,107,"You hear a ""Snick!"".  The lock is open!","אתה שומע ""סניק!"". פתחת את המנעול!",
310,6,1,0,1,99,32,113,117,You have come to the end of the main street. The town wall is to the south. You have an eerie feeling that someone is watching you.,הגעת לקצה הרחוב הראשי. חומת העיר נמצאת בכיוון דרום. יש לך הרגשה מטרידה שמישהו צופה בך.,
310,7,1,0,1,99,46,32,32,There's no getting around it...a shop with its eye on you makes you nervous.,אין אפשרות לחמוק ממנה... חנות ששמה עליך עין זה דבר די מלחיץ.,
310,8,1,0,1,99,5,99,190,Not the sturdiest you've ever seen.,לא המנעול הכי חזק שראית.,
311,1,1,0,1,99,29,182,68,This is certainly a weird one!  You've never seen anything quite like it.,זה בפירוש אחד המוזרים! בחיים לא ראית דבר כזה.,
311,1,1,0,2,99,2,2,0,"The plaque reads:<CRLF>""Antwerp -- slain by Two Guys From Andromeda"". ","על הלוחית נכתב:
""אנטוורפ -- נשחט על ידי שני הבחורים מאנדרומדה"".",
311,2,1,0,1,99,95,67,0,A past adventurer's armor suit.  You wonder why he doesn't need it any more. (Then you see the Cheetaur claw marks.),חליפת שריון של הרפתקן לשעבר. אתה תוהה למה הוא לא צריך אותה יותר. (ואז אתה שם לב לשריטות טפרים של ברדלסילן.),
311,2,4,0,1,99,32,102,111,The armor won't fit you -- they made them smaller in those days.,השריון לא יתאים לך -- בימינו עושים אותם יותר ויותר קטנים.,
311,3,1,0,1,99,33,0,29,On the table is an old but ornate leather-bound book.  There is also a quill pen in the ink bottle.,על השולחן מונח ספר עתיק ומעוטר בכריכת עור מאובקת. לידו יש קולמוס בקסת דיו.,
311,3,1,1,1,99,123,1,0,"The writing on this page looks very recent.  It says ""I, %s, have come to Spielburg to become a Hero.""","הרישומים בדף זה בוצעו ממש לאחרונה. וכך נכתב בו: ""אני, %s, באתי לשפילבורג כדי להפוך לגיבור.""",
311,3,1,2,1,99,68,39,156,"The %s entry was made several years ago.  It says: ""Baronet Barnard von Spielburg killed a Troll near the Flying Falls on this 23 day of Octember"".","הרשומה הזאת נכתבה לפני שנים מספר.
מצויין בה:
'בארונט פון שפילבורג חיסל טרול על יד המפלים המעופפים ביום הגדול ה-23 באוקטמבר'.",
311,3,1,3,1,99,2,234,70,The other pages record the exploits of the great adventurers of Spielburg's past.  The names Wolfgang Abenteuer and Baron Stefan von Spielburg appear most often.,בדפים האחרים מתועדים מעלליהם של ההרפתקנים הנועזים לתולדות שפילבורג. השמות וולפגנג אבנטואר והברון סטפן חוזרים על עצמם פעמים רבות.,
311,3,1,4,1,99,68,4,218,"The remaining pages are blank, awaiting further tales of adventure.","הדפים הנותרים ריקים, מחכים לסיפורי הרפתקאות שעוד לא קרו.",
311,3,4,0,1,99,0,168,2,You sign your name into the Adventurer's Log Book with a flourish.,אתה חותם את שמך בהפגנתיות ביומן ההרפתקנים.,
311,3,4,1,1,99,0,66,29,But you've already done that!,אבל כבר עשית את זה!,
311,4,1,0,1,99,95,0,2,The fine crystal chandelier lights the room.,נברשת הקריסטל המפוארת מאירה את החדר באור יקרות.,
311,4,4,0,1,99,33,0,36,You can't reach it.,אין לך את האפשרות להגיע אליה.,
311,5,1,0,1,99,99,104,32,"The head is like a panther's, but with a strong human-like quality.  It is still rather frightening. ","הראש מזכיר פנתר, אבל בגימור דמוי אנוש. הוא עדיין מפחיד לא פחות.",
311,5,1,0,2,99,71,83,79,"The plaque reads:<CRLF>""Cheetaur -- slain by Wolfgang Abenteuer"".","הלוחית מפרטת:
""ברדלסילן -- נשחט על ידי וולפגנג אבנטואר"".",
311,6,1,5,1,99,0,100,32,On the table is an old but ornate leather-bound book.  There is also a quill pen in the ink bottle.,על השולחן מונח ספר עתיק ומעוטר בכריכת עור מאובקת. לצידו יש קולמוס בקסת דיו.,
311,6,1,6,1,99,0,46,69,"The desk holds a pen, an inkwell, and the Adventurer's Guild Registration and Log Book.","על השולחן מפוזרים קולמוס, קסת דיו, ויומן הרישומים והמנויים של גילדת ההרפתקנים.",
311,6,4,0,1,99,0,3,0,The table is formed from fine fir wood.  There's nothing you need here.,השולחן מיוצר מעץ אשוח משובח. אתה לא צריך ממנו שום דבר.,
311,7,1,0,1,99,0,84,71,"Even in death, this monster remains awesome. ","אפילו במותה, המפלצת נראית מדהים.",
311,7,1,0,2,99,146,1,0,"The plaque reads:<CRLF>""Dragon -- slain by Baron Stefan von Spielburg"".","הלוחית מציינת:
""דרקון -- שוסף על ידי הברון סטפן פון שפילבורג"".",
311,8,1,0,1,99,125,64,59,The fire blazing cheerily in the fireplace helps warm the Guild Master's old bones.,שלהבות האש מרצדות להם בעליצות באח ומחממות את עצמותיו הזקנות של מנהיג הגילדה.,
311,8,4,0,1,99,0,146,48,You feel like you're frying your fingers.  Forget it.,אתה חש כאילו אתה מטגן את האצבעות. שכח מזה.,
311,9,1,0,1,99,83,72,69,This crossbreed of eagle and lion could have torn a man apart when it was alive.,הכלאת הנשר והאריה יכלה לקרוע אדם לגזרים כשעוד היתה בחיים.,
311,9,1,0,2,99,0,151,33,"The plaque reads:<CRLF>""Gryphon -- slain by Wolfgang Abenteuer"". ","אתה קורא על הלוחית:
""גריפון -- חוסל על ידי וולפגנג אבנטואר"".",
311,10,1,0,1,99,32,97,110,"The plaque under the Moose says: ""Courtesy of Sierra Online Prop Dept.""","על הלוחית תחת האייל נחרט:
""בחסות מחלקת האביזרים של סיירה אונליין.""",
311,11,1,0,1,99,79,79,75,"The tapestry is so rotten, it would probably fall apart at the slightest touch.  ","שטיח הקיר כל כך רקוב, עד שהוא עלול להתפורר במגע הקל ביותר.",
311,11,4,0,1,99,32,1,0,The tapestry feels very old and very fragile.,הטפט מרגיש מאוד ישן ומאוד שברירי.,
311,12,0,0,1,99,95,67,0,"This Adventurer's Guild Hall reminds you of the one in your home town.  The traditional Moose head and other stuffed monsters (Saurus, Troll, Gryphon, Dragon, Cheetaur, and the terrible Antwerp) adorn the walls. ","היכל גילדת ההרפתקנים מזכיר לך את עיר הולדתך. ראש הצבי המסורתי ושאר חיות מפוחלצות (זאורוס, טרול, גריפון, דרקון, ברדלסילן, והאנטוורפ הנורא) מפארים את הקירות.",
311,12,0,0,2,99,33,70,73,You see the registration book on the desk and the bulletin board full of job listings.  The man seated by the fire must be the Guild Master.  He is snoring.,"אתה רואה פנקס הזמנות על השולחן, ואת לוח המודעות העמוס בהצעות עבודה. הגבר היושב לצד החלון אמור להיות מנהיג הגילדה. הוא נוחר.",
311,12,4,0,1,99,45,36,4,"There is nothing here that you need, and the Guild Master may be more aware than he seems. ",אין פה שום דבר שעשוי להביא לך תועלת ומנהיג הגילדה עלול להיות יותר עירני מכפי שהוא נראה.,
311,12,4,7,1,99,48,4,0,"The Guild Hall would be barren if you took the trophies.  Besides, they're out of reach.","היכל הגילדה יירד מגדולתו אם תיקח את הגביעים. ובלי קשר, אתה לא מגיע אליהם.",
311,13,1,0,1,99,0,0,0,"You never saw a purple Saurus before you came to Spielburg, but it looks like a really stupid monster. ","מעולם לא נתקלת בזאורוס סגול באותם ימים טרם בואך לשפילבורג, אולם ברור שמדובר במפלצת מטופשת למדי.",
311,13,1,0,2,99,39,4,0,"The plaque reads:<CRLF>""Saurus slain by Hans Halfwitten"". ","על הלוחית נכתב שחור על גבי לבן:
""הזאורוס נטבח על ידי האנס האלפוויטן"".",
311,14,1,0,1,99,79,82,73,The view from here isn't exactly clear.,הנוף הנשקף מכאן אינו מרהיב במיוחד.,
311,15,1,0,1,99,84,95,67,It looks like it must have been a particularly nasty Troll.  You wouldn't want to meet him in a dark forest.,עושה רושם שהיה זה טרול נבזי במיוחד. לא מסוג הטרולים שהיית רוצה לפגוש ביער חשוך.,
311,15,1,0,2,99,101,32,97,"The plaque reads:<CRLF>""Troll slain by Wolfgang Abenteuer"". ","על הלוחית נחקק:
""טרול שנפל שדוד תחת וולפגנג אבנטואר"".",
311,16,1,0,1,99,33,87,69,"On the walls hang dusty, moth-eaten monster heads.  You recognize the purple Saurus, the Troll, the Gryphon, and the Dragon.","על הקירות תלויים ראשי מפלצות מאובקים, אכולים למחצה. אתה מזהה את הזאורוס הסגול, הטרול, הגריפון, ואת הדרקון.",
311,17,1,0,1,99,4,0,113,The window looks out over the countryside.,החלון משקיף החוצה אל שטחי האחו הפוריים.,
311,17,4,0,1,99,42,160,33,The window doesn't open.,החלון לא נפתח.,
311,18,0,8,1,1,0,161,33,"""Welcome back! It is good to see you again. So many adventurers never return. Someday, you and I will go on an adventure together.""","ברוך שובך! תודה שחזרת אלינו מן הכפור. כל כך הרבה הרפתקנים הלכו ולא שבו. יום אחד, אני ואתה נצא להרפתקה משותפת.""",
311,18,0,9,1,1,39,4,0,"""Hrrmph! Ahem! Yes, as I was saying....where were we?""","""הממף! אהם! כן, כפי שאמרתי... איפה היינו?""",
311,18,0,10,1,1,0,246,38,"""Oh, what a glorious day it was! I...... Oh, hello there!""","""אח, איזה יום מהולל זה היה! אני... אה, שלום לך!""",
311,18,0,11,1,1,40,1,0,"""You fiendish witch! I will have you...... Oh, it's you, my friend!""","""מכשף שטני שכמותך! שיקח אותך הש... אה, זה אתה, ידידי משכבר ימים!""",
311,18,0,12,1,1,104,98,97,"""Oh, Barnard, bravest of the brave, you cannot be gone from us so soon.... What? What? You're still here, my fellow adventurer?""","""הוי, ברנרד, האמיץ שבאמיצים, אתה לא עוזב אותנו לאנחות בגיל כל כך צעיר... מה? מה? אתה עדיין כאן, עמיתי ההרפתקן?""",
311,18,0,13,1,1,33,72,69,"""ZZZZZZZZZZZZZZZZ.""","""חרררררררררררר.""",
311,18,0,14,1,1,0,28,27,"""Ach! I was so busy I didn't notice you come in. Welcome, welcome! It is so seldom that we have new adventurers here. Most people think this valley is cursed!""","""אוח! הייתי כל כך עסוק שלא שמתי לב שנכנסת. ברוך הבא, ברוך הבא! לעיתים נדירות ביותר מגיעים אלינו הרפתקנים חדשים. רוב האנשים מאמינים שהעמק הזה מקולל!""",
311,18,1,0,1,99,69,95,78,"It looks like this old Guild Master doesn't do too much adventuring any more. Still, he looks like he was plenty tough in his day, and he probably has many a tale to tell. ","איך שמנהיג הגילדה הזקן נראה הוא כבר לא מחפש הרפתקאות בגילו המתקדם. עם כל זאת, נראה שעבר עליו הרבה בימי חלדו, ולבטח יש באמתחתו מעשיות רבות מספור.",
311,18,2,15,1,1,0,166,33,Adventurers,הרפתקנים,
311,18,2,16,1,1,166,33,0,Antwerp,אנטוורפ,
311,18,2,17,1,1,98,117,103,Baba Yaga,באבא יאגה,
311,18,2,18,1,1,7,1,0,Bakery,אופה,
311,18,2,19,1,1,70,4,218,Baron,ברון,
311,18,2,20,1,1,0,109,7,Bulletin Board,לוח מודעות,
311,18,2,21,1,1,0,66,29,Brigands,שודדים,
311,18,2,22,1,1,95,0,2,Butcher,קצב,
311,18,2,23,1,1,0,171,33,Castle,טירה,
311,18,2,24,1,1,25,4,0,Centaur,קנטאור,
311,18,2,25,1,1,32,104,101,Cheetaur,ברדלסילן,
311,18,2,26,1,1,116,1,0,Curse,קללה,
311,18,2,27,1,1,0,220,70,Baron's Daughter,בת הברון,
311,18,2,28,1,1,0,109,7,Dragon,דרקון,
311,18,2,29,1,1,0,236,70,Forests,יערות,
311,18,2,30,1,1,0,2,0,Dry Goods,פירות יבשים,
311,18,2,31,1,1,7,2,0,Goblins,גובלינים,
311,18,2,32,1,1,7,160,95,Goon,בריון,
311,18,2,33,1,1,78,66,65,Guild Hall,היכל הגילדה,
311,18,2,34,1,1,69,95,78,Hans Halfwitten,האנס האלפוויטן,
311,18,2,35,1,1,33,67,48,Healer,מרפאה,
311,18,2,36,1,1,33,1,0,Hero,גיבור,
311,18,2,37,1,1,0,5,0,Magic Shop,חנות קסמים,
311,18,2,38,1,1,0,0,0,Mantrays,מנטרים,
311,18,2,39,1,1,0,2,0,Farmer's Mart,שוק האיכרים,
311,18,2,40,1,1,95,94,146,Guild Master,מנהיג הגילדה,
311,18,2,41,1,1,0,160,95,Cheetaur,ברדלסילן,
311,18,2,42,1,1,95,0,2,Monsters,מפלצות,
311,18,2,43,1,1,15,189,2,Moose,אייל,
311,18,2,44,1,1,105,199,2,Mountains,הרים,
311,18,2,45,1,1,11,0,14,Name,שם,
311,18,2,46,1,1,0,154,71,Ogres,עוגים,
311,18,2,47,1,1,0,164,71,Otto,אוטו,
311,18,2,48,1,1,0,3,0,Reward,פרס,
311,18,2,49,1,1,0,202,73,Saurus Rex,זארוס רקס,
311,18,2,50,1,1,146,1,0,Saurus,זארוס,
311,18,2,51,1,1,95,111,110,Schultz Meistersson,שולץ מייסטרסון,
311,18,2,52,1,1,2,6,0,Baron's Son,בן הברון,
311,18,2,53,1,1,59,0,15,Spielburg,שפילבורג,
311,18,2,54,1,1,206,2,105,Tavern,בית מרזח,
311,18,2,55,1,1,255,255,11,Tourists,תיירים,
311,18,2,56,1,1,255,255,218,Town,עיירה,
311,18,2,57,1,1,255,49,255,Troll,טרול,
311,18,2,58,1,1,255,18,238,Trophies,גביעים,
311,18,2,59,1,1,255,2,0,Saurus,זארוס,
311,18,2,60,1,1,181,0,0,Troll,טרול,
311,18,2,61,1,1,181,5,0,Waterfalls,מפלים,
311,18,2,62,1,1,2,10,13,Yorick,יוריק,
311,18,2,63,1,99,197,15,13,The guildmaster appears to be hard of hearing.  Perhaps you should get closer.,מנהיג הגילדה הקשיש סובל מבעיות שמיעה. אולי כדאי שתתקרב אליו.,
311,18,2,64,1,1,12,123,44,"""Ach, I was so busy I did not notice you come into the Adventurer's Guild Hall.  Welcome, welcome, it is so seldom we have new adventurers here.  Most people think this valley is cursed.""","""אוח! הייתי כל כך עסוק שלא שמתי לב שנכנסת להיכל גילדת ההרפתקנים. ברוך הבא, ברוך הבא, כל כך נדיר שמגיעים לבקרנו הרפתקנים חדשים. רוב האנשים מאמינים שהעמק הזה מקולל!""",
311,18,2,65,1,1,0,84,72,"""Hrrmph! Ahem! Yes, as I was saying....where were we?""","""הממף! אהם! כן, כפי שאמרתי... איפה היינו?""",
311,18,2,66,1,1,105,96,72,"""Oh, what a glorious day it was!  I...  Oh, hello there."" ","""אח, איזה יום מהולל זה היה! אני... אה, שלום לך.""",
311,18,2,67,1,1,72,17,222,"""Then she turned around and I was staring into the biggest...  Oh, it's you, my friend."" ","""ואז היא הסתובבה לאחוריה ואני מצאתי את עצמי בוהה בגודלו העצום... אה, זה אתה, ידידי.""",
311,18,2,68,1,1,0,66,29,"""It was just yesterday that I drew my sword and started out...  Or was that the day before?  No, then last week...  Why, What was I talking about?"" ","""היה זה אך אמש ששלפתי את חרבי והתחלתי... או שמא היה זה יום לפני? לא, אז שבוע שעבר... רגע, על מה דיברתי?""",
311,18,4,0,1,99,72,166,2,Try getting a little closer.,נסה להתקרב עוד.,
311,18,5,15,1,1,72,186,135,"""Did I ever tell you about the days when Schultz and I rid this valley of Antwerps?  Ja, we were real adventurers then, and this was a true Guild Hall.  Now we are just old men, and this is just a place to tell old stories.""","""האם סיפרתי לך על התקופה שבה אני ושולץ טיהרנו את העמק מאנטוורפים? יא, היינו הרפקתנים אמיתיים באותם ימים, והיכל הגילדה הזה היה היכל אמיתי. עכשיו אנחנו סתם באים בימים וזה סתם מקום לסיפורים ישנים.""",
311,18,5,16,1,1,142,53,181,"""This valley was overrun by those odd monsters one year.  Schultz and I fought long and hard to rid the valley of the things.  We might have failed even so, had it not been for those two peculiar tourists who came to our aid."" ","""מפלצות משונות אלה הציפו את העמק באחת השנים. שולץ ואני נלחמנו רבות וקשות כדי לפטור את העמק מעונשן. היינו כבר על סף כישלון, לולא אותם שני תיירים תמוהים שנחלצו לעזרתנו.""",
311,18,5,17,1,1,0,150,72,"""She is the center of our problems, I think.  Baba Yaga is a powerful Ogress.  Baron von Spielburg tried to force her to leave this valley, but she cursed him.""","""היא היא מרכז הבעיות שלנו, כמדומני. באבא יאגה היא עוגית רבת עוצמה. הברון פון שפילבורג ניסה לכפות עליה לעזוב את העמק, אך היא קיללה אותו.""",
311,18,5,17,2,1,198,22,13,"""Now the Baron has lost everything but his land, and I don't know how long he will keep that.  What our valley needs is a Hero.""","""כעת הברון איבד את כל היקר לו מלבד אדמתו, ואינני יודע כמה זמן הוא עוד יחזיק מעמד. מה שהעמק שלנו צריך בדחיפות זה גיבור.""",
311,18,5,18,1,1,12,46,165,"""I think the Bakery is almost always closed now.  The Baker tries to stay away from his wife.""","""אני חושב שהמאפיה לאחרונה סגורה כמעט תמיד. האופה מנסה לשמור על מרחק בטוח מאשתו.""",
311,18,5,19,1,1,105,186,72,"""Baron von Spielburg was once a brave protector of our valley.  We used to adventure together when I was younger."" ","""הברון פון שפילבורג היה בעברו מגנו האמיץ של עמקנו. נהגנו לצאת למסעות הרפתקה יחדיו כשהיינו צעירים ויפים.""",
311,18,5,19,2,1,0,2,0,"""No brigand or monster would dare show his face here if the Baron had not angered Baba Yaga.  Now it is said he goes nowhere and sees no one."" ","""אף שודד או מפלצת לא היו מעזים להראות את פניהם לולא היה הברון מצית את חמתה של באבא יאגה. לקיים מה שנאמר צרות באות בצרורות.""",
311,18,5,20,1,1,165,4,0,"""Over on the wall over there is where the jobs are posted for adventurers. Some have been there a long time now.  There just aren't too many good adventurers around here, lately."" ","""על הקיר שם ממול מפרסמים את המשימות להרפתקנים. חלקם תלויים שם כבר זמן רב. פשוט אין כאן הרבה הרפתקנים טובים בסביבה, לאחרונה.""",
311,18,5,21,1,1,0,0,0,"""There is a reward for anyone who can stop the brigands by capturing or killing the leaders of the brigands.  You should read the bulletin board for more information.""","""מוצע פרס עבור כל מי שיצליח לעצור את השודדים על ידי לכידתם או חיסולם של מנהיגיהם. כדאי שתקרא את לוח המודעות לקבלת מידע נוסף.""",
311,18,5,22,1,1,12,1,0,"""I don't think the Butcher Shop is open much any more, either.""","""לדעתי גם האיטליז לא ישאר פתוח עוד הרבה זמן.""",
311,18,5,23,1,1,95,0,2,"""The castle is just north of the Healer's house.""","""הטירה נמצאת מצפון למרפאה.""",
311,18,5,24,1,1,75,1,0,"""There are not too many Centaurs in this land.   Heinrich and Hilde are good people.""","""יותר מדי קנטאורים משוטטים על אדמותינו. היינריך והילדה הם אנשים טובים.""",
311,18,5,25,1,1,0,0,73,"""Watch out for Cheetaurs!  I bare the scars of my fight with the one on the wall to this day.  Still, it is stuffed, and I am still alive."" ","""הישמר מפני הברדלסילנים! אני נושא עלי צלקות ממלחמתי עם ההוא על הקיר עד היום הזה. ולמרות הכול, הוא מפוחלץ, ואני עדיין חי וקיים.""",
311,18,5,26,1,1,0,2,0,"""Ja, with the Baron losing his son and daughter, Baba Yaga, all the monsters, and now the brigands, it has just been one thing after another.""","""יא, הברון שאיבד את בנו ובתו, באבא יאגה, כל המפלצות, ועכשיו השודדים, פשוט צרה רודפת צרה.""",
311,18,5,27,1,1,165,0,0,"""Elsa  was a beautiful eight year old child with blond hair and sky  blue eyes.  She was her father the Baron's joy.  Ten years ago, she was carried off by something which flew over the wall and away with her."" ","""אלסה היתה ילדה יפייפיה בת שמונה שנים עם שיער בלונד מהמם ועיניים תכולות שמיימיות. היא היתה ששון ליבו של אביה הברון. לפני עשר שנים היא נחטפה באישון ליל על ידי משהו שעף מעל החומות, ולקח אותה איתו.""",
311,18,5,27,2,1,73,5,221,"""The search for her lasted many years, but at last everyone gave up except the Baron's Jester, Yorick.""","""החיפושים אחריה נמשכו כמה שנים, אבל לבסוף כולם הרימו ידיים מלבד ליצן הברון, יוריק.""",
311,18,5,28,1,1,0,98,105,"""One day, years ago, a pair of dragons tried to take over our valley.  We adventurers rode out to meet them.""","""יום אחד לפני שנים רבות, זוג דרקונים ניסו להשתלט על העמק. אנחנו ההרפתקנים רכבנו לפגוש אותם.""",
311,18,5,28,2,1,121,48,73,"""I can still see Stefan von Spielburg charging forward on his black horse. He slew that dragon whose head you see on the wall, and the other one flew off.""    ","""אני עדיין זוכר את סטפן פון שפילבורג מסתער בדהרה על סוסו השחור. הוא שיסף במחי יד את הדרקון שראשו תלוי כאן על הקיר לנגדך, והשני התעופף לו משם כל עוד נפשו בו.""",
311,18,5,28,3,1,0,70,112,"""I hear people see that other dragon flying high overhead sometimes, but it has never dared to attack us again."" ","""שמעתי אנשים שטוענים שראו את הדרקון השני מתעופף במרומים מדי פעם, אך מעולם הוא לא העז לתקוף אותנו בשנית.""",
311,18,5,29,1,1,73,196,125,"""The forests are full of monsters and strange creatures."" ","""היערות מלאים במפלצות ושאר יצורים שונים ומשונים.""",
311,18,5,29,2,1,125,250,125,"""There are some nice waterfalls to the  southeast of town.  They fill Mirror Lake, which is lovely, but icy cold all year round.""","""כמה מפלים נהדרים מפכים מדרום לעיירה. הם ממלאים את אגם המראה, שהוא מקסים, אך מימיו קפואים לאורך כל ימות השנה.""",
311,18,5,30,1,1,158,88,73,"""Caspar at the store would like to be an adventurer, or so he says. He spends too much time dreaming and not enough doing, I think."" ","""קספר מהחנות היה רוצה להיות הרפתקן, או כך לפחות הוא טוען. הוא מבלה יותר מדי זמן בחלומות ופחות מדי במעשים, אני חושב.""",
311,18,5,31,1,1,73,240,221,"""Goblins are not tough, but when they gang up, they can take out an unwary adventurer."" ","""גובלינים אינם חזקים, אך כשהם מתאגדים, הם מסוגלים להוציא להורג הרפתקן לא זהיר.""",
311,18,5,32,1,1,221,0,0,"""A Goon is a lot like an Ogre, not as tough, but a little smarter.  The Sheriff's Otto and Crusher at the tavern are both Goons."" ","""בריון דומה במידה רבה לעוג, לא חזק כמוהו, אך טיפה יותר חכם. אוטו של השריף והמרסק מבית המרזח שניהם בריונים.""",
311,18,5,33,1,1,0,68,161,"""This is where an adventurer can find out who needs someone brave and courageous.  There are many jobs on the bulletin board over there.  It is also a good place to talk about adventures on a cold afternoon.""","""זה המקום בו הרפתקן יכול למצוא מישהו שזקוק לאדם אמיץ ונועז. ישנם עבודות רבות שם על לוח המודעות. זה גם מקום טוב לנהל בו דיוני הרפתקאות בצינת אחרי הצהרים.""",
311,18,5,33,2,1,0,98,105,"""We used to play cards here once a week as well, but there are too few adventurers in Spielburg anymore.  They all died from monsters or brigands, or they just got too old.""","""נהגנו לשחק כאן משחקי קלפים מדי שבוע בשבוע, אך היום כמעט ולא נותרו עוד הרפתקנים בשפילבורג. הם כולם נהרגו ממפלצות או משודדים, או שהם פשוט נעשו זקנים מדי.""",
311,18,5,34,1,1,0,2,0,"""He wasn't much of an adventurer, but he did manage to kill a Saurus before he made the mistake of tangling with a Troll.""","""הוא לא היה ממש הרפתקן, אולם הוא הצליח לחסל זארוס קודם שעשה את טעות חייו והתעסק עם טרול.""",
311,18,5,35,1,1,73,69,60,"""Her house is just north of the town gate.  She's a nice woman.""","""ביתה נמצא ממש אחרי שער העיירה לכיוון צפון. היא אישה נאה.""",
311,18,5,36,1,1,73,105,104,"""A real hero is someone who did not start out strong or powerful, but who uses his courage, brains, and skills to become the best he can be.""","""גיבור אמיתי הוא לא מישהו שמתחיל ישר בכוחניות או באלימות, אלא פועל באומץ, תבונה, וברוב כשרון על מנת להוציא מעצמו את המיטב.""",
311,18,5,37,1,1,73,47,15,"""I don't know much about magic, but the woman who runs that place scares me.""","""אני לא יודע הרבה על קסם, אבל האישה שמנהלת את המקום מפחידה אותי.""",
311,18,5,38,1,1,121,168,121,"""Those weird things are magical.  They are best avoided.""","""הדברים המוזרים האלה קסומים. מוטב להימנע מהם עד כמה שאפשר.""",
311,18,5,39,1,1,12,2,0,"""The Farmer's Mart is run by the Centaurs, Heinrich Pferdefedern and his daughter, Hilde.""","""שוק האיכרים מנוהל על ידי הקנטאורים, היינריך נוצתסוס ובתו, הילדה.""",
311,18,5,40,1,1,121,174,121,"""I am supposed to keep track of all the adventurers and make sure they sign their names in the log.  There was a time when I would go out and rescue foolhardy adventurers who got into too much trouble, but I don't get out much now."" ","""תפקידי הוא לעקוב אחר כל ההרפתקנים ולדאוג שהם חותמים את שמם ביומן כיאות. היו ימים בהם הייתי יוצא לחלץ הרפתקנים פזיזים שסיבכו את עצמם ביותר מדי צרות, אבל כיום כבר אין לי את הכוחות לזה.""",
311,18,5,41,1,1,26,0,0,"""Cheetaurs are ferocious creatures that charge out of nowhere and try to tear you to shreds.  Sometimes they succeed."" ","""צ'יטאורים הם יצורים אכזריים שמסתערים משום מקום ומנסים לקרוע אותך לגזרים. לפעמים הם מצליחים.""",
311,18,5,42,1,1,14,168,121,"""You can see some of the types of monsters that live around here if you look at our walls.  There are Trolls, Griffins, Cheetaurs, Mantrays, and Goblins wandering in the woods."" ","""תוכל לראות כמה ממיני המפלצות החיות בסביבה אם רק תביט על הקירות. טרולים, גריפינים, צ'יטאורים, מנטריים, וגובלינים משוטטים בין היערות.""",
311,18,5,42,2,1,0,37,180,"""I hear there are even some Ogres and Saurus Rexes back in this valley. There was a time when Schultz and I had gotten rid of most of the monsters around here, but we are just too old for that now.""","""שמעתי שיש אפילו כמה עוגים וזארוס רקסים אי שם בעמק. היו זמנים שבהם אני ושולץ ביערנו את רוב המפלצות מהאזור, אבל היום אנחנו מדי מבוגרים בשביל זה.""",
311,18,5,43,1,1,104,252,73,"""That was the most vicious moose I ever ran into.  Nearly bit my nose off!""","""זה היה האייל האכזרי ביותר שאי פעם ראיתי. כמעט הוריד לי את האף.""",
311,18,5,44,1,1,105,98,105,"""The Mountains surrounding this valley are very high.  Snow covers the tops all year long.  The only way out of Spielburg Valley is through the pass, though I hear that it is blocked by snow again.""","""הרים גבוהים ורמים מקיפים את העמק. מעטה עבה של שלג עוטף את פסגותיהם לכל אורך השנה. המוצא היחיד מעמק שפילבורג הוא דרך המעבר, למרות ששמעתי ששוב הוא נחסם בעקבות השלגים הכבדים.""",
311,18,5,45,1,1,73,0,74,"""I am Wolfgang Abenteuer, Guild Master of this hall.""","""אני הוא וולפגנג אבנטואר, מנהיג היכל הגילדה הזה.""",
311,18,5,46,1,1,74,73,196,"""Ogres are a lot like Goons, but even meaner.  Not as bright, though.""","""עוגים דומים מאוד לבריונים, אך מרושעים יותר. אם כי פחות פיקחים.""",
311,18,5,47,1,1,0,0,0,"""I like Otto, even if he is a Goon.  Schultz has him almost trained."" ","""אני מחבב את אוטו, על אף היותו בריון. שולץ אילף אותו במידה מסויימת.""",
311,18,5,48,1,1,0,166,95,"""You need to talk to either the Baron or the Healer about that.""","""אתה צריך לדבר על זה עם הברון או עם המרפאה.""",
311,18,5,49,1,1,85,0,0,"""Don't mistake those things for Sauruses.   When they come at you, it is sometimes best just to run away.""","""אל תבלבל בין הדברים האלה לזארוסים. כשהם מתקרבים אליך, פשוט תברח כל עוד נפשך בך.""",
311,18,5,50,1,1,0,0,0,"""I remember when Hans killed the one there.  It was a tough fight, for him.""","""זכורני שהאנס הרג את האחד שם. היה זה קרב לא פשוט כלל ועיקר.""",
311,18,5,51,1,1,95,0,0,"""Schultz and I have been friends for a long time.  He too has been a real adventurer.  Now, he is just the Sheriff of the town.""","""אני ושולץ מייסטרסון חברים טובים מזה שנים רבות. גם הוא היה בעבר הרפתקן אמיתי. היום הוא בסך הכול שריף העיירה.""",
311,18,5,52,1,1,95,6,0,"""He was a hero and worthy of the name Barnard von Spielburg.  He rode off to hunt one morning five years ago, and his horse returned with large and deep claw marks.  No sign of the Baronet's body was ever found.""","""עכשיו, היה היה גיבור, ראוי לשמו, בשם ברנרד פון שפילברג. בוקר אחד לפני חמש שנים, הוא יצא רכוב על סוסו לצוד ציד, כשלפנות ערב חזר הסוס לבדו עם סימני טפרים על גבו. מאז לא נמצא אף זכר לגופתו של ברנרד.""",
311,18,5,53,1,1,218,0,2,"""Spielburg Town is small now that most people have been driven off by the Brigands.  This is such a pretty place, too, with the mountains, forests, and waterfalls.""","""אוכלוסיית שפילבורג הולכת ומצטמצמת שכן רוב תושביה נמלטו מאימת השודדים. זהו מקום כל כך יפה, מוקף בהרים נישאים, יערות עד, ומפלים מפכים.""",
311,18,5,54,1,1,199,160,95,"""I have never liked that place.  The bartender smiles all the time, but he is not very friendly.  Crusher lives up to his name.  He is nasty even for a Goon.""","""מעולם לא חיבבתי את המקום הזה. הברמן מחייך ללא הפסקה, אולם רחוק מלהיות ידידותי. המרסק, כשמו כן הוא. הוא מגעיל אפילו יחסית לבריון.""",
311,18,5,55,1,1,12,228,104,"""They said they were from some place called Andromeda.  Must be someplace south of here, I guess.  They certainly were odd.""","""הם סיפרו שהם מגיעים מאיזשהו מקום שנקרא אנדרומדה. למיטב הבנתי היא נמצאת היכנשהו דרומה מכאן. הם היו אנשים מוזרים, זה בטוח.""",
311,18,5,56,1,1,0,8,238,"""This town used to be a thriving city before the brigands drove most of the people off."" ","""העיירה היתה פעם עיר שוקקת ומשגשגת עד שבאו השודדים והבריחו את מרבית תושביה.""",
311,18,5,57,1,1,255,116,158,"""Trolls are very tough.  Fortunately, they only come out at night.  The woods are very dangerous at night.""","""טרולים יכולים להיות מאוד קשים. למרבה המזל הם יוצאים מחוריהם רק בלילות. אי לכך היער עשוי להיות מאוד מסוכן בלילות.""",
311,18,5,58,1,1,218,116,158,"""Schultz and I killed most of the monsters on those walls.""  ","""אני ושולץ הרגנו את רוב המפלצות שתלויים על הקירות.""",
311,18,5,59,1,1,13,138,74,"""The Saurus is a monster easy to avoid and easy to kill for a skilled adventurer.""","""הזארוס הוא מפלצת שהרפתקן מיומן יכול להתחמק ממנה או לחסל אותה די בקלות.""",
311,18,5,60,1,1,29,196,74,"""I remember the day I killed one.  It was the biggest one I had ever seen.  It put up a tough fight, but I was tougher.  You can see the result on the wall.""","""אני זוכר את היום שבו הרגתי אחד. הוא היה הגדול ביותר שראיתי אי פעם. הוא השיב מלחמה שערה, אבל אני הייתי יותר חזק. את התוצאות אתה יכול לראות על הקיר.""",
311,18,5,61,1,1,2,123,161,"""There are some nice waterfalls to the southeast of town.  They fill Mirror Lake, which is lovely, but icy cold all year round.""","""כמה מפלים נהדרים מפכים מדרום לעיירה. הם ממלאים את אגם המראה, שהוא מקסים, אך מימיו קפואים לאורך כל ימות השנה.""",
311,18,5,62,1,1,12,168,74,"""Yorick was a funny little man, but brave.  He swore he would spend his life searching for the Baron's Elsa.""","""יוריק היה איש קטן ומצחיק, אך אמיץ לב. הוא נשבע כי יקדיש את חייו לחיפושים אחר בת הברון אלסה.""",
311,19,1,0,1,99,95,8,2,A pile of wood is stacked against the wall.,צבר עצים נערם מול הקיר.,
311,19,4,0,1,99,161,0,0,The firewood will serve more purpose here than in your pack.,מוטב שעצי ההסקה ישרתו את מטרתם כאן מאשר שיבטלו את זמנם לריק בתיקך.,
313,1,1,0,1,99,166,166,166,The knitting bag is decorated on the outside with knitted figures. The Little Old Lady must do knitting when she's not asleep.,תיק הסריקה מקושט מבחוץ בדמויות סרוגות. הסבתא כנראה סורגת כשהיא לא ישנה.,
313,2,16,0,1,99,78,84,87,This is not the best place to practice dagger throwing.,זה לא המקום הכי טוב להתאמן בו על יידוי פגיונות.,
313,2,1,0,1,99,97,3,0,The birdcage is on a tall brass stand. There is a cover draped over it to keep the bird warm and quiet.,כלוב הציפורים ניצב על מעמד נחושת גבוה. את הכלוב מכסה שמיכה שמגנה על הציפור מפני הקור ושומרת על פרטיותה.,
313,3,0,1,1,99,118,166,166,Who would think a little birdie could be so noisy!,מי היה מאמין שציפור כל כך קטנה יכולה להיות כל כך רועשת!,
313,3,0,2,1,99,166,130,175,CHIRP! CHIRP!,ציף! ציף!,
313,3,0,3,1,99,20,0,206,You quickly cover the cage and hope the bird shuts up.,אתה מכסה את הכלוב במהירות ומקווה שהציפור תסתום את הפה.,
313,3,0,4,1,99,32,105,116,"You hear a voice from upstairs saying, ""Kitty, you'd better not be bothering the little birdie again!"" ","אתה שומע קול קורא מהקומה למעלה, ""קיטי, חסר לך שתציקי שוב לציפור הקטנה שלי!"" ",
313,3,0,5,1,99,0,0,0,Little Birdie,ציפור קטנה,
313,3,0,6,1,99,166,166,166,Little Old Lady,סבתא זקנה,זקנה קטנה?
313,4,1,0,1,99,20,20,0,The birdcage is on a tall brass stand. There is a cover draped over it to keep the bird warm and quiet.,כלוב הציפורים ניצב על מעמד נחושת גבוה. את הכלוב מכסה שמיכה שמגנה על הציפור מפני הקור ושומרת על פרטיותה.,
313,5,4,7,1,99,166,32,0,You take the silver candlesticks and stow them in your pack.,אתה נוטל את פמוטי הכסף ותוחבם בין מטלטליך.,
313,5,1,0,1,99,118,166,166,"The candlesticks are heavy, ornate and made of sterling silver.","הפמוטים כבדים, מעוטרים ועשויים כסף טהור.",
313,6,1,0,1,99,166,0,110,"The candlesticks are heavy, ornate and made of sterling silver.","הפמוטים כבדים, מעוטרים ועשויים כסף טהור.",
313,7,0,8,1,99,166,166,166,"You have a bad feeling about the very deep, low growl emanating from the cat.",יש לך תחושה מאוד רעה לגבי הנהמה השקטה והעמוקה הנפלטת מפי החתול.,
313,8,0,9,1,99,166,215,118,This is a very insistent cat. You give it one of your rations.,זהו חתול תובעני במיוחד. אתה מלעיט אותו באחת ממנותיך.,
313,8,0,10,1,99,166,166,166,You feed the nice kitty a crumb.,אתה מאכיל את החתלתול החמוד בפת לחם.,
313,8,0,11,1,99,57,52,95,The cat really likes being fed. You give it a leftover morsel.,החתול מאוד אוהב שמאכילים אותו. אתה נותן לו פרוסה נגוסה.,
313,8,0,12,1,99,166,166,166,You have nothing substantial to feed the cat.,אין לך שום דבר בעל ערך תזונתי להאכיל את החתול.,
313,8,0,13,1,99,166,166,166,You pet the nice kitty.,אתה מלטף את החלתול המתוק.,
313,8,0,14,1,99,20,0,217,The cat really likes being petted.,החתול מאוד אוהב שמלטפים אותו.,
313,8,0,15,1,99,0,191,118,This is a very insistent cat.,זהו חתול תובעני במיוחד.,
313,9,1,0,1,99,166,166,166,"The little house cat seems harmless, but strangely restless.","חתול הבית הקטנטן נראה בלתי מזיק, אבל איכשהו חסר מנוחה.",
313,10,1,0,1,99,166,215,118,The chair looks singularly uncomfortable.,הכיסא משדר חוסר נוחות משוועת.,
313,11,1,0,1,99,166,166,166,How does she keep those candles lit all night long?,מה היא שמה בנרות שהם דולקים במשך כל הלילה?,
313,12,4,0,1,99,166,166,166,"The chest is filled with old quilts, doilies, and sweaters five sizes too large for anyone to wear.  You really don't want any of them, so you close the chest again.","התיבה מלאה בשמיכות טלאים ישנות, מפיות, וסריגים ענקיים בחמש מידות מעל לממוצע. אתה באמת לא מעוניין בשום דבר מפה, ולכן סוגר את התיבה בשאט נפש.",
313,12,1,0,1,99,110,196,114,A large chest sits beside the bureau.,תיבה גדולה עומדת לצד השידה.,
313,13,0,16,1,99,166,166,166,"""KITTY!!!"" ","""קיטי!!!""",
313,13,0,17,1,99,118,166,166,L.O.L.,חחח,
313,14,0,18,1,99,0,166,166,SQUEEEEAK!,סקוויקקקק!,
313,15,0,19,1,99,166,166,166,CREEEEAAK!,קריקקקק!,
313,16,0,20,1,99,0,3,20,The owner of the house awakens...,בעלת הבית מתעוררת...,
313,16,0,21,1,99,99,44,32,Little Old Lady,סבתא זקנה,
313,16,0,22,1,99,105,99,104,"Help! Burglars! Sheriff! Help!
Kitty! Kitty!","""הצילו! שודדים! שריף! הצילו! קיטי! קיטי!""",
313,16,0,23,1,99,114,237,124,SCRAAAAWK!,"""סקראאאאק!""",
313,17,4,24,1,99,32,2,0,You find 3 silvers that have gotten caught in the cracks.,אתה מוצא שלושה מטבעות כסף שנתקעו בין החריצים.,
313,17,4,25,1,99,118,166,166,You find nothing else by searching the couch.,אתה לא מוצא שום דבר נוסף בחיפוש יסודי בספה.,
313,17,1,0,1,99,166,20,0,The couch looks every bit as uncomfortable as your maiden aunt's.,הספה הלא נוחה מזכירה לך ספה דומה בבית דודתך הרווקה.,
313,18,0,26,1,99,32,49,54,You find a single silver in one of the desk drawers.  You find nothing else of any value to you.,אתה מוצא מטבע כסף בודד באחת ממגירות השולחן. חוץ ממנו אתה לא מוצא שום דבר בעל ערך.,
313,19,1,0,1,99,126,229,118,The stairs lead to the door to an upstairs room.,המדרגות מובילות אל דלת חדר בקומה העליונה.,
313,20,1,0,1,99,166,166,166,"Against the wall, there is a large wooden desk with many drawers. ","צמוד לקיר, עומד שולחן עץ גדול ובו מגירות רבות.",
313,21,1,0,1,99,32,0,54,"The fire is out, but you can still feel the heat from the hearth. ","האש כבתה, אך אתה עדיין יכול לחוש את החום הנודף מהאח.",
313,22,1,0,1,99,166,166,166,"It's a hurricane lamp.  Funny, you've never heard of hurricanes in Spielburg.","מנורת סערות. מוזר, אף פעם לא שמעת על הוריקנים בשפילבורג.",
313,23,1,0,1,99,166,166,166,The light of the hurricane lamp.,אורה של מנורת הסערות.,
313,24,4,0,1,99,2,99,20,Nothing but dirt and leaves there.,שום דבר פרט לעפר ועלים.,
313,24,1,0,1,99,46,3,110,It's a Shrubbery!,אלו שיחים!,שיניתי זה לאלו
313,25,1,0,1,99,57,54,32,The Little Old Lady left her purse on the couch.  Mighty careless.,הסבתא הזקנה השאירה את ארנקה על הספה. חוסר אחריות משווע מצידה.,
313,26,0,27,1,99,123,232,118,That'll teach you to play daggers with a cat!,זה ילמד אותך איך משחקים פגיונות עם חתול!,
313,26,0,28,1,99,166,166,166,"Oh, Oh!  Looks like you've blundered into the cat's territory. ",הו הו! נראה שנקלעת בטעות לטריטוריית החתול.,
313,27,0,29,1,99,124,40,14,The smell of lavender and dust fills your nose as you walk in.  This reminds you of a great aunt's house you once visited.,ניחוח הלבנדר מהול באבק ממלא את נחיריך מיד כשאתה נכנס. הריח מזכיר לך את ביקורך הראשון והאחרון בבית דודה רבתא שלך.,
313,27,0,30,1,99,166,166,166,"There is a covered birdcage near the stairs, and a knitting basket beside the couch.","כלוב ציפורים מכוסה נמצא סמוך למדרגות, וסלסלת סריגה ליד הספה.",
313,27,0,31,1,99,166,166,166,"A string of pearls seems to have fallen into the bag among the knitting.  You take the pearls, of course.  (The knitting you can do without.) ",שרשרת פנינים נשכחה בסל בין כלי הסריגה. אתה לוקח את הפנינים כמובן. (על דברי הסריגה אתה מוותר בחפץ לב.),
313,27,0,32,1,99,0,0,0,You find nothing else of value in the desk.,אתה לא מוצא שום דבר בעל ערך על השולחן.,
313,27,0,33,1,99,0,255,123,"In the purse, you find 20 silvers and some soiled hankies. You take the silver.","בארנק, אתה מוצא 20 מטבעות כסף וכמה ממחטות מטונפות. אתה לוקח את המטבעות.",
313,27,1,0,1,99,166,166,166,The smell of lavender and dust fills your nose as you walk in.  This reminds you of a great aunt's house you once visited.,ברגע שאתה נכנס מכה בך ניחוח לבנדר מעורב באבק. הריח מזכיר לך את ביקורך היחיד בבית דודה רבתא שלך.,
313,27,1,0,2,99,116,111,114,"The couch looks every bit as uncomfortable as your aunt's.  There is a covered birdcage near the stairs, and a knitting basket beside the couch. ","הספה הלא נוחה מעלה בך זכרונות לא נעימים מבית דודתך הרווקה. כלוב ציפורים מכוסה נמצא סמוך למדרגות, וסלסלת סריגה ליד הספה.",
313,28,1,0,1,99,0,0,0,The squared rug matches the walls.  It appears the floor has recently been painted.,השטיח המשובץ תואם לקירות. עושה רושם שהרצפה נצבעה זה לא מכבר.,
313,29,17,0,1,99,166,166,166,"It's not locked.  In fact, the lock is broken.","היא לא נעולה. למעשה, המנעול שבור.",
313,29,1,0,1,99,0,89,128,"It's a large, wooden chest, undoubtedly filled with priceless treasures.","זאת תיבה מעץ, גדולה, שללא כל צל של ספק עמוסה באוצרות יקרים מפז.",
313,29,18,0,1,99,128,2,0,"It's not locked.  In fact, the lock is broken. ","היא לא נעולה. למעשה, המנעול שבור.",
313,30,1,0,1,99,118,166,166,There is an assortment of plastic fruit on the old wooden table.,מבחר פירות פלסטיק ערוכים על שולחן העץ הישן.,
313,31,1,0,1,99,166,20,0,The wood on this table has been polished into total submission.  A lace doily guards it from dust and water rings.,העץ על השולחן הוברק עד לבלי הכר. מפת תחרה שומרת עליו מפני אבק ונתזי מים.,
314,1,4,0,1,99,127,32,127,"You have a weird feeling that someone is watching you, and you decide you'd better not touch anything. ","יש לך תחושה חסרת פשר שמישהו צופה בך, אז אתה בוחר לא לגעת בכלום.",
314,1,1,0,1,99,127,32,127,Accoutrements and equipment.,אביזרים וציוד.,
314,2,4,0,1,99,112,111,126,"This mysterious orb feels as smooth as glass, and icy cold to the touch.   ","הכדור המסתורי מרגיש חלק כזכוכית, וקפוא למגע.",
314,2,1,0,1,99,112,116,112,This strange globe radiates with an eerie light.,הגלובוס המוזר מקרין זוהר מסתורי.,
314,3,4,0,1,99,112,116,112,That's way out of reach.,זה הרחק מהישג ידך.,
314,3,1,0,1,99,31,32,31,It's not a pretty sight.,זה לא מחזה מלבב.,
314,4,4,0,1,99,31,32,31,You can only guess at the original contents of this bottle since it is now empty.,אתה יכול רק לנחש מה היתה התכולה המקורית של הבקבוק מאחר וכרגע הוא ריק.,
314,4,1,0,1,99,31,32,31,It's a blue bottle of blue bottle flies.,זה בקבוק כחול של זבובי בקבוקים כחולים.,תרגמתי - לא סגור על זה
314,5,4,0,1,99,31,32,31,"Since you don't have time to read, you leave them. ","מאחר ואין לך זמן לקרוא, אתה מניח להם.",
314,5,1,0,1,99,31,222,114,"The titles are totally unfamiliar to you.  The books dealing with sorcery, necromancy and other occult subjects.","השמות לגמרי לא מוכרים לך. הספרים עוסקים בכישוף, העלאה באוב ושאר מקצועות תורת הנסתר.",
314,6,4,0,1,99,127,186,127,"Not knowing what the potions are, they will do you no good. ","בלי לדעת איזה מין שיקויים אלה, לא ייצא לך מהם שום תועלת.",
314,6,1,0,1,99,127,32,127,Bottles of mephitic potions.,בקבוקים של שיקויים רעילים.,
314,7,4,0,1,99,127,32,127,"Afraid that the contents might jump out at you, you leave the jar alone. ","מחשש שהתכולה תזנק עליך לפתע פתאום, אתה מניח לצנצנת לנפשה.",
314,7,1,0,1,99,127,32,127,A brown jar of crushed cockroach essence.,צנצנת חומה עם תמצית רסק מקקים.,
314,8,1,0,1,99,127,32,127,The ceiling is shrouded with clouds of smoke.,התקרה אפופה בענני עשן.,
314,9,1,0,1,99,127,32,127,You feel like you're floating on air.,אתה מרגיש כאילו אתה מרחף באוויר.,
314,10,4,0,1,99,127,32,127,"As your hand nears the coals, you discover that they are burning. ","כשידך כבר כמעט ונוגעת בגחלים, אתה מגלה שהם בוערים.",
314,10,1,0,1,99,127,32,127,The coals are glowing.,הגחלים לוחשים.,
314,11,4,0,1,99,127,32,127,You don't know how to use a crystal ball.,אתה לא יודע איך משתמשים בכדור בדולח.,
314,11,1,0,1,99,127,32,127,"Crystal balls, useful only to those initiated into the ways of wizardry.  ","כדורי בדולח, שימושיים רק למי שעבר חניכה בתורת הקסמים.",
314,12,4,0,1,99,127,32,127,"Whether it's because that thing is too far to reach, has sharp, nasty claws, and wicked teeth, or because it glares at you, you decide you'd better not touch it. ","בין אם זה בגלל שהדבר הזה מדי רחוק ממך, או שמא טפריו הזדוניים והחדים, ושיניו המרושעות, או אולי סתם כי הוא בוהה בך, כך או כך אתה מחליט פשוט לא לגעת בו וחסל.",
314,12,1,0,1,99,112,83,126,"It looks like a sculpture of some weird, bat-winged creature.",זה נראה כמו פסל של איזשהו יצור עטלפי משונה.,
314,12,1,1,1,99,112,104,112,"This living creature must be some sort of familiar.  There is an uncanny look in its eyes, and you don't want to look at it too closely.  It definitely has magic.","היצור העטלפי המכונף נראה מוכר מאיזשהו מקום. מבט חשוד ולא טבעי בעיניו, ואתה מעדיף שלא להתקרב אליו יתר על המידה. הוא בוודאות קסום.",
314,12,2,0,1,99,127,32,127,It's not familiar enough with you to want to chat.,הוא לא מכיר אותך מספיק טוב כדי לפתוח איתך בשיחה.,
314,13,4,0,1,99,127,32,127,"On closer observation, you discover that they cute little fish are piranhas.  You wisely keep your fingers out.","בבחינה מדוקדקת יותר, אתה מגלה שהדגים הקטנים והחמודים הם לא פחות מאשר פירנאות. אתה נוהג בחוכמה ומרחיק את אצבעותיך.",
314,13,1,0,1,99,127,32,112,It's a bowl of pretty little fish.,קערה עם דגיגים מקסימים.,
314,14,4,0,1,99,112,115,112,"The floor has an oily, glassy feel to it. ",הרצפה מרגישה לך זגוגית ושמנונית.,
314,14,1,0,1,99,112,115,112,The floor is almost completely covered by a strange symbol.,הרצפה מכוסה כמעט כולה בסמל מוזר.,
314,15,4,0,1,99,112,104,112,Don't touch -- that stuff looks corrosive.,אל תיגע -- זה נראה חומר משתך.,
314,15,1,0,1,99,127,32,127,The jar is filled with a corrosive-looking green substance.,הצנצנת מלאה בחומר ירקרק הרסני למראה.,
314,16,4,0,1,99,127,32,127,"You'll never get a head that way!  Besides, you don't really need a face-lift yet.  ","לעולם לא תצליח לתפוס ראש בצורה הזאת! וחוץ מזה, אין לך עדיין צורך במתיחת פנים.",
314,16,1,0,1,99,127,32,127,A replacement part for a magical face-lift.,חלק חילוף למתיחת פנים קסומה.,
314,17,4,0,1,99,48,41,48,It's a jar of dried Mantray jerky.  Yum!  (Not.),צנצנת של בשר מנטריי מיובש. טעים! (לא באמת.),
314,18,4,0,1,99,48,101,48,Don't touch the mortar -- you'd be terribly embarrassed if you made it accidentally fire.,אל תיגע במדוכה -- יהיה נורא מביך אם תשרוף אותה בטעות.,
314,18,1,0,1,99,48,58,48,"A mortar, complete with the traditional pestle. ","מדוכה, מגיעה בערכה מלאה עם עלי מסורתי.",
314,19,4,0,1,99,48,32,127,Your garage is already full of junk; you don't need to add to the clutter.,המחסן שלך כבר מלא בגרוטאות; אין צורך להוסיף לבלגן.,
314,19,1,2,1,99,31,46,31,Odds and ends.,פריטים שונים ומשונים.,
314,19,1,3,1,99,31,32,31,Ends and odds.,פריטים משונים ושונים.,
314,19,1,4,1,99,31,32,31,Things and stuff.,כל מיני דברים.,
314,19,1,5,1,99,31,32,31,Jeff's jimcracks.,הזבל של איזבל.,אין לי מושג מה זה. אולי אפשר להבין לפי ההקשר
314,19,1,6,1,99,31,32,31,Magical junk and mystical garbage.,פסולת קסומה וזבל מסתורי.,
314,20,4,0,1,99,127,186,127,"You may not be a Wizard, but you have learned that touching a pentagram can be bad for one's health.","אתה אולי לא אשף, אבל למדת שנגיעה בכוכב מחומש עלולה להזיק לבריאות.",
314,20,1,0,1,99,48,40,48,"A pentagram, used in incantations to conjure spirits.","כוכב מחומש, שימושי בטקסים לזימון רוחות.",
314,21,4,0,1,99,48,117,62,"Glimpsing the skull and crossbones on this jar, you wisely leave it alone. ","מזווית עיניך אתה מבחין בגולגולת ועצמות מוצלבות על תווית הצנצנת, ובתבונה רבה שומר ממנה מרחק.",
314,21,1,0,1,99,48,116,48,"The label says ""Instant Fire -- Just Add Water."" ","על התווית כתוב ""אש מיידית -- רק להוסיף מים.""",
314,22,4,0,1,99,48,101,48,Someone is watching you.,מישהו צופה בך.,
314,22,1,0,1,99,127,32,127,Tall shelves with books and odds and ends suited to magic line the walls. The ceiling and the far wall are mysterious indeed.  There is a strange symbol on the floor.  You also see a wide variety of arcane objects.,מדפים גבוהים גדושים בספרים ופריטי קסם שונים מצפים את הקירות. התקרה והקיר מנגד גם הם מלאי רזין. סמל מוזר מצוייר על הרצפה. מסביבך נצפים מגוון רחב של אובייקטים מסתוריים.,
314,22,1,7,1,99,127,32,127,You see a wide variety of arcane objects.  For example:,אתה רואה מגוון רחב של אובייקטים מסתוריים. לדוגמה:,
314,22,1,7,2,99,127,32,127,Scrolls covered with mysterious symbols and arcane incantations.,מגילה עטופה עם סמלים מסתוריים ולחשים סודיים.,
314,22,1,7,3,99,127,32,127,"A toaster oven, very rarely used -- electricity hasn't been invented yet. ","טוסטר אובן, חדש מהניילונים -- החשמל עדיין לא הומצא.",
314,22,1,7,4,99,127,32,127,"Crystal balls, useful only to those initiated into the ways of witches.","כדורי בדולח, שימושיים רק לחניכי תורת הקסמים.",
314,22,1,7,5,99,127,32,127,Bottles of mephitic potions.,בקבוקים עם שיקויים רעילים.,
314,22,1,7,6,99,127,32,127,"Books dealing with sorcery, necromancy and other occult subjects.","ספרים שעוסקים בכישוף, העלאה באוב ושאר מקצועות תורת הנסתר.",
314,22,1,7,7,99,127,32,127,Dried Mantray jerky.,בשר מנטריי מיובש.,
314,22,1,7,8,99,127,32,127,A balance scale.  Zara uses it to measure powders and to maintain the magical balance.,מאזניים. זארה משתמשת בהם למדידת אבקות ולשימור האיזון הקוסמי.,
314,22,1,7,9,99,127,32,127,A hooded robe for when it rains in here.,גלימה עם ברדס למקרה שיורד גשם.,
314,22,1,7,10,99,127,32,127,"Tinsel and chaff, very good for avoiding radar.","נצנצים וסיבי מתכת, מצויינים להתחמקות ממכ""מים.",
314,22,20,0,1,99,127,32,127,It wouldn't be a good idea to throw things in here.  You might break something and anger Zara.<CRLF>,"באופן כללי זה לא רעיון טוב להשליך כאן דברים. אתה עלול לשבור משהו ולעצבן את זארה.
",
314,22,10,8,1,99,127,32,127,You have already done that.,כבר עשית את זה.,
314,22,10,9,1,99,127,32,127,"As you read the spell scroll, the spell is ingrained in your mind.","תוך כדי קריאת מגילת הלחש, הלחש מוטבע בתודעתך.",
314,23,4,0,1,99,127,32,127,"You weigh the consequences of taking the balance scale, and decide that, on balance, it's not such a good idea.","אתה שוקל בכובד ראש מה יהיו ההשלכות מלקיחת המאזנים, ומחליט שבמאזן הכללי, זה לא רעיון מוצלח במיוחד.",
314,23,1,0,1,99,127,32,127,An ancient balance scale.  Zara thinks it will help her maintain a sense of balance.,מאזניים עתיקות. זארה מאמינה שהם יעזרו לה לשמור על תחושת האיזון.,
314,24,1,0,1,99,127,186,127,"The burning incense fills the room with a strange, fiery scent.",הקטורת המתלקחת ממלאת את החדר בניחוח יוקד ומעורר.,
314,25,4,0,1,99,48,32,48,None of the scrolls is in a language you have ever seen.,אף לא אחת מהמגילות כתובה בשפה מובנת כלשהי.,
314,25,1,0,1,99,48,115,48,"There are a few Dead Sea scrolls, a couple of Red Sea scrolls, a C++ scroll (written in assembly language), and others even more esoteric. ","כמה מגילות ים המלח, מספר מגילות ים סוף, ושיא השיאים - מגילת C++ (כתובה בשפת מכונה), ועוד כמה אפילו יותר אזוטריות.",
314,26,4,0,1,99,48,110,48,The tinsel reminds you that there are only 250 shopping days left until Christmas.,הנצנצים מזכירים לך כי נותרו רק עוד 250 ימי עסקים עד חג המולד.,
314,26,1,0,1,99,48,118,48,Tinsel left over from last Christmas.,שאריות נוצצות מחג המולד שעבר.,
314,27,4,0,1,99,127,32,127,"You wish you had your great-great-great-great-grandson here so he could tell you how to work this.  But since he isn't even born yet, you decide you have no use for the toaster oven.","היית רוצה שאחד מצאצאי צאצאיך יעמוד פה היום ויסביר לך כיצד להפעיל את זה. אבל כיוון שהוא עוד לא נולד, אתה מחליט שאין לך מה לעשות עם הטוסטר אובן.",
314,27,1,0,1,99,127,32,127,"A toaster oven, very rarely used -- electricity hasn't been invented yet. ","טוסטר אובן, חדש מהניילונים -- החשמל עדיין לא הומצא בזמנך.",
314,28,0,10,1,20,127,32,127,"""I am Zara, and my companion is Damiano.  The items in this shop are designed for those skilled in the use of magic. ""","""שמי הוא זארה, וזהו בן לוויתי, דאמיאנו. המוצרים בחנותי עוצבו במיוחד עבור אותם אלה שעברו הכשרה מיוחדת לשימוש בקסמים.""",
314,28,0,10,2,20,127,32,127,"""We have very little for ones such as you who have not been initiated, but what we have could prove useful.""","""יש לנו היצע מצומצם מאוד לאנשים כמוך שעוד לא נחנכו, אבל מה שכן יש לנו עשוי להתברר כשימושי.""",
314,28,0,11,1,20,127,32,127,"""So, you return to my shop.  Ask of me what you will, but keep to the point.""","""ובכן, חזרת לחנות שלי. שאל אותי מה שתרצה, אבל התמקד בעניין.""",תרגמתי. אולי דבר לעניין?
314,28,5,12,1,20,127,32,127,"""An Aura is a Spell of protection surrounding something.  The town is still protected by the Aura cast by the great Spellcaster, Erana.""","""הילה היא קסם של הגנה שעוטף משהו. העיירה שרויה עדיין תחת הגנת ההילה שנוצקה על ידי הלוחשת הגדולה אראנה.""",
314,28,5,13,1,20,127,32,127,"""She is a powerful and wicked hag.  You would be wise to avoid her.  She cursed the Baron von Spielburg when he tried to drive her away.""","""היא מכשפה רעה ורבת עוצמה. יהיה זה חכם מצידך להישמר ממנה. היא קיללה את הברון פון שפילבורג כשהאחרון ניסה לגרש אותה.""","hag.
1. an ugly old woman, especially a vicious or malicious one.
2. a witch or sorceress.
האם שמרנו על הדו-משמעות פה?"
314,28,5,14,1,20,127,32,127,"""He was once the great leader of this land until he was foolish enough to anger Baba Yaga.""","""פעם הוא היה שליט הארץ הבלתי מעורער עד אותו יום מר ונמהר בו הוא היה מספיק טיפש להתגרות בבאבא יאגה.""",
314,28,5,15,1,20,127,32,127,"""This is Baba Yaga's curse, cast upon the Baron years ago:""","""וזאת הקללה אשר המיטה באבא יאגה על ראשו של הברון לפני שנים רבות:""",
314,28,5,15,2,20,127,32,127,"""Upon von Spielburg and all his clan, this Curse I now demand:   What I will shall come full measure, so shall ye lose all that ye treasure.""","""'על ראש פון שפילבורג ועל אנשיו, זו הקללה אטיל מעכשיו: כל מבוקשי במלואו יתגשם, על כן תאבדו כל היקר ללבכם.'""",
314,28,5,15,3,20,127,32,127,"""There is always a way to break a curse; possibly Erasmus knows more about this one.""","""אין קללה אשר אין לה מזור; ארסמוס ישמח לתת לך מידע נוסף בעניין.""",
314,28,5,16,1,20,127,32,127,"""Damiano is my familiar and my companion.  We share our lives and our magic.""","""דמיאנו הוא בן לווייתי וידידי הנאמן. אנו חולקים את חיינו וקסמינו.""",
314,28,5,17,1,20,127,32,127,"""That is the Spell that lets you cast a Magical Flame upon your enemy.  The Spell Scroll will cost you 60 silver.""","""זהו הלחש אשר מאפשר לך להפיל להבות על ראשם של אוייביך. מגילת הקסם תעלה לך 60 מטבעות כסף.""",
314,28,5,18,1,20,127,32,127,"""Erasmus makes a point of studying the effects of Magic upon mortals.  There is little about Magic in this area that Erasmus does not know.""","""ארסמוס עשה קריירה ממחקר על השפעתם של קסמים על בני תמותה. יש מעט מאוד דברים הנוגעים לקסם אשר אינם ידועים לארסמוס.""",
314,28,5,19,1,20,127,32,127,"""Erana was a powerful Spellcaster who lived long ago.  She brought peace to this valley.  Even now her spell protects this town from violence or foul Magic.""","""אראנה היתה לוחשת רבת כוח שחיה לפני רבות בשנים. היא הביאה שלום על העמק. גם כיום קסמה עדיין מגן על עיירתנו מפני אלימות או קסמים מתועבים.""",
314,28,5,19,2,20,127,32,127,"""Her final resting place is due north of town, and it is a place of both safety and healing.  It is known as `Erana's Peace'""","""מקום מנוחתה האחרון שוכן מצפון לעיירה, וידוע בסגולותיו ההגנתיות והרפואיות. הוא מוכר בשם מנוחת אראנה.""",
314,28,5,20,1,20,127,32,127,"""Erasmus is a Wizard and a Spellcaster who knows much about this area.  He lives in a tower northeast of town at the top of a steep mountain called Zauberberg.""  ","""ארסמוס הוא אשף ולוחש שמכיר את האזור היטב. הוא מתגורר במגדל מצפון לעיירה בפסגת הר תלול ששמו זאוברברג.""",
314,28,5,20,2,20,43,79,43,"""He can be very helpful if approached properly, but he has a strange sense of humor.""","""הוא אוהב להגיש עזרה ולסייע במידה ופונים אליו בצורה נאותה, אם כי חוש ההומור שלו קצת חריג.""",
314,28,5,21,1,20,43,220,112,"""We are a people of Power and Magic, and live in the forests far beyond the mountains to the west.""","""אנחנו אנשי כוח וקסם, ומתגוררים ביערות הרחק מעבר להרים במערב.""",
314,28,5,22,1,20,32,97,32,"""A Familiar is a creature of magical abilities which has been summoned to serve the Wizard."" ","""בן לוויה הוא יצור עם יכולות קסומות אשר זומן לשרת את אדונו האשף.""",
314,28,5,22,2,20,32,32,32,"""The Summoning  of a Familiar is a most powerful spell, and can be cast but once.  It binds the Wizard and the Familiar to the ends of their lives.""","""זימון בן לוויה הוא הלחש העוצמתי ביותר, וניתן לקסום אותו פעם אחת בלבד. הוא כורך את גורלם של האשף ובן הלוויה עד יומם האחרון.""",
314,28,5,22,3,20,127,32,127,"""The more powerful the Wizard, the more powerful the Familiar, although you cannot always judge power by a Familiar's shape.""","""ככל שכוחו של האשף גדול, כך גם כוחו של בן הלוויה, אם כי אינך יכול לשפוט עד כמה חזק בן הלוויה על פי צורתו.""",
314,28,5,23,1,20,127,32,127,"""The Fetch Spell allows you to lift or lower a lightweight object from a distance.  The Spell Scroll will cost you 40 silver.""","""לחש התפיסה מאפשר לך להגביה או להנמיך חפצים קלי משקל ממרחק. מגילת הלחש תעלה לך 40 כסף.""",
314,28,5,24,1,20,127,32,127,"""The Healing Potion will cost you 50 silver.  It is made by the Healer outside of town.""","""לחש הריפוי יעלה לך 50 כסף. הוא נוצר על ידי המרפאה מחוץ לעיר.""",
314,28,5,25,1,20,127,32,127,"""Master the Arts Arcane, use those skills to vanquish the evil curse, and you will become a true Hero!""","""התמחה באומנויות המסתורין, השתמש בכישורים אלה על מנת למגר את הקללה הנוראה, או אז תהפוך לגיבור אמיתי!""",
314,28,5,26,1,20,127,32,127,"""Baba Yaga's hut is Magical.  It stands on chicken legs, and you must know the rhyme to enter.""","""בקתת באבא יאגה מכושפת. היא ניצבת על גבי כרעי תרנגולת, ועליך להכיר את חרוזי הכניסה.""",
314,28,5,27,1,20,127,186,127,"""When you have mastered nine spells, have the power to cast them all, and proved yourself worthy by accomplishing a great deed, then you must undergo initiation to become a full Wizard.""","""כאשר תרכוש מיומנות בתשעת הלחשים, תצבור את הכוח להטיל אותם, ותוכיח את עצמך בכך שתעשה מעשה גדול, אז תשלים את תהליך החניכה ותהפוך לאשף מושלם.""",
314,28,5,27,2,20,112,223,112,"""There is a place in the distant south where you must journey, but first you must become a hero here.""","""ישנו מקום בדרום הרחוק שאליו אתה חייב לנדוד, אך ראשית עליך להפוך כאן לגיבור.""",
314,28,5,28,1,20,112,223,112,"""There are many entrances to the Halls of Magical Mastery in the south.""","""ישנן כניסות רבות להיכלי השליטה הקוסמית בדרום.""",
314,28,5,28,2,20,112,32,112,"""After you have gained skill and a good reputation in Magic, you should journey south.""","""לאחר שתצבור מיומנות מלאה ומוניטין טוב באומנויות הקסם, עליך ליסוע דרומה.""",
314,28,5,28,3,20,112,223,112,"""If you are indeed worthy of being a Wizard, you will find a way to those Halls.""","""אם אתה אכן ראוי לתפקיד האשף, אתה כבר תמצא את הדרך אל ההיכלות.""",
314,28,5,29,1,20,127,32,127,"""If you have the skill of Magic, you can learn the way to cast spells by reading magical scrolls."" ","""אם יש לך את מיומנות הקסם, תוכל להתמקצע בהטלת לחשים על ידי קריאת מגילות קסמים.""",
314,28,5,29,2,20,127,32,127,"""Without the skill, you have no Power.  The more you practice spell casting, the greater you shall become. ""","""ללא מיומנות, אתה נטול כוחות לחלוטין. ככל שתתאמן יותר על הטלת לחשים, כך תהפוך לקוסם גדול יותר.""",
314,28,5,30,1,20,127,32,127,"""It is a Spell that allows you at first to unfasten simple locks and knots.  As you gain in skill, then you may open doors with it.  This Spell Scroll will cost you 30 silver.""","""זהו לחש שבשלב ראשון יאפשר לך לפתוח מנעולים פשוטים ולהתיר קשרים. ברגע שתצבור מיומנות, תוכל אפילו לפתוח איתו דלתות. מגילת הלחש תעלה לך 30 כסף.""",
314,28,5,31,1,20,127,32,127,"""To the north of the town, surrounded by the mountains, is an Alpine valley that is rumored to be the final resting place for Erana, although no one is certain what happened to her.""","""מצפון לעיירה, מוקף בהרים, שוכן עמק אלפיני בו נמצא על פי השמועות מקום קבורתה של אראנה, למרות שאיש אינו יודע מה בדיוק קרה לה.""",
314,28,5,31,2,20,127,32,127,"""It is certainly a magical place of safety. There is also supposed to be a gift there for Magic Users who are clever enough to find it.""","""הקבר הוא מקום מבטחים קסום. בנוסף מצפה שם מתנה מיוחדת לכל אותם עוסקים בקסם אשר יהיו פיקחים דים למצוא אותה.""",
314,28,5,32,1,20,127,32,127,"""A true Magic User has the innate affinity for Magic.  There is also the ability to store Power, which ordinary mortals do not have.""","""לעוסק בקסם אמיתי יש נטיה מולדת לקסם. יש לו גם את היכולת לאגור כוחות, בניגוד לבן תמותה רגיל.""",
314,28,5,33,1,20,127,205,127,"""We have potions of Healing, Vigor, and Power for purchase from our shop.""","""אנחנו מוכרים בחנותנו שיקויי רפואה, מרץ, וכוח.""",
314,28,5,34,1,20,127,205,127,"""Power is the essence of magic, that which the wizard shapes and is shaped by.""","""הכוח הוא מהות הקסם, הוא מתעצב על ידי האשף ומעצב אותו בחזרה.""",
314,28,5,35,1,20,127,205,127,"""The Power Potion restores your magical energy, and costs 75 silver.""","""שיקוי הכוח משקם את האנרגיה הקוסמית שלך, ומחירו 75 כסף.""",
314,28,5,36,1,20,127,205,127,"""I have no interest in entering Baba Yaga's hut and therefore do not know the rhyme."" ","""אין לי שום צורך ורצון להיכנס לבקתת באגה יאגה ולפיכך גם מעולם לא למדתי את החרוז.""",
314,28,5,37,1,20,127,205,127,"""The Scrolls we sell are Magical.  You have but to read the Spell, and you will learn it.""","""המגילות שאנו מוכרים הינן קסומות. כל שעליך לעשות זה לקרוא את הלחש, והקסם יכנס בך מעצמו.""",
314,28,5,38,1,20,127,205,127,"""What I sell here are merely tools to help those who have power.""","""מה שאני מוכרת כאן אלו בסך הכול כלי עזר לאותם אנשים שיש בהם את הכוח.""",
314,28,5,38,2,20,127,205,127,"""You may purchase restorative potions and scrolls from which you may learn spells, if you have the potential.""  ","""תוכל לרכוש שיקויים משקמים ומגילות אשר יעשירו את הידע שלך בלחשים השונים, אם יש לך את הפוטנציאל.""",
314,28,5,39,1,20,127,205,127,"""We sell several Magical Spells on study scrolls.  You may purchase Flame Dart for 60 silver, Fetch for 40 silver, or the Open spell for 30 silver.""","""אנו משווקים כמה לחשי קסם על גבי מגילות השכלה. באפשרותך לרכוש חץ להבה ב-60 כסף, תפיסה ב-40 כסף, או את לחש הפתיחה תמורת 30 כסף.""",
314,28,5,39,2,20,127,205,127,"""I also know that you can find a wonderful Spell if you learn the secret of Erana's Peace.""","""אני גם יודעת שהיה ותצליח לפצח את הסוד של מנוחת אראנה תגלה שם לחש.""",
314,28,5,40,1,20,127,205,127,"""There is much Magic in this world for those who know how to use it.  There is Magic in this little town, and a good deal of Magic in this valley.""","""טמון כל כך הרבה קסם בעולם למי שרק יודע להשתמש בו. ישנו קסם בעיירה הקטנה שלנו, כמו גם כמויות עצומות של קסם ששוכנות בעמק.""",
314,28,5,41,1,20,127,0,46,"""There is an Aura protecting this town from danger.  Within most of the town's walls, there can be no act of violence or cruel Magic.  Even so, it is prudent to avoid dark places.""","""קיימת הילה שמגינה על העיירה מפני סכנות. בין חומותיה, לא יתכנו פעולות אלימות או קסמים אכזריים. עם זאת, מומלץ להתרחק ממקומות אפלים.""",
314,28,5,42,1,20,162,5,131,"""There is much Power in this valley, and it attracts those who use Magic.  I am here in Spielburg, Erasmus has his house on Zauberberg, and even Baba Yaga has her hut cooped up somewhere around here.""","""בעמק שורר המון כוח, שמושך אחריו את העוסקים בקסמים. אני כאן, ארסמוס בנה את ביתו בזאוברברג, ואפילו באבא יאגה סגורה בבקתתה איפשהו כאן בסביבה.""",
314,28,5,43,1,20,68,128,117,"""Vigor Potions restore your Stamina after you have exerted yourself.  They cost 25 silver each.""","""שיקויי מרץ משקמים את כושר העמידה שלך לאחר שהתאמצת יתר על המידה. מחירם 25 כסף ליחידה.""",
314,28,5,44,1,20,6,128,195,"""A Wizard is one who both shapes Magic and is shaped by it.  Erasmus and I are the only Wizards in this valley."" ","""אשף הוא אחד שמעצב את הקסם לא פחות משהוא מעוצב על ידו. אני וארסמוס האשפים היחידים בכל העמק.""",
314,28,5,45,1,20,50,13,75,"""That is the Spell that lets you place magical energy upon a weapon.  The energy will be released as magical damage when you hit your enemy.""","""זהו הלחש שמאפשר לך לעטוף כלי נשק באנרגיה קסומה. האנרגיה תשוחרר כפגיעת קסם כשתפגע באויבך.""",
314,28,5,46,1,20,251,38,139,"""I am both human and Faery Folk.  I draw my power from both.  My name is Zara.  This is my shop."" ","""הנני בת אנוש וגם פיה. כוחי נשאב משניהם. שמי הוא זארה. זו החנות שלי.""",
314,28,4,0,1,99,7,11,192,"It's a good thing you can't get close to Zara.  With her electrifying personality, the results could be shocking. ","טוב שאינך יכול להתקרב לזארה. עם אישיותה המחשמלת, התוצאות יהיו מסמרות שיער.",
314,28,1,0,1,99,255,116,18,"Zara has a mysterious, unearthly look to her.  You have the feeling that she is not a person to trifle with.",זארה בעלת מראה מסתורי ויוצא דופן. יש לך תחושה שהיא אדם שלא כדאי להתעסק איתו.,
314,28,10,0,1,20,137,53,191,"""The powers of magic are reserved for those with the potential to use them.  I sense no such potential in you.""","""כוחות הכישוף שמורים עבור אלה בעלי היכולת להשתמש בהם. איני חשה ביכולת שכזו בך.""",
314,28,10,7,1,20,128,7,195,"Zara says, ""I detect that you have not the money to purchase that item.  Do not toy with me!""","""אני חשה שאין ברשותך את סכום הכסף הנדרש לרכישת הפריט הזה. אל תשחק איתי!""",
314,28,10,47,1,20,232,93,195,"""May this aid you on your Quest!""","""מי ייתן וזה יסייע לך במסע!""",
314,28,2,12,1,20,54,134,5,Aura,הילת קסם,
314,28,2,13,1,20,87,54,143,Baba Yaga,באבא יאגה,
314,28,2,14,1,20,5,195,54,Baron,ברון,
314,28,2,15,1,20,140,208,54,Curse,קללה,
314,28,2,16,1,20,166,166,166,Damiano,דמיאנו,
314,28,2,17,1,20,166,166,166,Fire Dart,חץ להבה,
314,28,2,18,1,20,112,111,119,Curse,קללה,
314,28,2,19,1,20,109,97,103,Erana,אראנה,
314,28,2,20,1,20,114,101,115,Erasmus,ארסמוס,
314,28,2,21,1,20,111,114,32,Faery Folk,פיות,
314,28,2,22,1,20,105,116,104,Familiar,בן לוויה,
314,28,2,23,1,20,116,101,110,Fetch,תפיסה,
314,28,2,24,1,20,32,117,115,Healing,ריפוי,
314,28,2,25,1,20,32,105,32,Hero,גיבור,
314,28,2,26,1,20,111,32,115,Hut,בקתה,
314,28,2,27,1,20,101,110,116,Initiation,חניכה,
314,28,2,28,1,20,121,111,117,Journey,מסע,
314,28,2,29,1,20,32,119,104,Magic,קסם,
314,28,2,30,1,20,104,105,116,Open,פתיחה,
314,28,2,31,1,20,110,101,109,Erana's Peace,שלוות אראנה,
314,28,2,32,1,20,32,104,101,Potential,פוטנציאל,
314,28,2,33,1,20,111,111,112,Potions,שיקויים,
314,28,2,34,1,20,111,109,101,Power,כוח,
314,28,2,35,1,20,149,4,0,Power Potion,שיקוי כוח,
314,28,2,36,1,20,0,112,116,Rhyme,חרוז,
314,28,2,37,1,20,122,93,127,Scrolls,מגילות,
314,28,2,38,1,20,127,205,127,Magic Shop,חנות קסמים,
314,28,2,39,1,20,127,205,127,Spells:,לחשים,
314,28,2,40,1,20,127,205,127,Spielburg,שפילבורג,
314,28,2,41,1,20,127,205,127,Town,עיירה,
314,28,2,42,1,20,127,205,127,Valley,עמק,
314,28,2,43,1,20,127,110,127,Vigor,מרץ,
314,28,2,44,1,20,127,101,127,Wizard,מכשף,
314,28,2,45,1,20,127,101,127,Zap,זץ,
314,28,2,46,1,20,127,205,127,Zara,זארה,
318,1,0,0,1,99,46,34,32,"Reward for return of lost ring.
Inquire at the Healer's.","""כל המוצא את הטבעת האבודה יבוא על שכרו.
פרטים אצל המרפאה.""",
318,1,0,0,2,99,104,101,32,"This poster is rather dusty and faded.
The picture is of a small child with braids.

""Reward of 50 gold coins for the safe return of
Elsa von Spielburg.
Inquire at Spielburg Castle gates.""","המודעה הזאת מאובקת ודי דהויה. בתמונה מופיעה ילדה קטנה עם צמות. ""פרס של 50 מטבעות זהב למשיב בבטחה את אלסה פון שפילבורג. שאלו בשערי טירת שפילבורג.""",
318,1,0,0,3,99,114,1,0,"Reward of 30 gold coins for the
Capture or Death
of the Brigand Warlock.
Description:  short, ugly, and
wears brightly colored robes.
Has habit of laughing continually.

Inquire at Spielburg Castle gates.","""פרס של 30 מטבעות זהב בעבור לכידתו או הריגתו של המכשף השודד. תיאור: נמוך קומה, מכוער, לבוש בבגדים צבעוניים במיוחד. בעל הרגל של צחוק מתמשך. לשאול בשערי טירת שפילבורג.""",
318,1,0,0,4,99,34,169,34,"Wanted:  Brigand Leader.
Description:  Unknown appearance, wears a cloak.
Must provide proof of leader's identity.

Reward of 60 gold coins and title of Hero of the Realm.
Inquire at Spielburg Castle gates.","""מבוקש: מנהיג השודדים. תיאור: מראה לא ידוע, עטוי גלימה. חובה להביא הוכחה לזהותו של המנהיג. פרס של 60 מטבעות זהב וזכיה בתואר 'גיבור הממלכה'. לשאול בשערי טירת שפילבורג.""",
318,1,0,0,5,99,0,234,25,"Notice:  Spell components needed.
Cash or trade for potions.
Inquire at the Healer's.","""הודעה: דרושים מרכיבים לקסמים. מזומן או בתמורה לשיקויים. פרטים אצל המרפאה.""",
318,1,0,0,6,99,4,0,158,"This poster seems to have been here a while.
It has a picture of a handsome, but
arrogant young man.

""Reward of 50 gold coins for information
leading to the return of
Baronet Barnard von Spielburg.
Inquire at Spielburg Castle gates.""","נראה שמודעה זו תלויה פה כבר זמן מה. תמונתו של עלם חמודות נאה אך שחצן מתנוססת עליה. ""פרס של 50 מטבעות זהב עבור מידע שיוביל להשבתו של בארונט ברנרד פון שפילבורג. לשאול בשערי טירת שפילבורג."" ",
318,1,4,0,1,99,34,155,34,"If you take the poster, no other adventurer will be able to read it. ","אם תקח את המודעה, הרפתקנים אחרים לא יוכלו לקרוא אותה.",
32,1,0,0,1,99,0,133,0,Click on the Magic Flask to drink a Magic Power Potion while playing the game.,לחץ על בקבוק הקסמים על מנת לשתות שיקוי כוחות קסם בזמן המשחק.,
32,2,0,0,1,99,104,0,0,The drink burns as it goes down.,המשקה שורף לך במורד הגרון.,
32,3,0,0,1,99,0,8,0,You don't have a Magic Power Potion.,אין ברשותך שיקוי כוחות קסם.,
32,4,0,1,1,99,0,0,0,"Sorry, but you don't know that spell.  (Now don't you feel guilty that you lied to Erasmus about knowing it?) ","מצטערים, אתה לא מכיר את הלחש הזה. (עכשיו אתה מרגיש ייסורי מצפון כי שיקרת לארסמוס שאתה כן מכיר את הלחש?)",
32,4,0,2,1,99,0,137,85,"""As I promised, I shall now teach you the spell known as `Erasmus' Razzle Dazzle'.""","""כפי שהבטחתי, אלמד אותך עתה את הלחש הידוע בשם 'ארסמוס סנוור ועוור'.""",
32,4,0,6,1,99,0,187,0,The magic just isn't there.,הקסם פשוט אינו שם.,
32,4,0,3,1,99,82,4,0,"""Well!  You don't have to rub it in, you know!"" ","""ובכן! אתה לא מוכרח לזרות לי מלח על הפצעים, אתה יודע!""",
32,4,0,4,1,99,0,0,0,"""Too much for you?  I guess you should work on your magic.  Maybe next time you'll be more of a challenge."" ","""יותר מדי בשבילך? אני מניח שכדאי שתמשיך לעבוד על הקסם שלך. אולי בפעם הבאה תהיה יותר מאתגר.""",
32,4,0,5,1,99,0,35,104,"""Guess I still have a knack for the old Maze game.""","""כנראה שעדיין אני תותח במשחק המבוך הישן.""",
320,1,1,0,1,99,0,4,0,"There are a variety of vegetables for sale, and the shop keeper is a Centaur.","יש כאן מבחר ירקות למכירה, ובעלת החנות היא קנטאורית.",
320,2,1,0,1,99,49,46,83,The barrels are too heavy to move.,החביות נראות כבדות מכדי להזיזן.,
320,3,0,0,1,99,4,0,65,The door is closed.,הדלת נעולה.,
320,3,0,0,2,99,2,116,70,You see a dry goods store through the window.,מבעד לחלון אתה רואה חנות למאכלים יבשים.,
320,3,0,0,3,99,0,61,50,The store is locked.,החנות נעולה.,
320,3,0,1,1,99,116,111,32,There is no response.  The store must be closed for the evening.  The lock appears to be an extra heavy-duty model.,אין תגובה. מתברר שהחנות נסגרת לקראת ערב. נראה שהמנעול מדגם עמיד במיוחד.,
320,3,0,1,2,99,101,115,115,There is no response.  The lock is of a simple type.,אין תגובה. נראה שהמנעול מסוג פשוט.,
320,3,0,1,3,99,0,0,0,The door is bolted.,הדלת מוברחת.,
320,3,0,1,4,99,194,116,20,You see a nicely furnished living room through the window.,אתה רואה טרקלין מרוהט בטוב טעם מבעד לחלון.,
320,3,16,0,1,99,0,61,50,You'd probably get arrested if you carved your initials in the door.,רוב הסיכויים שיעצרו אותך אם תחרוט את ראשי התיבות של שמך על הדלת.,
320,3,26,0,1,99,50,116,0,The key doesn't seem to work.,המפתח לא מתאים.,
320,4,1,0,1,99,56,7,85,The white picket fence surrounds a small yard.,גדר העץ הלבנה מקיפה חצר קטנה.,
320,5,0,0,1,99,65,7,0,The creature in charge of the Farmer's Mart is a rather lovely and shy-looking young Centaur.,"מי שאחראי על שוק האיכרים היא קנטאורית צעירה, יפה וביישנית למראה. ",
320,5,0,0,2,99,74,7,8,You see a charming young centaur with the upper torso of a teenager and the body of a filly.,"אתה רואה קנטאורית צעירה ומקסימה, בעלת גו של נערה וגוף של סייחה.",
320,5,0,0,3,8,80,7,203,"""Good day, and welcome to Spielburg.  Would you like to buy some of my nice fresh fruits or vegetables?""    ","""יום טוב, וברוך הבא לשפילבורג. התרצה לקנות כמה מהפירות או הירקות הטריים והיפים שלי?""",
320,5,0,0,4,8,103,7,12,"""I'm sorry, but I had to move you out of my stall!  It is very dangerous to sleep in the street at night.  I fear you have been robbed.""  ","""צר לי, אך הייתי מוכרחה להוציא אותך מהדוכן שלי! מסוכן מאוד לישון ברחובות בלילה. חוששתני שנשדדת.""",
320,5,0,0,5,8,130,7,0,"""My father and I are the only centaurs in this valley.""  ","""אבי ואני, אנו הם הקנטאורים היחידים בעמק הזה.""",
320,5,0,0,6,99,153,7,11,You can smell apples as you approach this corner.,באפך עולה ריח תפוחים בעודך מתקרב לפינה זו.,
320,5,0,2,1,8,172,7,8,"""Perhaps another time, then.""  ","""אז אולי בפעם אחרת.""",
320,5,0,3,1,8,195,7,214,"""Apples are ten for a silver.  Do you want to buy my apples?""  ","""עשרה תפוחים בעבור מטבע כסף. התרצה לקנות את התפוחים שלי?""",
320,5,0,4,1,8,233,7,94,"""Good day and welcome to Alpinehurst.  Do you wish to buy some nice, fresh vegetables?""  ","""יום טוב וברוך הבא לאלפינהרסט. האם תרצה לקנות כמה ירקות יפים וטריים?""",
320,5,0,5,1,8,51,8,38,"""I'm sorry, but I had to move you out of my stall!  It is very dangerous to sleep in the street at night.  I fear you have been robbed.""  ","""צר לי, אך הייתי מוכרחה להוציא אותך מהדוכן שלי! מסוכן מאוד לישון ברחובות בלילה. חוששתני שנשדדת.""",
320,5,0,6,1,8,106,8,0,"""How much do you wish to spend?""  ","""כמה תרצה לבזבז?""",
320,5,2,7,1,8,177,8,62,Apples,תפוחים,
320,5,2,8,1,8,223,8,86,Brigands,שודדים,
320,5,2,9,1,8,253,8,244,Carrots,גזרים,
320,5,2,10,1,8,30,9,250,Date,דייט,תמרים?
320,5,2,11,1,8,66,9,87,Market,שוק,
320,5,2,12,1,8,112,9,214,Farmer,איכר,
320,5,2,13,1,8,150,9,248,Farm,חווה,
320,5,2,14,1,8,185,9,17,Father,אבא,
320,5,2,15,1,8,198,9,139,Mother,אמא,
320,5,2,16,1,8,100,10,199,Name,שם,
320,5,2,17,1,8,124,10,184,Parsnips,גזר לבן,
320,5,2,18,1,8,225,10,8,Robbery,שוד,
320,5,2,19,1,8,5,11,196,Rutabagas,לפתית,
320,5,2,20,1,8,56,11,144,Sheriff,שריף,
320,5,2,21,1,8,78,11,252,Turnips,לפת,
320,5,2,22,1,8,229,11,196,Vegetable%c,ירקות,
320,5,4,0,1,8,3,12,131,"""My father won't let me date strangers."" ","""אבא שלי לא מרשה לי לצאת עם זרים.""",
320,5,5,7,1,8,159,12,38,"""There are still some apples left from last season in the barrel.  You may buy 10 for a silver, since they are so small.""  ","""נשארו בחבית כמה תפוחים מהעונה הקודמת. תוכל לקנות 10 בעבור מטבע כסף, מאחר והם כל כך קטנים.""",
320,5,5,8,1,8,195,12,124,"""They have twice robbed my father of his money, and they have tried to steal our food during this winter.  That is because we farm outside of town.""   ","""פעמיים הם שדדו את אבי מכספו, והם ניסו לגנוב את מזוננו בחורף האחרון. כל זה בגלל שגידולינו נמצאים מחוץ לעיר.""",
320,5,5,8,2,8,80,13,43,"""The brigands would not dare try that in town.  The Sheriff would stop them fast.""   ","""השודדים לא יעזו לעשות דבר כזה בתוך העיר. השריף יעצור אותם כהרף עין.""",
320,5,5,9,1,8,97,13,118,"""Carrots are my favorite vegetable.  They are so crisp and sweet.""  ","""גזרים הם הירקות האהובים עליי. הם כה פריכים ומתוקים.""",
320,5,5,10,1,8,157,13,31,"""Thank you, but my Father thinks I am too young.  He would not permit it.  But perhaps next year...""","""תודה לך, אבל אבא שלי חושב שאני צעירה מדי. הוא לא ירשה זאת. אבל אולי בשנה הבאה...""",
320,5,5,11,1,8,172,13,2,"""This is where I sell things from my father's farm.""  ","""כאן אני מוכרת את גידולי החווה של אבי.""",
320,5,5,12,1,8,21,14,11,"""My father is a fine farmer.""  ","""אבא שלי הוא חקלאי מצויין.""",
320,5,5,13,1,8,64,14,10,"""We have some land to the north of town.  It isn't very big, but we grow many things.""   ","""יש לנו חלקת אדמה מצפון לעיר. היא לא גדולה במיוחד, אבל אנחנו מגדלים בה הרבה דברים.""",
320,5,5,13,2,8,120,14,118,"""You should be here during harvest time.  Then you would see many fruits and vegetables.""   ","""כדאי לך להיות כאן בזמן הקציר. אז תראה המון סוגי פירות וירקות.""",
320,5,5,14,1,8,145,14,131,"""My father is Heinrich Pferdefedern.""  ","""אבא שלי הוא היינריך נוצתסוס.""",
320,5,5,15,1,8,122,15,176,"""My mother has been dead for three years now.  I still miss her.""  ","""אמי הלכה לעולמה לפני שלוש שנים. אני עדיין מתגעגעת אליה.""",
320,5,5,16,1,8,147,15,85,"""I am Hilde, daughter of Heinrich Pferdefedern, the farmer.""   ","""אני הילדה, בתו של היינריך נוצתסוס, החקלאי.""",
320,5,5,17,1,8,248,15,118,"""Parsnips can be made into a tasty pie.""  ","""מגזר לבן אפשר להכין פשטידה טעימה.""",
320,5,5,18,1,8,33,16,131,"""Many robbers have run up to Father as he trotted back to town.  My Father tried to fight, but they hurt him badly.  They always ran away to the west.""","""שודדים רבים רצו לקראת אבא כאשר הוא דהר בחזרה לעיר. אבא ניסה להילחם, אבל הם פצעו אותו קשות. אחר כך הם ברחו לכיוון דרום מערב.""",
320,5,5,19,1,8,147,16,1,"""Rutabagas keep well over the winter months.""   ","""הלפתית נשמרת היטב במשך חודש החורף.""",
320,5,5,20,1,8,186,16,116,"""Our Sheriff is very brave.  He told me so himself.""  ","""השריף שלנו אמיץ מאוד. הוא סיפר לי זאת בכבודו ובעצמו.""",
320,5,5,21,1,8,42,17,192,"""Turnips are good if you cook them in stews.""  ","""לפתות הן נהדרות כאשר מבשלים אותן בנזידים.""",
320,5,5,22,1,8,66,17,12,"""We have many kinds of fresh vegetables for sale today.  There are carrots, rutabagas, parsnips, and potatoes right from the ground at five for a silver. They are very good for you.  We also have some apples."" ","""יש לנו המון סוגי ירקות טריים למכירה היום. יש גזרים, לפתיות, גזרים לבנים ותפוחי אדמה, היישר מהאדמה, חמישה בעבור מטבע כסף. הם מאוד טובים ובריאים. יש לנו גם כמה תפוחים.""",
320,5,36,0,1,8,174,17,6,"""I'm sorry, but my Father won't allow me to accept flowers from strangers."" ","""אני מצטערת, אבל אבא שלי לא ירשה לי לקבל פרחים מזרים.""",
320,6,1,0,1,99,200,17,255,This house is the same color as the Sheriff's office around the corner.,הבית הזה צבוע באותו גוון כמו של משרד השריף שמעבר לפינה.,
320,7,0,0,1,99,49,18,28,You are in the northeast section of town.   The buildings are all brightly painted and the air is filled with the fragrance of apples.  This appears to be a market street.,אתה נמצא ברובע הצפון-מזרחי של העיירה. כל המבנים צבועים בגוונים מאירי עיניים והאוויר מלא בניחוח תפוחים. נראה שזה רחוב השוק.  ,
320,7,0,0,2,99,72,18,10,The door isn't locked.  Just turn around.,הדלת אינה נעולה. הסתובב.,
320,7,0,0,3,99,230,18,28,Picking locks looked a lot easier in the instruction book.,פריצת מנעולים נראתה הרבה יותר פשוטה בחוברת ההדרכה.,
320,7,0,0,4,99,252,18,160,The owners seem to have been made nervous by the recent rash of house burglaries.  The door is barred from the inside.  But you do get some valuable lock-picking practice.,נראה שבעלי הבית נלחצו מגל הפריצות לבתים לאחרונה. הדלת מוברחת מבפנים. אבל למדת שיעור חשוב בפריצת מנעולים.,
320,7,0,0,5,99,90,19,192,"You hear a ""Snick!"".  The lock is open!","אתה שומע ""סניק!"". פתחת את המנעול!",
320,7,0,0,6,99,122,19,10,"Unlike an Ogre, YOU can read!","שלא כמו עוג, -אתה- מסוגל לקרוא!",
320,7,0,0,7,99,214,19,70,The lock appears to be an extra heavy-duty model.,נראה שהמנעול מדגם עמיד במיוחד.,
320,7,0,0,8,99,221,19,236,Turn around.,הסתובב.,
320,7,0,0,9,99,135,20,14,"The door appears to be locked, but the lock is of a simple type.","נראה שהדלת נעולה, אך המנעול הוא מסוג פשוט.",
320,7,0,0,10,99,151,20,7,"You reach for your money but come up empty-handed.  Unable to pay for your goods, you put the merchandise back. ","אתה שולף את ארנקך, אך ריק הוא. באין לך אפשרות לשלם עבור הסחורה, אתה מחזיר אותה למקומה.",
320,7,0,0,11,99,95,21,118,"However, this was not a good place to sleep.  You're stiff and sore all over and your wallet feels very light.","עם זאת, לא היה זה מקום טוב להעביר בו את הלילה. גופך כולו כואב ונוקשה, וארנקך מרגיש קל מאוד.",
320,7,0,23,1,99,131,21,139,You're a little short on cash.  Perhaps you can find work somewhere.,אתה מרושש. אולי תוכל למצוא עבודה היכן שהוא.,
320,7,0,24,1,99,226,21,217,You can smell apples as you approach this corner.,ריח תפוחים מדגדג את אפך כאשר אתה מתקרב לפינה.,
320,7,0,25,1,99,239,21,1,"You pick out the freshest-looking vegetables you can find, and pay the lady a silver piece.","אתה לוקח את הירקות הכי טריים למראה שאתה מוצא, ומשלם לגברת מטבע כסף.",
320,7,0,26,1,99,79,22,7,"You carefully select ten of the best apples from the barrel, and pay the lady a silver piece.","אתה בוחר בקפדנות את עשרת התפוחים הכי טובים בחבית, ומשלם להילדה מטבע כסף.",
320,7,0,27,1,8,98,22,153,"""Vegetables are five for a silver.  Would you like to buy some?"" ","""ירקות עולים מטבע כסף עבור חמישה. התרצה לקנות כמה?""",
320,8,1,0,1,99,244,22,94,The scales are used to weigh the vegetables.,המאזניים משמשים לשקילת הירקות.,
320,9,1,0,1,99,9,23,236,"Ah, fresh air!","אה, אוויר צח!",
320,10,1,0,1,99,146,23,116,"It is but a small stall, used for the daily sale of whatever local produce has not been confiscated by the brigands.","זהו דוכן קטן למדי, המשמש למכירה היומית של כל הסחורה המקומית שלא הוחרמה על ידי השודדים.",
320,11,0,0,1,99,166,23,184,"The selection is meagre and the appearance is not of the best, but the aromas are strangely enticing.  A barrel contains some small apples, and there are several types of vegetables on the counter. ","המבחר דל והמראה לא מדהים, אבל הניחוחות משכרים באופן מוזר. ישנה חבית המכילה כמה תפוחים קטנים, וישנם כמה סוגי ירקות על הדלפק.",
320,11,0,1,1,99,250,23,4,There is no one around.  The markets are closed for the night.,אין נפש חיה מסביב. השווקים סגורים בלילה.,
320,11,0,1,2,99,110,24,86,All of the produce has been taken in for the night.,כל הסחורה הוכנסה לקראת הלילה.,
320,12,0,0,1,99,132,24,139,Round stones have been set in the ground to make a walkway.,אבנים עגולות הונחו באדמה על מנת ליצור שביל.,
320,12,0,0,2,99,152,25,82,Square stones make up the walkway.,אבנים מרובעות מהוות שביל קטן.,
320,13,1,0,1,99,177,25,80,It is a simple but prosperous-looking general store.  It looks like it might provide some staples that would prove useful to a traveler (such as if an adventuring party asks you to join them).,זאת חנות מכולת פשוטה למראה אך נראה כי בעליה עושה חיל. ניתן להשיג בה מגוון סיכות העשויות להועיל לנווד המצוי (כגון כאלה עם פרסומות למפלגת ההרפתקנות).,
320,14,1,0,1,99,21,26,203,You can see very little through the window.,אפשר לראות מעט מאוד דרך החלון.,
321,1,1,0,1,99,0,32,105,The candelabra looks like it is made of solid gold.,נראה שהפמוט עשוי מזהב טהור.,
321,2,1,0,1,99,97,110,100,Only the Shadow knows for sure.,,
321,3,1,1,1,99,32,97,110,Looks like solid oak.,נראה כמו עץ אלון.,
321,3,1,2,1,99,101,108,108,You've looked in there already.,כבר הסתכלת שם.,
321,4,1,0,1,99,109,105,108,The glowing embers from the fire cast a dim light in the room.,הגחלים הזוהרות מאירות את החדר באור ענוג.,
321,5,1,0,1,99,32,119,101,"You don't know much about art, but you know what you like... and that's not it. ","אתה לא מבין גדול באמנות, אבל אתה יודע מה אתה אוהב... וזה לא זה.",
321,5,4,0,1,99,97,105,114,It's much too high to reach.,זה מחוץ להישג ידך.,
321,6,1,0,1,99,101,33,32,The glowing embers from the fire cast a dim light in the room.,הגחלים הזוהרות מאירות את החדר באור ענוג.,
321,7,1,0,1,99,108,108,115,"The cold, dark eyes of the Gryphon make you feel a bit uncomfortable, especially since it's about ten times larger than any Gryphon you've ever heard of. ","עיניו הקרות והכהות של הגריפון גורמות לך לאי נוחות קלה, במיוחד מפני שהוא גדול פי עשר מכל גריפון ששמעת אודותיו אי פעם.",
321,7,4,0,1,99,118,101,114,You're not tall enough to reach it.,אתה לא מספיק גבוה כדי להגיע לשם.,
321,7,57,0,1,99,32,112,104,The Giant Gryphon has long since departed the world of the living.  It doesn't answer you.,הגריפון העצום נפרד מעולם החיים כבר מזמן. הוא לא עונה לך.,
321,8,1,0,1,99,115,99,101,"It is a small, beautifully decorated metal box with a hinged lid.","זוהי תיבת מתכת קטנה ומקושטת ביד אומן, בעלת מכסה צירים.",
321,9,1,0,1,99,117,115,46,An uncomfortable looking chair.,כיסא לא נוח למראה.,
321,9,4,0,1,99,117,110,103,The chair seems to be bolted to the floor.  You can't move it.,נראה שהכיסא הוברג לריצפה. אתה לא מצליח להזיז אותו.,
321,10,1,1,1,99,115,32,101,Looks like solid oak.,נראה כמו עץ אלון.,
321,10,1,2,1,99,110,32,116,You've looked in there already.,כבר הסתכלת שם.,
321,11,1,0,1,99,39,115,32,It's an overgrown bonsai.,בונסאי מגודל.,
321,11,4,0,1,99,104,116,46,"Even though it's a 50-year-old Sego palm, it's too big to fit in your pack.","אף על פי שזה דקל ננסי יקר המציאות שכבר חצה את גיל החמישים, הוא עדיין גדול מדי מכדי להשתחל לילקוטך.",
321,12,1,3,1,99,32,68,0,Inside the safe is a bag of coins containing 50 silvers.,בתוך הכספת ישנו שקיק מטבעות המכיל 50 שקלי כסף.,
321,12,1,3,2,99,64,4,116,"Oh, my mistake.  There *used* to be 50 silvers in the bag.  It's empty all of a sudden.","אויש, פאשלה שלי. היו *אמורים להיות* שם 50 שקלי כסף. כרגע זה ריק למרבה ההפתעה.",
321,12,1,4,1,99,161,4,121,"It looks very sturdy, indeed.","היא נראית עמידה מאוד, ללא ספק.",
321,12,1,5,1,99,198,4,100,There is an empty coin bag in the safe.,שקיק מטבעות ריק נמצא בתוך הכספת.,
321,13,1,6,1,99,75,5,32,A solid looking table.,שולחן יציב למדי.,
321,13,1,7,1,99,119,5,117,There is an ornately carved box sitting atop the oak table.,על גבי שולחן האלון ניצבת תיבה מעוטרת בפאר רב.,
321,13,4,0,1,99,148,5,8,You forgot to bring the moving van.,שכחת להביא את משאית ההובלה.,
321,14,1,0,1,99,189,5,121,Over the mantle is a charming portrait of the Sheriff and his wife.,מעל הכספת תלויה תמונה שובת לב של השריף ואשתו.,
321,15,0,0,1,99,239,5,117,The people who own this house must have some money. Everything looks new and there is not a speck of dust visible.,דומה שבעלי הבית הינם אנשים אמידים ובעלי אמצעים. הכול נראה חדש ומבריק מרוב נקיון.,
321,15,0,0,2,99,254,5,110,"The room smells vaguely of sauerkraut and bratwurst, with just a faint odor of smoke from pinewood. From somewhere in the house you can hear someone snoring.","החדר מריח במעומעם מכרוב כבוש ונקניקיות, עם מעין ארומה קלושה של עץ אורן מעושן. ממקום כלשהו בבית מגיעות לאוזניך נחירות רמות.",
321,15,0,0,3,99,115,6,32,"Gently and stealthily, you lift the lid on the little box.","בעדינות ובהיחבא, אתה מרים את המכסה מהתיבה הקטנה.",
321,15,0,0,4,99,197,6,32,"As the little music box begins to play, you hear the Sheriff yell out: ""Otto, stop playing with that music box and GO TO BED!"" ","כשתיבת הנגינה מתחילה לנגן, אתה שומע את השריף צועק: ""אוטו, תפסיק לשחק בתיבת הנגינה ולך לישון!""",
321,15,0,0,5,99,206,6,109,"Boy, did YOU make a mistake!","אללי, עשית טעות נוראה!",
321,15,0,0,6,99,211,6,101,That was close! The goon must've been so dumb or sleepy or both that he didn't even see you standing there.,זה היה קרוב! הבריון כנראה היה כל כך סתום או ישנוני עד שאפילו הוא לא שם לב שאתה עומד שם.,
321,15,0,0,7,99,220,6,118,You take the vase carefully from the mantle and place it gently on the floor.,אתה מוריד את האגרטל בזהירות מהמדף ומניח אותו בעדינות על הרצפה.,
321,15,0,0,8,99,228,6,111,As you reach toward the painting...,ברגע שאתה שולח ידיך אל הציור...,
321,15,0,0,9,99,234,6,101,"From somewhere upstairs, you hear the Sheriff shout: ""Otto!"".","מאיפשהו למעלה, אתה שומע את השריף שואג: ""אוטו!""",
321,15,0,0,10,99,241,6,117,"Obviously, you shouldn't have done that!","על פניו, לא היית צריך לעשות את זה!",אולי אין ספק במקום על פניו
321,15,0,0,11,99,248,6,97,"By lifting the painting, you can see what certainly must be a safe, hidden in the wall.","אתה מרים את התמונה מעט, ומגלה מאחוריה מה שנראה כמו כספת, חבויה בקיר.",
321,15,0,0,12,99,254,6,102,"In the desk drawers, you find an assortment of mostly worthless objects, but you find three silvers, which you take.","במגירות השולחן פזורים מבחר חפצים חסרי ערך בעיקר, אולם ביניהם אתה מוצא שלושה מטבעות כסף, שאותם אתה נוטל כמובן.",
321,15,0,0,13,99,5,7,105,You carefully lower the painting into its original position.,בזהירות רבה אתה מוריד את התמונה בחזרה למקומה המקורי.,
321,15,0,0,14,99,12,7,32,"Uh Oh! As you see a pillow flying toward you, you hear the Sheriff's wife say...","הו הו! כשאתה מבחין בכרית מעופפת לכיוונך, אתה שומע את אשת השריף אומרת...",
321,15,0,0,15,99,19,7,99,"""SCREEEEEEEEEEEECH!""","""סקרייייייייייץ'!""",
321,15,0,0,16,99,24,7,32,You've already robbed the desk.,כבר שדדת את שולחן הכתיבה.,
321,15,0,0,17,99,31,7,111,"You'd better shut the safe, first.",קודם כל סגור את הכספת.,
321,15,0,0,18,99,39,7,32,You place the vase carefully in your pack beneath your cape.,אתה מניח את האגרטל בזהירות בין חפציך מתחת לשכמייתך.,
321,15,0,0,19,99,46,7,101,You place the candelabra carefully in your pack beneath your cape.,אתה מניח את מנורת הקנים בזהירות בין חפציך מתחת לשכמייתך.,
321,15,0,0,20,99,52,7,102,You quickly toss the box into your pack.,אתה תוחב את התיבה בחופזה אל תוך תרמילך.,
321,15,0,0,21,99,59,7,104,"There is some fairly loud snoring going on in this room. You hear:
""Brckawwwww...zup-zup-zup-zup-zzzzz.""","סדרת נחירות קולנית מתחוללת שם בחדר. אתה שומע: ""ברקההההה... זפ-זפ-זפ-זפ-זזזזז.""",
321,15,0,0,22,99,67,7,46,"Very faintly, you hear snoring:
""Prrrrrt...prrrrrt...prrrrrt.""","בקול ענות חלושה, אתה שומע נחירות: ""פרררררט... פרררררט... פרררררט.""",
321,15,0,0,23,99,75,7,4,"Someone (or someTHING) is snoring up a storm. You hear: ""Nkaawww..rspft...honk... buh-buh-buh-buh-buh-buh-phweep.","מישהו (או משהו) נוחר בסערה. אתה שומע: ""נקההווו... רספפט... הונק... בה-בה-בה-בה-בה-בה-פוויפ.""",
321,15,0,0,24,99,207,7,1,"Ah, got it!","אה, מצאתי את זה!",
321,15,0,4,1,99,98,8,1,You find fifty silvers and add them to your collection.  You then put the empty bag back in the safe.,אתה מוצא חמישים מעות כסף ומוסיף אותם לאוסף המטבעות. או אז אתה שם את השקיק הריק בחזרה בכספת.,
321,15,0,5,1,99,132,8,2,There is an empty coin bag in the safe.,בתוך הכספת ישנו שקיק מטבעות ריק.,
321,15,0,5,2,99,203,8,3,"Since you have already robbed the safe, you close the door, narrowly missing your fingers in the process. ","מאחר וכבר שדדת את הכספת, אתה סוגר את הדלת, כמעט ומאבד כמה אצבעות תוך כדי.",
321,15,0,6,1,99,3,9,1,"Otto can't find the music box, but he's too dim and sleepy to figure it out, so he heads on back to bed","אוטו לא מצליח למצוא את תיבת הנגינה, אך הוא יותר מדי מעומעם ומנומנם בשביל לפתור את זה, אז הוא חוזר למיטה.",
321,15,0,8,1,99,51,9,1,"Otto, even in his sleepy state, winds the music box and closes the lid before he heads back to bed.","אוטו, אפילו בעודו אחוז שינה, מותח את תיבת הנגינה וסוגר את המכסה בטרם הוא חוזר לארץ החלומות.",
321,15,0,9,1,99,198,9,1,Otto stares sleepily at the closed music box for a moment and heads back to bed.,לרגע קט אוטו נועץ מבט בעיניים רדומות בתיבת הנגינה הסגורה וחוזר לישון.,
321,15,0,10,1,99,236,9,1,Cracking safes looked a lot easier in the instruction book.,פריצת כספות נראתה הרבה יותר פשוטה בחוברת ההדרכה.,
321,15,0,11,1,99,25,10,1,You see a bag of coins.,אתה רואה שקיק מטבעות.,
321,15,1,0,1,99,123,10,1,The room is dark and still.  The candelabra looks like it is made of gold. The vase on the mantle might be worth taking.  There is also an odd little box on the table.,החדר חשוך ודומם. מנורת הקנים נראית כאילו היא עשויה זהב. האגרטל על המדף עושה רושם ששווה להסתכן למענו. תיבת נגינה משונה מונחת על השולחן.,
321,15,4,0,1,99,205,10,1,"Naw, don't do that.","לא, אל תעשה את זה.",
321,16,1,4,1,99,12,11,1,"It looks very sturdy, indeed.","היא נראית עמידה מאוד, ללא ספק.",
321,16,1,5,1,99,132,11,1,There is an empty coin bag in the safe.,בתוך הכספת ישנו שקיק מטבעות ריק.,
321,16,1,12,1,99,27,12,1,You see a bag full of silver coins.,אתה רואה שקיק מלא במטבעות כסף.,
321,17,1,0,1,99,201,12,1,"You don't know much about art, but you know what you like... and that's not it. ","זה לא שאתה מבין גדול באומנות, אבל אתה יודע מה אתה אוהב... וזה לא זה.",
321,17,4,0,1,99,4,13,1,It's much too high to reach.,זה גבוה מדי בשבילך.,
321,18,1,0,1,99,135,13,1,"The delicate porcelain vase looks like it could be worth some money, although it would take up a lot of space in your pack.","נראה כי אגרטל הפורצלן העדין שווה לא מעט כסף, אם כי הוא עלול לתפוס מקום רב בתיקך.",
322,1,1,0,1,99,48,101,48,None of the clothes look like they fit.,אף לא אחד מהבגדים מתאים למידתך.,
322,2,1,0,1,99,48,32,48,The clothes come in two sizes -- Dwarf and Goon.,הבגדים מגיעים בשתי מידות -- גמד ובריון.,
322,3,1,0,1,99,127,90,0,The jars of beets and sauerkraut look like they were canned locally.,צנצנות הסלק והכרוב החמוץ נראות שהוכנו בכבישה ביתית.,
322,4,1,0,1,99,31,32,31,"There are barrels of flour and salt next to the counter.  There seem to be jars of pickled pigs' feet, linen cloth, and other things in which you have very little interest.","חביות של קמח ומלח עומדות על יד הדלפק. ישנם שם גם צנצנות של רגלי חזיר כבושים, אריגי פשתן, ועוד הרבה דברים אחרים שאינך מוצא בהם כל עניין.",
322,5,1,0,1,99,31,32,31,"It's the matador's red cape, recently repaired after he waved it in front of a minotaur.","זו גלימה אדומה של לוחם שוורים, שלאחרונה עברה תיקון לאחר שהוא נפנף בה מול מינוטאור.",
322,6,1,0,1,99,31,32,31,"You see bottles, jugs, and canned goods more useful to a housewife than a Hero.","אתה רואה בקבוקים, כדים, וקופסאות שימורים שמועילים יותר לעקרות בית מאשר לגיבורים.",
322,7,1,0,1,99,31,32,31,There are some wooden poles leaning against the wall.,כמה מוטות עץ נשענים על הקיר.,
322,8,1,0,1,99,127,32,127,"Wow, the latest technology in toothpicks by the bulk!  What will they think of next? ","וואו, קיסמי השיניים מהטכנולוגיה החדשנית ביותר חזרו למלאי! מה יהיה הלהיט הבא? ",
322,9,0,1,1,99,127,32,127,"This looks like a dry goods store, but it smells like a musty library.  The stove feels nice on such a crisp day.  Behind the counter and on the shelves, there are many and various items for sale.  The shopkeeper appears to ignore you while he reads a book.","נראית כמו חנות מכולת, אך מריחה כמו ספריה מעופשת. התנור משרה אווירה נעימה ביום צלול שכזה. מאחורי הדלפק ועל גבי המדפים, מסודרים מגוון פריטים למכירה. החנווני מתעלם ממך בזמן שהוא שקוע ראשו ורובו בספר קריאה.",
322,9,4,0,1,99,48,32,48,Try paying the clerk for what you want to buy.,נסה לשלם לחנווני על המוצרים שברצונך לקנות.,
322,9,1,2,1,99,48,101,48,"Behind the counter are weapons, armor, and such equipment as you would more often find in an ""Adventurer's Shop"". ","מאחורי הדלפק מוצגים כלי נשק, שריונות, וציוד נוסף שהיית מצפה למצוא בכל ""חנות הרפתקנים"" שכונתית.",
322,9,1,2,2,99,48,105,48,"On the counter and on the shelves are assortments of canned goods, honey jars, sewing items, and odds and ends that people in a small town would need.","על גבי הדלפק והמדפים מוצגים בליל של שימורים, צנצנות דבש, דברי תפירה, ושאר מוצרי סדקית שתושבי עיירה קטנה עשויים להזדקק להם.",
322,9,20,0,1,21,127,32,127,"""Please don't throw things in here.  You might break a flask.""  ","""נא לא להשליך דברים בתוך החנות. בקבוקונים עלולים להתנפץ.""",
322,9,10,0,1,99,127,32,127,You should give your money to the shop owner.,אתה אמור למסור את כספך לבעל החנות.,
322,10,1,0,1,99,127,32,127,This is the door to the back storage room.,זאת הדלת למחסן האחורי.,
322,11,1,0,1,99,127,32,127,"A large, lumpy sack sits by the wall. ",שק גדול וגבשושי מונח על יד הקיר.,
322,12,1,0,1,99,127,32,127,"Those look like oversized shields suitable for Ogres, Goons, and Frost Giants.","אלה נראים כמו מגנים במידות גדולות המיועדים לעוגים, בריונים, וענקי כפור.",
322,13,1,0,1,99,127,32,127,The barrels appear to be filled with something and look rather heavy.,החביות מלאות ככל הנראה בקמח ומלח ונראות כבדות במיוחד.,
322,14,0,3,1,21,127,186,127,"""Oh, I'm sorry!  I didn't notice you coming in.""","""אוי, אני מצטער נורא! לא שמתי לב שנכנסת.""",
322,14,0,4,1,21,127,32,127,"""My, you look like an adventurer!  We don't see too many around here.  The brigands tend to get rid of most adventurers before they make it to town."" ","""בחיי, אתה נראה כמו הרפתקן! לא רואים הרבה כמוך בסביבה. השודדים נוטים לחסל את מרבית ההרפתקנים בטרם הם עוברים בשערי העיר.""",
322,14,0,4,2,21,127,32,127,"""Oh, good! I do try to stock some things adventurers can use.  I actually would rather be an adventurer than a shopkeeper, you see.""","""אני משתדל להחזיק במלאי מוצרים שיכולים לעניין את קהל ההרפתקנים. למעשה הייתי מעדיף בעצמי להיות הרפקתן מאשר חנווני, אם אתה מבין למה אני חותר.""",
322,14,0,4,3,21,127,32,127,"""My items are pretty ordinary, though.  You probably already have most of them if you've done any adventuring at all."" ","""אני משווק מוצרים סטנדרטיים לחלוטין. אני מאמין שיש לך את רובם אם כבר יצא לך להשתתף בהרפתקאות כלשהן.""",
322,14,5,5,1,21,127,32,127,"""You can get really good protection from my chain mail armor.  It's very heavy though, and I would have to charge you 500 silvers for it.""","""שריון השרשראות יעניק לך הגנה מצויינת. יחד עם זאת, הוא כבד מאוד, ואצטרך לחייב אותך בעבורו 500 כסף.""",
322,14,5,6,1,21,127,32,127,"""I always wanted to be an adventurer.  I read about them all all the time. The book I was just reading is about adventuring.""","""תמיד רציתי להיות הרפתקן. אני קורא עליהם מהבוקר עד הלילה. הספר שבדיוק עיינתי בו זה עתה עוסק בהרפתקנות.""",
322,14,5,7,1,21,127,32,127,"""Oh, this book?  It's about an adventurer who is trying to become a Hero.  The title is 'Quest for Glory:  A Hero's Death'.""","""אה, הספר הזה? מסופר בו על הרפתקן שניסה להיות גיבור. שם הספר הוא 'הרצון לעוצמה: מות גיבורים'.""",
322,14,5,8,1,21,127,32,127,"""I don't like to talk about other people behind their backs.""","""אני חושב שאין זה מן ההגינות לרכל על אנשים מאחורי גבם.""",
322,14,5,9,1,21,127,32,127,"""Ah!  The use of the dagger is a most skillful art.  Actually, this particular weapon is longer than most, but still easily concealable.  A bargain at 20 silvers.""","""אה! השימוש בפגיון דורש מיומנות גבוהה ביותר. למעשה, הנשק המסוים הזה ארוך מהרגיל, אך עדיין ניתן להסתרה בקלות. ועכשיו במחיר מציאה - 20 מטבעות כסף בלבד.""",
322,14,5,10,1,21,127,32,127,"""Unfortunately, I have only standard weapons and equipment, "" the shopkeeper tells you.  ""I carry daggers and chain armor.  Maybe someday I'll be able to carry magic ones, though.""","""לצערי, יש לי רק נשקים וציוד סטנדרטי בלבד. אני מחזיק פגיונות ושריוני שרשראות. אולי יום אחד אכנס לעסקי הקסמים, מי יודע.""",
322,14,5,11,1,21,127,32,127,"""It's a very good idea to carry an empty flask or two, in case you want to pick up a liquid or something else that needs a container.  Our flasks are a great bargain at 2 silvers each.""","""רעיון מצויין לשאת עליך בקבוקון ריק אחד או שנים, למקרה שתצטרך להרים נוזל או משהו אחר שדורש כלי קיבול. הבקבוקונים שלנו כרגע במחיר מבצע של 2 מטבעות כסף בלבד ליחידה.""",
322,14,5,12,1,21,127,32,48,"""Adventuring rations aren't the tastiest food in the world, but they will keep you healthy and alert as you go along.  A pack of 5 rations will cost you just 5 silvers.""","""מנות ההרפתקה שלנו אינן האוכל הכי טעים בעולם, אולם הן ישמרו על בריאותך ועירנותך לאורך המסע. אריזה של 10 מנות תעלה לך 5 מעות כסף בלבד.""",
322,14,5,13,1,21,48,67,48,"""Hilde sells fine produce for a reasonable price.""","""הילדה מוכרת מוצרים איכותיים במחירים שווים לכל נפש.""",
322,14,5,14,1,21,48,115,48,"""Why, that's me!  Kaspar!""","""הי, זה אני! קספר!""",
322,14,5,15,1,21,48,116,48,"""The Sheriff and Otto protect this town.  The Sheriff used to be a real adventurer, you know!""","""השריף ואוטו מגינים על העיירה. השריף פעם היה הרפתקן של ממש, רק שתדע!""",
322,14,1,0,1,99,48,32,127,"The shopkeeper is a small, balding man who wears glasses.  He looks as if he can barely lift the book he is reading.  Judging from his clothes, he is fairly well-to-do.","החנווני הינו גבר קטן ומקריח, ומרכיב משקפיים. נראה כאילו הוא בקושי מרים את הספר שהוא קורא. אם לשפוט על פי בגדיו, כסף לא חסר לו.",
322,14,10,16,1,21,127,32,127,"""Here you are; thank you for your patronage."" ","""הנה לך; תודה על התמיכה.""",
322,14,10,16,2,21,127,32,127,"""Thank you, my adventurer friend!  I hope this serves you well.""  ","""תודה רבה, ידידי ההרפתקן! כולי תקווה כי זה משרת אותך על הצד הטוב ביותר.""",
322,14,10,17,1,21,127,32,127,"""You won't be needing your old leather armor anymore.  I shall give you a 50 silver trade-in discount."" ","""לא תזדקק עוד לשריון העור הישן שלך. אתן לך תמורתו 50 מטבעות כסף הנחת טרייד-אין.""",
322,14,10,18,1,99,127,32,127,"As you count your money, you realize that you don't have enough to purchase this particular item.","אתה מונה את מעותיך, ומגלה כי כספך אינו מספיק לרכישת מוצר מסויים זה.",
322,14,2,5,1,21,127,32,127,Chain Armor,שריון שרשראות,
322,14,2,6,1,21,127,32,127,Adventurer,הרפתקן,
322,14,2,7,1,21,127,32,127,Book,ספר,
322,14,2,8,1,21,127,32,127,Brigand,שודד,
322,14,2,9,1,21,127,32,127,Dagger,פגיון,
322,14,2,10,1,21,127,32,127,Equipment,ציוד,
322,14,2,11,1,21,127,32,127,Flask,בקבוקון,
322,14,2,12,1,21,127,32,127,Food,מזון,
322,14,2,13,1,21,127,32,127,Hilde,הילדה,
322,14,2,14,1,21,127,32,127,Name,שם,
322,14,2,19,1,99,127,32,127,Either the shopkeeper can't hear you or he's ignoring you.  Try striding right up to the counter.,או שהחנווני לא שומע אותך או שהוא מתעלם ממך. כך או כך נסה לצעוד לעבר הדלפק.,
322,14,2,15,1,21,127,186,127,Sheriff,שריף,
322,15,1,0,1,99,47,32,47,"The stove is burning merrily away, making the shop seem almost too warm.","התנור בוער בעליצות יתרה, מחמם את החדר לרמות טמפרטורה גבוהות במיוחד.",
322,16,1,0,1,99,47,32,47,It looks like a standard broadsword behind that counter.,מאחורי הדלפק מוצגת חרב אבירים תקנית.,
322,17,1,0,1,99,112,32,32,The proprietor's teapot.,קנקן התה של בעל המקום.,
322,18,1,0,1,99,32,101,32,Bright sunlight streams in through the open window.,שמש חמימה חודרת מבעד לחלון הפתוח.,
322,18,1,20,1,99,127,32,127,Through the open window you can see that night has fallen.,דרך החלון הפתוח אתה רואה כי הלילה רד.,
33,1,0,0,1,99,32,100,105,You feel the sound of dainty footsteps behind you.,אתה שומע מישהו פוסע בצעדים אלגנטיים מאחוריך. ,
33,2,1,0,1,99,101,110,32,"There's no path to the west, only bushes. ","אין מעבר מערבה, רק שיחים.",
330,1,1,0,1,99,0,4,0,"It's dark, but there seems to be someone in there.","חשוך אמנם, אולם כמדומה שמישהו שוהה בין הצללים.",
330,1,1,1,1,99,48,51,46,"It's very dark, but you can see something shining on the ground at the far end of the alley.","חשוך מאוד, אך משהו נוצץ על הקרקע בקצה הסימטה מסב את תשומת ליבך.",
330,2,1,0,1,99,4,0,28,"The shop seems to be closed although there are some dried-up cupcakes in the window.  There is a sign on the door which says, 'Gone Fishing'.  ","עושה רושם שהחנות סגורה למרות שכמה עוגיות יבשות מצטמקות להן על אדן החלון. על הדלת תלוי שלט, 'הלכתי לדוג'.",
330,2,4,0,1,99,254,116,201,You can't seem to open the door.  It might be locked.,אתה לא מצליח לפתוח את הדלת. כנראה שהיא נעולה.,
330,2,16,0,1,99,0,22,37,"Sorry, that's a dagger, not a fire axe.","מצטערים, זה פגיון, לא פטיש חירום.",
330,2,17,0,1,99,100,32,119,The door seems to be barred on the inside.,נראה שהדלת מוברחת מבפנים.,
330,2,18,0,1,99,101,116,115,The door seems to be barred on the inside.,נראה שהדלת מוברחת מבפנים.,
330,2,26,0,1,99,32,102,111,The key doesn't work.,המפתח לא מסתובב.,
330,3,1,0,1,99,99,104,32,"The shop seems to be closed although there are some dried-up cupcakes in the window.  There is a sign on the door which says, 'Gone Fishing'.  ","עושה רושם שהחנות סגורה למרות שכמה עוגיות יבשות מצטמקות להן על אדן החלון. על הדלת תלוי שלט, 'הלכתי לדוג'.",
330,3,4,0,1,99,101,32,97,You can't seem to open the door.  It might be locked.,אתה לא מצליח לפתוח את הדלת. מסתבר שהיא נעולה.,
330,4,1,0,1,99,0,1,0,The bakery shop.,המאפייה.,
330,5,1,0,1,99,37,80,30,"The bakery seems to be closed, although there are some dried-up-looking cupcakes in the window.","המאפייה סגורה ככל הנראה, למרות שכמה מאפים עבשים מתייבשים להם על החלון.",
330,5,1,1,1,99,37,4,0,"Other than the sorry-looking goods in the window, it is too dark to make out much of anything.","מלבד הסחורה מעוררת הרחמים המוצגת בחלון, חשוך מדי מכדי להבין מה הולך שם בדיוק.",
330,5,4,1,1,99,0,18,37,You can't seem to open the window.,אינך מצליח לפתוח את החלון.,
330,6,1,0,1,99,1,99,58,"The shop seems to be closed.  There is a sign on the door which says, 'Gone Fishing'.","החנות סגורה. על הדלת תלוי שלט, 'הלכתי לדוג'.",
330,6,4,0,1,99,1,99,84,You can't seem to open the door.  It might be locked.,אינך מצליח לפתוח את הדלת. עושה רושם שהיא נעולה.,
330,6,16,0,1,99,1,99,107,Don't -- you'll dull the dagger.,לא -- אתה תקהה את הפגיון.,
330,6,17,0,1,99,1,99,210,The door seems to be barred on the inside.,כנראה שהדלת מוברחת מבפנים.,
330,6,18,0,1,99,2,99,1,The door seems to be barred on the inside.,כנראה שהדלת מוברחת מבפנים.,
330,6,26,0,1,99,1,99,97,The key doesn't seem to work.,לא נראה שהמפתח מתאים.,
330,7,1,0,1,99,2,99,10,"The shop seems to be closed.  There is a sign on the door which says, 'Gone Fishing'.","החנות סגורה. השלט על הדלת חושף, 'הלכתי לדוג'.",
330,7,4,0,1,99,3,99,118,You can't seem to open the door.  It might be locked.,אינך מצליח לפתוח את הדלת. מתברר שהיא נעולה.,
330,8,1,0,1,99,1,6,19,A butcher shop.,אטליז.,
330,9,1,0,1,99,1,6,95,"The Butcher's shop seems to be closed. Through the window, you see what appears to be a layer of dust over most of the interior.","האטליז סגור. מבעד לחלון, אתה רואה כי שכבה עבה של אבק מצפה את פני כל החדר.",
330,9,1,1,1,99,1,6,141,It is too dark to make out anything.,חשוך מדי מכדי להבין מה קורה שם.,
330,9,4,0,1,99,1,6,221,You can't seem to open the window.,אינך מצליח לפתוח את החלון בשום אופן.,
330,10,1,0,1,99,1,6,230,"You see light glinting from something shiny in the alley, but you can't make out what it is.","אתה רואה ניצוץ אור מבליח באפילת הסימטה, אולם אינך מצליח לגלות מנין הוא בוקע.",
330,11,1,0,1,99,1,6,239,The pots appear to be just junk.,הכדים מתבררים כגרוטאות גרידא.,
330,12,0,0,1,99,1,6,250,"After dusting yourself off, you check to make sure you're still in one piece.","לאחר שאתה מנער את האבק מעליך, אתה עורך בדיקה מהירה ומוודא שכל אבריך מתפקדים כהלכה.",
330,12,0,0,2,99,1,6,4,"Unfortunately, you discover that while you were ""out"", someone managed to relieve you of all of your money.","לצערך, אתה מגלה כי בזמן שלא היית עימנו, מישהו רצה לשאת עמך בעול ונטל ממך את כל ממונך.",
330,12,0,0,3,99,1,6,15,"Now you'll have to find a way to get some money. The street is not the most comfortable place to sleep, and you have to eat, sooner or later.","כעת תצטרך למצוא דרך להשיג קצת כסף. הרחוב אינו מקום הלינה הנוח ביותר, וקיבתך תדרוש גם את שלה, במוקדם או במאוחר.",
330,12,0,0,4,99,1,6,22,"However, this was not a good place to sleep.  You're stiff and sore all over and your wallet feels very light.","עם זאת, לא היה זה מקום טוב להעביר בו את הלילה. גופך כולו כואב ונוקשה, וארנקך מרגיש קל מאוד.",
330,12,0,2,1,99,1,6,121,The door isn't locked.  Just turn around.,הדלת אינה נעולה. הסתובב.,
330,12,0,3,1,99,1,6,165,That was the easiest lock you've ever encountered.  It's now unlocked.,זה היה המנעול הקל ביותר שפגשת. הוא כבר פתוח.,
330,12,0,4,1,99,1,6,197,You haven't been practicing very much.,לא התאמנת מספיק.,
330,12,0,5,2,99,1,6,248,This looks like the door to a long-unused workshop.,זו נראית כמו דלת לסדנת מלאכה שאינה פעילה מזה שנים.,
330,12,1,0,1,99,1,6,75,You have come to the northwest corner of town.  There is a butcher's sign over the door of the butcher's shop (amazing coincidence!).  You can see a bakery sign over the door of the other shop.,הגעת לפינה הצפון מערבית של העיירה. שלט קצבייה תלוי מעל דלת האיטליז (צירוף מקרים מדהים!). מעל דלת החנות השניה אתה רואה שלט 'מאפיה'. ,
330,12,1,0,2,99,1,6,174,"The Tavern in the corner looks rather rundown, and the alley beside it is dark. On the other side of the tavern is a rather practical-looking building, like a workshop.","בית המרזח נראה מוזנח למדי, והסימטה לידו חשוכה ושוממת. ממולו עומד מבנה בעל מראה תכליתי, מעין בית מלאכה.",
330,12,1,6,1,99,1,6,19,"There is a sign on the door which says: ""Gone Fishing"". ","על הדלת מישהו תלה שלט: ""יצאתי לדוג"".",
330,13,1,0,1,99,1,6,11,Looks like the door to a Tavern.,נראה שזו דלת הכניסה לבית המרזח.,
330,13,1,1,1,99,1,6,68,The door is closed.,הדלת נעולה.,
330,13,4,1,1,99,1,6,192,The door appears to be locked.,הדלת נראית נעולה.,
330,13,16,1,1,99,1,6,243,"That's a dagger, not a fire axe!","זה פגיון, לא פטיש חירום!",
330,13,26,1,1,99,1,6,33,The key doesn't seem to work.,המפתח כנראה לא מתאים.,
330,13,26,1,2,99,1,6,117,You regain consciousness.,אתה שב להכרתך.,
330,14,1,0,1,99,1,6,134,"The building looks old, dark, and a little seedy.  The sign above the door depicts a beer stein.","המבנה נראה ישן, חשוך, ורעוע. על השלט מעל הדלת מאוייר ספל בירה.",
330,15,1,0,1,99,1,6,255,Looks like this door has been closed for a long time.,נראה כאילו הדלת לא נפתחה מזה עידן ועידנים.,
330,15,4,0,1,99,1,6,31,The door has been barred and nailed shut.  The workshop has long since been abandoned.,הדלת נחסמה וקובעה במסמרים. בית המלאכה ננטש לפני שנים רבות.,
330,15,4,0,2,99,1,6,152,You can't seem to open the door.  It might be locked.,אתה לא מצליח לפתוח את הדלת. כנראה שהיא נעולה.,
330,15,4,1,1,99,1,6,184,The workshop is securely locked.,בית המלאכה נעול על מנעול ובריח.,
330,15,16,0,1,99,1,6,48,The workshop is mightier than the dagger.,בית המלאכה חזק יותר מהפגיון.,
330,15,17,0,1,99,1,6,80,The door seems to be barred on the inside.,מסתבר שהדלת נעולה מבפנים.,
330,15,18,0,1,99,1,6,201,The door seems to be barred on the inside.,מסתבר שהדלת נעולה מבפנים.,
330,15,26,0,1,99,1,6,233,The key doesn't seem to work.,המפתח כנראה לא מתאים.,
330,15,26,0,2,99,1,6,98,A work shop.,בית מלאכה.,
330,16,1,0,1,99,1,99,130,This looks like an abandoned workshop.,נראה כמו בית מלאכה נטוש.,
330,16,1,1,1,99,1,99,220,The workshop is securely locked.,בית המלאכה נעול על מנעול ובריח.,
331,1,0,1,1,11,127,205,127,"""Go FISH!""","""לך תדוג!""",
331,1,0,2,1,99,127,205,127,"Hey, you wouldn't try to kill someone while he's losing, would you? ","הי, אתה לא מנסה להרוג מישהו שמניף דגל לבן, נכון?",
331,1,0,2,2,99,127,205,127,"Besides, you will just get caught. ","וחוץ מזה, אתה תתפס וחבל.",
331,1,5,3,1,11,127,205,127,"""I haven't been able to get any supplies in since the brigands closed off the area.  The bakery will reopen as soon as I have some.""  ","""אני לא מקבל שום אספקה מאז שהשודדים צרים על העיירה. המאפייה תפתח מחדש ברגע שהאספקה תשוב לסדרה.""",
331,1,5,4,1,11,127,205,127,"""The butcher has been getting all the good cards.""  ","""הקצב תמיד מקבל את כל הקלפים הטובים.""",
331,1,5,5,1,11,127,67,127,"""Mirror Lake to the south has a huge fish, but it's pretty dangerous.""","""באגם המראה בדרום יש דגים ענקיים, אך הסכנה שם גדולה.""",
331,1,5,6,1,11,127,101,127,"""I'm Silas Sourdough, the baker.""   ","""אני סילאס שאור, האופה.""",
331,1,1,0,1,99,127,115,127,"The baker seems to be deeply involved in the game.  They seem to be using ""Old Maid"" cards, but it looks like these guys aren't playing with a full deck. ","האופה מעורב מאוד במשחק. נראה שהם משתמשים בקלפי ""משרתת ישנה"", אבל עושה רושם שהחבר'ה האלה לא משחקים עם חפיסה מלאה.","תרגמתי, שווה לוודא שזה בסדר"
331,1,2,3,1,99,127,205,127,Bakery,מאפיה,
331,1,2,4,1,99,127,205,127,Cards,קלפים,
331,1,2,5,1,11,127,205,127,Fish,דגים,
331,1,2,6,1,99,127,205,127,Name,שם,
331,2,1,0,1,99,127,205,127,So this is where the Barber has lunch.  That guy's had so much to drink he looks embalmed.,אז כאן הספר אוכל צהריים. הבחור הזה שתה כל כך הרבה שנראה כאילו חנטו אותו.,
331,2,2,0,1,99,127,205,127,"The drunken barber at the end of the bar isn't in any shape to talk, at least not coherently.","הספר השתוי בקצה הבר לא במצב לנהל שיחה, לפחות לא הגיונית.",
331,3,0,7,1,9,127,186,127,"""Hey! This is an honest establishment!  You want me to ask Crusher?""","""היי! זהו מוסד מכובד! אתה רוצה שאקרא למרסק?""",
331,3,0,8,1,9,126,110,112,Drink up before you order anything else!,"""סיים לשתות לפני שתזמין משהו אחר!""",
331,3,0,8,2,9,31,65,31,You'll need to buy one.,"""תצטרך לקנות אחד.""",
331,3,0,9,2,99,31,78,31,The bartender can't reach your money. You're not close enough.,המוזג לא מצליח להגיע לכסף שלך. אתה לא מספיק קרוב.,
331,3,0,10,1,9,31,32,31,"""We've got some of the finest ale in the valley, only 1 silver.""","""יש לנו את השיכר הטוב ביותר בכל העמק, 1 כסף בלבד.""",
331,3,0,11,1,9,31,32,31,"""The Dragon's Breath is our specialty, and it's Crusher's personal favorite.  It's very hard to come by, so it'll cost you 25 silver, cash up front."" ","""נשימת הדרקון היא המשקה המועדף שלנו, והבחירה האישית של המרסק. הוא קשה מאוד להשגה, ולכן קבענו תעריף של 25 כסף, במזומן מראש.""",
331,3,0,12,1,9,127,32,127,"""Our world-famous Troll's Sweat is always fresh and it's only 5 silvers.""","""זיעת הטרול בעלת השם העולמי מוגשת טריה ועולה בסף הכול 5 מטבעות כסף.""",
331,3,0,13,1,9,127,32,127,"""There ya go!""","""הרי לך!""",
331,3,0,14,1,9,127,32,127,"""Whaddaya want?""","""מ'תה רוצה?""",
331,3,0,15,1,9,127,32,127,"He says, ""Too bad, buddy. You're missing a real treat, for sure!""","""חבל מאוד, חבוב. אתה מפסיד תענוג עילאי, תחשוב על זה שוב!""",
331,3,0,16,1,9,127,32,127,"""Sit down first!"" ","""קודם כל תשב!""",
331,3,0,17,1,9,127,32,127,"""You sure you want Dragon's Breath?  Cash up front.""","""אתה בטוח שאתה רוצה נשימת דרקון? תשלום מראש בבקשה.""",
331,3,0,17,2,9,127,32,127,"""What do you want?""","""מה אתה רוצה?""",
331,3,0,18,1,9,127,32,127,"""Oh, a wise guy, hunh?  Crusher, get this wiseacre out of here."" ","""הו, יש לנו פה חכמולוג, אה? מרסק, תעיף את המתחכם הזה מהחנות.""",
331,3,0,19,1,9,127,32,127,"""Crusher, escort this squealer out of the joint."" ","""מרסק, לווה את המלשן הזה אל מחוץ למועדון.""",
331,3,5,20,1,9,127,186,127,"""Good for what ale's you, har har!""","""זה יביא מזור לכל צרותיך, האר האר!""",
331,3,5,21,1,9,112,114,112,"""It's the house specialty.""","""זה משקה הבית שלנו.""",
331,3,5,22,1,9,0,0,158,"""He don't like his personal affairs discussed. My advice is not to do anything that'll get him upset.""","""הוא לא אוהב שדנים בענייניו האישיים. עצתי היא לא לעשות שום דבר שעלול להרגיז אותו.""",
331,3,5,23,1,9,31,86,31,"""Ale - 1 silver, Troll's Sweat - 5 silver, Dragon's Breath - 25 silver, take your pick.""","""שיכר -- 1 כסף. זיעת טרול -- 5 כסף, נשימת דרקון -- 25 כסף, הבחירה היא שלך.""",לא תרגמת במקומות אחרים כסף לשקלים?
331,3,5,6,1,9,31,32,31,"""This is a bar. I serve drinks. You want a drink, order one. You want answers to stupid questions, GET OUT!""","""זה מועדון; אני מוזג משקאות. אתה רוצה משקה, תזמין. אתה רוצה תשובות לשאלות מפגרות -- עוף מפה!""",
331,3,5,24,1,9,31,32,31,"""It'll go down real smooth.""","""זה מחליק בגרון בקלי קלות.""",
331,3,5,25,1,9,127,32,127,"""This is the Aces and Eights Tavern, stranger.""","""זאת מסבאת אסים ושמיניות, זר.""",
331,3,5,26,1,9,127,32,127,"""Hey, this is a honest establishment.  You want me to ask Crusher?"" ","""היי! זהו מוסד מכובד! אתה רוצה שאקרא למרסק?""",
331,3,5,27,1,9,127,32,127,"""What do you think I am, a guide dog or something?""","""מה אתה חושב שאני, כלב נחייה או משהו?""",
331,3,4,0,1,9,127,32,127,"""Keep your mitts offa me.""","""תוריד את הידיים ש'ך ממני.""",
331,3,4,28,1,99,127,32,127,"""You'd better talk to Crusher.""",כדאי שתדבר עם המרסק.,
331,3,4,9,1,99,127,32,127,You'll have to get the bartender's attention first.,קודם כל תצטרך להסב את תשומת ליבו של המוזג.,
331,3,1,0,1,99,127,32,127,"The bartender looks tough from his crewcut to his boots. The only thing soft about him is his tattoo, which says ""MAMA"".","הברמן נראה בחור קשוח מתספורתו הקצוצה ועד למגפיו. הדבר היחיד שרך בו הוא הקעקוע עם המילה ""אימוש"".",
331,3,10,29,1,9,127,32,127,"""If you want a mug of Dragon's Breath, house rules say it'll have to be cash up front!""  ","""אם אתה מעוניין בספל נשימת דרקון, על פי תקנון הבית יש לשלם הכול במזומן מראש!""",
331,3,10,29,2,99,127,32,127,You cough up the cash.,אתה שולף את המזומנים.,
331,3,10,29,3,9,127,32,127,"""Thanks, buddy!""  ","""תודה, גבר!""",
331,3,10,29,4,9,126,97,112,"""Hey, Crusher! Our friend here wants Dragon's Breath!""","""היי, מרסק, החבר שלנו כאן רוצה נשימת דרקון!""",
331,3,10,9,1,99,112,32,31,The bartender can't reach your money. You're not close enough.,המוזג לא מצליח להגיע לכסף שלך. אתה לא מספיק קרוב.,
331,3,10,30,1,9,31,32,31,"""Hey, whaddya doing comin' inta my joint with an empty purse?"" ","""היי, איך ת'ה נכנס למועדון שלי עם כיסים ריקים?""",
331,3,10,31,1,9,31,32,31,"""One mug of my fine Troll's Sweat, coming up!""  ","""ספל אחד של זיעת טרול משובחת, בדרך!""",
331,3,10,32,1,9,31,32,31,"""One well-aged house brew, coming up!""  ","""חליטה ביתית מיושנת היטב, בדרך!""",
331,3,2,20,1,9,32,32,112,Ale,שיכר,
331,3,2,21,1,9,112,101,112,Dragon's Breath,נשימת דרקון,
331,3,2,28,1,99,127,32,31,The bartender's ignoring you.  Maybe you'd better sit down first.,המוזג מתעלם ממך. אולי כדאי שתשב קודם.,
331,3,2,22,1,9,31,32,127,Crusher,מרסק,
331,3,2,23,1,9,127,32,127,Drinks,משקאות,
331,3,2,6,1,9,127,32,127,Name,שם,
331,3,2,24,1,9,127,32,127,Troll's Sweat,זיעת טרול,
331,3,2,25,1,9,127,32,127,Tavern,בית מרזח,
331,3,2,26,1,9,127,32,127,Thieves' Guild,גילדת הגנבים,
331,3,2,27,1,9,127,30,19,Town,עיירה,
331,4,1,33,1,99,127,32,48,"It doesn't look like the bartender ever wipes up spills, and the glasses are truly filthy.","נראה שהמוזג מעולם לא ניגב נוזלים שנשפכו, וגם לא יודע מה זה לשטוף כוסות.",
331,5,0,0,1,99,48,32,48,"Someone has carved into the bottom of the table
"" G. MEISTER slept here"".","מישהו חרט בתחתית השולחן ""ג. מייסטר ישן כאן.""",
331,6,0,1,1,12,48,32,48,"""Go FISH!""","""לך תדוג!""",
331,6,0,2,1,99,48,32,48,"Hey, you wouldn't try to kill someone while he's winning, would you? ","היי, אתה לא מנסה להרוג מישהו שנמצא על סף ניצחון, נכון?",
331,6,0,2,2,99,48,32,48,"Besides, you will just get caught. ","וחוץ מזה, יתפסו אותך בשניה.",
331,6,5,34,1,12,48,32,48,"""There's not a whole lot of meat in town for me to butcher these days.  Now if someone would just bring down that stag in the forest...""  ","""אין הרבה בשר לשחוט בעיירה בימים אלה. הלוואי שמישהו היה מוריד את הצבי הזה ביער...""",
331,6,5,4,1,12,48,32,48,"""The cards, they been very, very good to me.""   ","""הקלפים, מאוד מאוד מאוד טובים אלי.""",
331,6,5,5,1,12,48,32,48,"""There's a river to the south by the Flying Falls which has some good-sized trout.""  ","""הנהר הזורם מדרום למפלים המעופפים שורץ פורלים ענקיים.""",
331,6,5,6,1,99,48,32,48,"""I'm Butch Beefmeister, the butcher.""  ","""אני קצבי קלופבשר, הקצב.""",
331,6,1,0,1,99,48,32,48,The butcher is wearing a blood-stained apron.  He seems to be deeply involved in the game.,הקצב לובש סינר מגואל בדם. הוא נראה שקוע כל כולו במשחק.,
331,6,2,34,1,99,48,32,48,Butcher Shop,איטליז,
331,6,2,4,1,99,48,32,48,Cards,קלפים,
331,6,2,5,1,12,48,32,48,Fish,דג,
331,6,2,6,1,99,48,32,48,Name,שם,
331,7,1,0,1,99,48,32,48,"It looks a lot like something you'd expect to see in a tavern, only a little dirtier. ","נראה בדיוק כמו משהו שהיית מצפה לפגוש בבתי מרזח, רק טיפה מלוכלך יותר.",
331,8,0,35,1,99,127,32,127,Uh oh! It looks like you got Crusher upset!,הו הו! נראה שהצלחת לעצבן את המרסק!,
331,8,0,36,1,99,48,32,48,"As you ask him questions, the goon's eyes darken. ","עם כל שאלה ושאלה, פני הבריון הולכות ומתכרכמות.",
331,8,0,37,1,99,48,32,48,The goon seems to be ignoring you.,נראה שהבריון מתעלם ממך.,
331,8,0,38,1,99,48,32,48,"Crusher bares his teeth at you.  Either you are in big trouble now, or that's just his way of smiling.","המרסק חושף את שיניו מולך. או שאתה בצרה צרורה, או שככה הוא מחייך.",
331,8,0,39,1,99,48,32,48,You seem to have annoyed him.,נראה שעצבנת אותו.,
331,8,5,40,1,99,48,32,48,You seem to have annoyed him.,נראה שעצבנת אותו.,
331,8,5,41,1,99,48,32,48,"Crusher bares his teeth at you.  Either you are in big trouble now, or that's just his way of smiling. ","המרסק חושף את שיניו מולך. או שאתה בצרה צרורה, או שככה הוא מחייך.",
331,8,5,22,1,99,48,32,48,The goon seems to be ignoring you.,נראה שהבריון מתעלם ממך.,
331,8,5,42,1,99,48,32,48,You seem to have annoyed him.,נראה שעצבנת אותו.,
331,8,5,43,1,99,48,32,48,"Crusher bares his teeth at you.  Either you are in big trouble now, or that's just his way of smiling.   ","המרסק חושף את שיניו מולך. או שאתה בצרה צרורה, או שככה הוא מחייך.",
331,8,5,44,1,99,48,32,48,The goon seems to be ignoring you.,נראה שהבריון מתעלם ממך.,
331,8,5,45,1,13,48,32,48,"""What's da passwoid?""    ","""בה השישמה?""",
331,8,5,46,1,99,48,32,48,You seem to have annoyed him.,נראה שעצבנת אותו.,
331,8,5,47,1,99,48,32,48,"Crusher bares his teeth at you.  Either you are in big trouble now, or that's just his way of smiling.  ","המרסק חושף את שיניו מולך. או שאתה בצרה צרורה, או שזו הדרך שלו לחייך.",
331,8,5,25,1,99,48,32,48,The goon seems to be ignoring you.,נראה שהבריון מתעלם ממך.,
331,8,4,33,1,99,127,186,127,You need to get up first.,אתה צריך לקום קודם.,
331,8,1,0,1,99,127,32,127,This Goon looks really tough and mean.  He's not someone you'd want to fight.,הבריון נראה קשוח מאוד ואכזרי. הוא לא מישהו שהיית רוצה להתקוטט איתו.,
331,8,2,40,1,99,127,32,127,Crusher,מרסק,
331,8,2,41,1,99,127,32,127,Crusher,מרסק,
331,8,2,22,1,99,127,32,127,Crusher,מרסק,
331,8,2,42,1,99,127,32,127,Goon,בריון,
331,8,2,43,1,99,127,32,127,Goon,בריון,
331,8,2,44,1,99,127,32,127,Goon,בריון,
331,8,2,45,1,99,127,32,127,Thieves' Guild,גילדת הגנבים,
331,8,2,46,1,99,127,32,127,Tavern,בית מרזח,
331,8,2,47,1,99,127,32,127,Tavern,בית מרזח,
331,8,2,25,1,99,127,32,127,Tavern,בית מרזח,
331,9,4,33,1,99,127,32,127,You are already sitting on the stool.,אתה כבר יושב על השרפרף.,
331,9,1,9,1,99,127,32,127,Looks like the only place to sit is at the bar.,נראה שזה המקום היחיד שאפשר לשבת בו בבר.,
331,9,1,33,1,99,127,32,127,"Yup, You're sitting on a stool.","כן, אתה יושב על שרפרף.",
331,26,4,0,1,99,127,186,127,"Not only is the mug empty, but it's filthy.  You really don't want it.","לא רק שהספל ריק, הוא גם מטונף. אתה ממש לא מעוניין בו.",
331,26,1,0,1,99,112,108,112,"Now that the mug is empty, you can see that it hasn't been washed in weeks (if ever).  Yuck!","כעת כשהספל ריק, אתה יכול לראות שהוא לא נשטף מזה שבועות (אם בכלל). איכסה!",
331,10,0,0,1,99,112,32,112,The mug the bartender put your drink in.,הספל שאליו מזג הברמן את המשקה שלך.,
331,10,4,9,1,99,31,82,31,"Go ahead and pick the dirt up, but if you want my opinion... Nothing on Shapier would induce me to remove the years of accumulated dirt! ","קדימה, קח את העפר, אבל אם תשאל לדעתי... שום דבר על שאפיר לא יגרום לי להסיר את הלכלוך שהצטבר במשך שנים!","תרגמתי, שווה לוודא"
331,10,1,9,1,99,31,32,31,"It looks like something you'd expect to see in a tavern, but a lot dirtier.","נראה בדיוק כמו משהו שהיית מצפה לפגוש בבתי מרזח, רק טיפה מלוכלך יותר.",
331,11,1,0,1,99,114,25,32,Gucky ooze is dripping down on the floor.,נוזל מבחיל מטפטף על הרצפה.,
331,12,0,0,2,99,127,32,127,You tell the bartender that you don't have enough working capital at this point in time.,אתה מספר למוזג על כך שאין לך מספיק הון עצמי בנקודת הזמן הזו.,
331,12,0,9,1,9,127,32,127,Well then!  Belly up to the bar and get some Dragon's Breath!,"""ובכן רבותי! הציבור מוזמן לגשת לבר, יש מספיק נשימת דרקון לכולם!""",
331,12,1,0,1,99,127,32,127,"Dragon's Breath is the house specialty, and it's Crusher's personal favorite. The fumes hurt your eyes. ","נשימת הדרקון היא משקה הבית, והבחירה האישית של המרסק. האדים צורבים את עיניך.",
331,13,0,9,1,99,127,32,127,You'll need the bartender's help on that one.,הפעם תזדקק לעזרת הברמן.,
331,13,1,0,1,99,127,32,127,Some of the finest ale in the valley.,השיכר המובחר ביותר בעמק.,
331,14,1,0,1,99,127,32,127,"This is a keg of genuine Troll's sweat, guaranteed to make your eyes water and your teeth rot.","חבית של זיעת טרול אותנטית, עם אחריות מלאה לעיניים דומעות ושיניים רקובות.",
331,15,1,0,1,99,127,32,127,"From the size of the ancient oak kegs, you surmise that the drinking of large quantities of beverages is the main pastime in this establishment.","לפי הגודל של חביות האלון העתיקות, אתה משער ששתיית כמויות עצומות של משקה הינה צורת הבילוי המועדפת על תושבי המקום.",
331,16,0,9,1,99,127,32,127,"Sounds potent, but you'd better go see the bartender if you want some.","נשמע מפתה, אבל כדאי שתדבר עם המוזג אם אתה רוצה קצת.",
331,16,1,0,1,99,127,32,127,"The world-famous Troll's Sweat is always fresh.  It looks lean, mean, and green. ","משקה זיעת הטרול הנודע לתהילה רענן וטרי. הוא נראה מתוק, ירוק, ומלא רוק.",
331,17,1,0,1,99,127,32,127,"Based on your extensive adventuring experience, you strongly suspect this to be a table.","בהתבסס על ניסיונך העשיר בהרפתקנות, יש לך חשד כבד שהדבר הזה אינו שולחן.",
331,18,4,0,1,99,126,101,112,You pick up the note.,אתה מרים את הפתק.,
331,18,1,48,1,99,112,101,112,You see a crumpled piece of paper under the stool.,אתה רואה פיסת נייר מקומטת מתחת לשרפרף.,
331,19,0,49,1,99,127,32,127,Ach du lieber,"אח דו ליבר (בגרמנית, אוי אלוהים)",
331,19,0,49,2,99,127,32,127,Schweinhund,"שוויינהוד (בגרמנית, חזיר)",
331,19,0,49,3,99,127,32,127,Antwerp,אנטוורפ,
331,19,0,49,4,99,127,32,127,Rheingold,זהב הריין,
331,19,0,49,5,99,127,32,127,Schwertfisch,"שוורץ פיש (בגרמנית, דג חרב)",
331,19,0,49,6,99,127,32,127,Purple Saurus,זאורוס סגול,
331,19,0,49,7,99,127,32,127,Deutschmark,מרק גרמני,
331,19,0,50,1,99,127,32,127,Pick the right password!,בחר בסיסמה הנכונה!,
331,20,0,51,1,99,127,32,127,You've never tasted anything like it before.,מעולם לא טעמת דבר כזה.,
331,20,0,52,1,99,127,32,127,"This tastes as sour as it smells, and it burns your throat as you swallow it. Still, it isn't the worst beer you've ever drunk.","יש לה טעם חמוץ לא פחות מהריח, והיא שורפת לך בגרון תוך כדי שאתה גומע ממנה. ועדיין, זו לא הבירה הכי גרועה ששתית בחיים.",
331,20,0,53,1,99,127,32,127,"You know, that actually tasted fine! This really isn't such a bad place, after all, and the bartender reminds you of an old friend you used to know.","אתה יודע, האמת שהטעם היה סבבה לגמרי. תכל'ס זה מקום לא רע בכלל, והברמן מזכיר לך חבר ותיק מהעבר.",
331,20,0,54,1,99,127,32,127,"Suddenly, you don't feel so good...","ולפתע, אתה מתחיל להרגיש לא טוב...",
331,20,0,55,1,99,127,32,127,Ohhhhhhhhh woooowwwwwww!!!,הוווווווו אאאאוווווו!!!,
331,20,0,56,1,99,127,84,48,The one on the west is wearing a stained butcher's apron.  The one on the east has on a baker's hat.  They seem to be deeply involved in their game.,הבחור בצד מערב לובש סינר מגואל בדם. השני ממזרח חובש כובע שף. הם נראים שקועים עמוק במשחק.,
331,20,0,57,1,99,48,97,48,"""B - Good.  Let me know when you get him. - B"" ","""ב. - יופי. תעדכן אותי כשתתפוס אותו. - ב.""",
331,20,0,58,1,99,48,115,48,"""B - how cum I dont heer from you?  whuts up? - B"" ","""ב. - איך זה שעני לא שומא ממך? מה הולך אחי? - ב.""",
331,20,0,59,1,99,48,32,48,"""B - You don't hear from me because you never write. - B""  ","""ב. - אתה לא שומע ממני כי אתה אף פעם לא כותב. - ב.""",
331,20,0,60,1,99,48,101,48,"""B - the new herow is given the men trubal.  her Nibs wants to leve sone. - B"" ","""ב. - הגיבור החדש אושה פה צרות לענשים. הוד מעלתה יוצאת אוד מעט. - ב.""",
331,20,0,61,1,99,48,112,48,"""B - Try to stall as long as possible.  Maybe we can get the hero to get rid of Her Nibs for us."" ","""ב. - נסה לעכב אותה ככל האפשר. אולי נצליח לתמרן את הגיבור שיפטר מהוד מעלתה בשבילנו.""",
331,20,0,62,1,99,48,110,48,"""B - no nuse - B"" ","""ב. - עין חדש - ב.""",
331,20,0,63,1,99,48,101,48,"""B - C has just about had it here.  If he goes, then I am a sure thing for the job. - B"" ","""ב. - למ. כבר נמאס. ברגע שהוא יוצא, אני מסיים את העבודה. - ב.""",
331,20,0,64,1,99,48,32,48,"""B - nuthin - B"" ","""ב. - שום כלום - ב.""",
331,20,0,65,1,99,48,103,48,"""B - Hold off on the notes until something big comes up, but check daily. - B"" ","""ב. - עצור את ההתכתבות עד שמשהו גדול יצוץ, אבל תבדוק מדי יום. ב.""",
331,20,0,66,1,99,48,32,48,"""B - Meet me at the archery range as soon as possible.  Urgent!"" ","""ב. - פגוש אותי במטווח הקשתים בהקדם האפשרי. דחוף!""",
331,20,0,67,1,99,48,121,48,"""B - Meet me south of town at noon as usual. - B."" ","""ב. פגוש אותי בדרום העיירה בצהריים כרגיל. - ב.""",
331,20,0,68,1,99,48,109,48,"""B. - That new adventurer is getting too nosy.  Deal with him. - B.""","""ב. - ההרפתקן החדש הזה דוחף את האף יותר מדי. טפל בו. - ב.""",
331,20,0,68,2,99,48,98,48,"Oh, isn't that nice!  Sounds like you're going to be invited to a card game.","הוו, איזה כיף! נשמע שהולכים להזמין אותך למשחק קלפים.",
331,20,0,69,1,99,48,32,48,"""B - It's too soon to make our move.  Wait for the heat to die down around here. - B"" ","""ב. - מוקדם מדי למהלך שלנו. חכה קצת שהלהבות ישככו. - ב.""",
331,20,0,70,1,99,127,32,127,"""B - Laffer is waching me to.  hard to sneek out. - B"" ","""ב. - לאפר צופה בי גם. קשה להתכמק החוצה. - ב.""",
331,20,0,71,1,99,48,103,48,You smooth out the piece of paper and read:,אתה פורש את פיסת הנייר וקורא:,
331,20,0,72,1,99,48,100,48,"""B - you wer not at meting plase today.  how cum? - B"" ","""ב. - לא איית בפגישה איום. למה? - ב.""",
331,20,0,73,1,99,48,100,48,"""B - I said to keep me posted here.  Where's your notes? - B"" ","""ב. - אמרתי להמשיך לעדכן אותי. איפה ההודעות שלך? - ב.""",
331,20,0,74,1,99,48,114,48,"""B - i got men out looking for him.  weel get him sone. - B"" ","""ב. - שלחתי אנשים שיחפשו אותו. הם יטפסו אותו בכרוב. - ב.""",
331,20,0,75,1,99,48,98,48,"""B - her Nibs is still all high an mighty bout sentar.  men pretty mad maybe they join us? - B"" ","""ב - הוד מעלתה עדיין מתנשאת על כולם. אנשים מאד עצבנים, אולי יצטרפו אלינו? - ב""",לא סגור על איך לתרגם את זה
331,20,0,76,1,99,48,116,48,"""B - He's starting to get suspicious.  Hold off on our meetings for a bit, but I'll keep you posted by these notes. - B."" ","""ב. - הוא מתחיל לחשוד. נעצור בינתיים את קיום הפגישות, אך אמשיך לעדכן אותך בהודעות. - ב.""",
331,20,0,77,1,9,48,107,48,"""Hey, he's not one of us!  Take care of him!"" ","""הי, הוא לא אחד משלנו! טפל בו!""",
331,20,0,78,1,99,48,107,48,You put back the note.,אתה מחזיר את הפתק.,
331,20,0,79,1,13,48,101,48,"""Oh yeah?  What's the password?"" ","""אה כן? מה הסיסמה?""",
331,20,0,80,1,13,48,117,48,"""Oh yeah?  So what is it?"" ","""אה כן? אז מה זה?""",
331,20,0,81,1,99,48,114,48,"Smells like Troll's Sweat. Tastes like Troll's Sweat. By golly, it IS Troll's Sweat....","מריח כמו זיעת טרול. בטעם של זיעת טרול. חי נפשי, זו אכן זיעת טרול...",
331,20,0,82,1,99,48,32,48,You seem to have gone a little overboard on the ale (or at least falling off the seat).,נראה שקצת נסחפת עם השיכר (או לפחות נפלת מהכיסא).,
331,20,0,83,1,99,48,105,48,...and one Troll's Sweat is too many.,...וזיעת טרול אחת יותר מדי.,
331,20,0,84,1,99,48,32,48,You inform the bartender that you seem to be temporarily strapped for funds.,אתה מדווח למוזג שבאופן זמני אתה טיפה לחוץ במזומנים.,
331,20,0,84,2,9,127,186,127,"He says, ""Hey Crusher! Get this deadbeat bum outta here!""","""היי מרסק! תעיף את השנורר הזה החוצה!""",
331,20,1,85,1,99,48,104,48,"The bartender glares at you as you enter, and so does the ugly goon on the left. You get the impression that you are not welcome.","המוזג נועץ בך עיניים כשאתה נכנס, וכך גם הבריון המכוער משמאל. אתה מקבל את הרושם שאתה לא רצוי.",
331,20,1,86,1,99,48,117,48,"The grimy window lets little light into this tavern.  It smells like stale ale and other more unpleasant things.  The floor is covered with dirt, and the bar with sticky beer. ","החלון המטונף מאפשר למעט מאוד אור להיכנס פנימה. החדר מריח כמו שיכר מעופש ועוד כל מיני דברים לא נעימים. הרצפה מכוסה בבוץ, והבר בבירה דביקה.",
331,20,1,86,2,99,48,101,48,"Smoke appears to be rising from the center cask behind the bar.  To your right, two gamblers are playing cards. ","נראה כי עשן מיתמר מהחבית המרכזית מאחורי הבר. לימינך, שני מהמרים משחקים בקלפים.",
331,21,1,0,1,99,48,32,48,"Not a pleasant sight!  There seems to be something slimy spilled the stool, and it is eating into the wood.  You think perhaps you should sit on the next stool over. ","לא מחזה מלבב! נדמה כי חומר רירי שנשפך על השרפרף, מאכל את העץ לאיטו. אתה שוקל ברצינות את הרעיון לשבת על שרפרף אחר.",
331,22,1,0,1,99,48,32,48,Looks like some kind of card game.,נראה כמו סוג של משחק קלפים.,
331,23,1,0,1,99,48,32,48,"That's a mighty unusual keg, there.","זאת חבית אדירה ויוצאת דופן, ההיא שם.",
331,24,1,0,1,99,48,32,48,"There appears to be a trapdoor beneath the goon, but he's blocking it very effectively.","מתחת לרגלי הבריון מציצה דלת סתרים, אולם הוא חוסם אותה ביעילות רבה.",
331,25,1,0,1,99,48,32,48,"The window is open, but not much light seems to make it in here. ","החלון אמנם פתוח, אבל לא הרבה אור מוצא את דרכו הנה.",
332,1,1,0,1,99,237,37,130,Affects where knife goes.,משפיע על כיוון הסכין.,
332,1,4,0,1,99,252,139,70,Place hand on red dot.,הנח את היד על נקודה אדומה.,
332,2,1,0,1,99,232,120,254,The barrels are large enough to hide several unlucky adventurers.  Let's hope you're not that unlucky.,החביות מספיק גדולות כדי לטמון בתוכן כמה הרפקתנים חסרי מזל. בוא נקווה שאתה לא עד כדי כך חסר מזל.,
332,3,1,0,1,99,252,11,70,"It looks a bit like a dart board, only bigger.","זה נראה בערך כמו לוח קליעה למטרה, רק גדול יותר.",
332,3,1,0,2,99,11,192,117,There sure are a lot of daggers in the board.  You wonder where the Chief Thief keeps them all.,פגיונות רבים נעוצים בלוח. אתה תוהה איפה רב הגנבים שומר את כולם.,
332,3,4,0,1,99,254,89,86,"The game is called Dag-Nab-It.  You take turns with the Chief Thief throwing daggers at the board.  Each player gets three turns, and throws three daggers in each turn.","המשחק נקרא פגיון-פי-מליון. אתה משחק בתורות עם הרב גנב בהטלת פגיונות על הלוח. כל שחקן מקבל שלושה תורות, ומטיל שלושה פגיונות בכל תור.",
332,3,4,0,2,99,86,254,137,More points are scored the closer each dagger hits to the center of the board.  Highest score wins the bet.,"ככל שהפגיון פוגע קרוב יותר למרכז הלוח, כך נזקפות נקודות רבות יותר לזכותך. הזוכה במירב הנקודות מנצח בהתערבות.",
332,3,4,0,3,99,154,73,2,"Adjust force and angle of throw with the arrow keys or mouse, according to your hand position.  Press Enter or click on the small dag-nab-it board to throw.","כוונן את כוח וזווית ההטלה באמצעות מקשי החיצים או העכבר, בהתאם לתנוחת ידך. לחץ אנטר או הקלק על לוח הפגיון-פי-מליון הקטן כדי להטיל.",
332,4,1,0,1,6,166,0,80,"""You can call me 'Boris'.  I'm the Chief Financial Officer for the Guild."" ","""אתה יכול לקרוא לי 'בוריס'. אני הוא סמנכ""ל הכספים של הגילדה.""",
332,4,1,7,1,6,20,77,130,"""We only sell lockpicks and Thief Toolkits here.""","""אנחנו מוכרים פה כלי פריצה וערכות גנבים.""",
332,4,1,8,1,6,139,70,252,"""Our very special items are reserved for our guild members.  No scabs allowed.""","""הפריטים המאוד מיוחדים שלנו שמורים לחברי הגילדה. אין כניסה לזרים.""",
332,4,2,1,1,6,203,85,139,Fencing,סייף,
332,4,2,2,1,6,38,128,56,License,רשיון,
332,4,2,3,1,6,0,80,30,Lock Pick%c,כלי פריצה,
332,4,2,4,1,6,207,80,30,Services,שירותים,
332,4,2,5,1,6,125,37,131,Tool Kit,ערכה,
332,4,2,6,1,6,212,94,93,Tools,כלים,
332,4,2,8,1,6,154,104,41,"""A Thief's license will cost you 25 silvers.  You will need a license to use any of our services.""","""רשיון גניבה יעלה לך 25 מעות כסף. הרשיון נדרש על מנת ליהנות מכל אחד מהשירותים שלנו.""",
332,4,4,7,1,6,27,184,176,You can't drop something you don't have.,"""אתה לא יכול לסחור במשהו שאין לך.""",
332,4,4,8,1,6,30,184,116,"""We buy only from our members.""","""אנו קונים אך ורק מחברי הגילדה.""",
332,4,4,9,1,6,154,100,0,"""That doesn't look like something we can resell."" ","""זה לא נראה כמו משהו שניתן למכור מחדש.""",
332,4,5,1,1,6,6,11,70,"""We are happy to give recompense for any items you may have borrowed from others.""","""אנו שמחים לתגמל על כל פריט שהואלת לשאול מהזולת.""",
332,4,5,2,1,6,86,6,131,"""A Thief's License will cost you 25 silvers.  You will need a license to use any of our services.""","""רשיון גניבה יעלה לך 25 מעות כסף. הרשיון נדרש על מנת ליהנות מכל אחד מהשירותים שלנו.""","כאן זה מעות כסף. צריך להיות סגורים על ניסוח אחיד - מטבעות כסף, שקלים, מעות..."
332,4,5,3,1,6,252,255,118,"""How else can you borrow things effectively?  The investment of your lifetime for fifteen silvers."" ","""אחרת כיצד תצליח לשאול חפצים ביעילות? השקעה לכל החיים תמורת חמש עשרה מטבעות כסף.""",
332,4,5,4,1,6,89,255,118,"""The license allows you to steal in town without us tipping the Sheriff, allows you to purchase professional quality tools, provides fencing services at no extra charge, and pays for the flowers on your grave in the event of an untimely accident.""","""הרשיון מקנה לך את הזכות לגנוב בעיירה מבלי שנצטרך לשחד את השריף, מאפשר לך לרכוש כלים באיכות מקצועית, מספק לך שירותי סייף ללא תוספת תשלום, ומעניק זכות חד פעמית לזר פרחים בחינם על קברך במקרה של מוות בטרם עת.""",
332,4,5,5,1,6,130,7,89,"""It's a steal for only one hundred silvers.  (heh, heh)""","""עכשיו במחיר מופ... מושלם של מאה שקלי כסף בלבד. (חי, חי)""",
332,4,5,6,1,6,116,9,184,"""Perhaps I could sell you a good lockpick for fifteen silvers, or a wonderful Acme Thief Tool Kit for one hundred silvers.""","""אולי אוכל למכור לך כלי פריצה טוב תמורת חמש עשרה כסף, או ערכת גנבים נהדרת במאה מטבעות כסף.""",
332,4,10,10,1,6,89,139,229,"""Welcome to the Thieves' Guild Union, Local 1313.""","""ברוך הבא לאיחוד גילדות הגנבים, סניף 1313.""",
332,4,10,11,1,6,14,232,151,"""Don't bother.  You've already paid, stupid.""","""אל תטרח. כבר שילמת, טמבל.""",
332,4,10,12,1,6,139,70,6,"""I'm sorry, but you don't seem to have enough silver for your license.  Come back when you qualify.""","""מצטער, אבל לא נראה שיש לך מספיק כסף. תחזור כשתעמוד בדרישות.""",
332,4,10,13,1,6,0,80,154,"""There you are.""","""הנה אתה.""",
332,4,41,7,1,6,0,0,204,"""Let's see now... deducting the Guild cut, and allowing for resale markup, that comes to... 40 silvers.  Here you are."" ","""בוא נראה... לאחר ניכוי עמלת הגילדה, ובחישוב הרווח מהמכירה החוזרת, זה מסתכם ב... 40 כסף. בבקשה.""",
332,4,41,8,1,6,0,80,255,"""We buy only from our members.""","""אנו קונים אך ורק מחברי הגילדה.""",
332,4,42,7,1,6,0,240,37,"""Let's see now... deducting the Guild cut, and allowing for resale markup, that comes to... 150 silvers.  Here you are.""","""בוא נראה... לאחר ניכוי עמלת הגילדה, ובחישוב הרווח מהמכירה החוזרת, זה מסתכם ב... 150 כסף. בבקשה.""",
332,4,42,8,1,6,199,7,28,"""We buy only from our members.""","""אנו קונים אך ורק מחברי הגילדה.""",
332,4,43,7,1,6,235,0,93,"""Let's see now... deducting the Guild cut, and allowing for resale markup, that comes to... 90 silvers.  Here you are.""","""בוא נראה... לאחר ניכוי עמלת הגילדה, ובחישוב הרווח מהמכירה החוזרת, זה מסתכם ב... 90 כסף. בבקשה.""",
332,4,43,8,1,6,6,11,70,"""We buy only from our members.""","""אנו קונים אך ורק מחברי הגילדה.""",
332,4,44,7,1,6,154,173,2,"""Let's see now... deducting the Guild cut, and allowing for resale markup, that comes to... 100 silvers.  Here you are.""","""בוא נראה... לאחר ניכוי עמלת הגילדה, ובחישוב הרווח מהמכירה החוזרת, זה מסתכם ב... 100 כסף. בבקשה.""",
332,4,44,8,1,6,70,6,11,"""We buy only from our members.""","""אנו קונים אך ורק מחברי הגילדה.""",
332,4,45,7,1,6,255,118,8,"""Let's see now... deducting the Guild cut, and allowing for resale markup, that comes to... 500 silvers.  Here you are.""","""בוא נראה... לאחר ניכוי עמלת הגילדה, ובחישוב הרווח מהמכירה החוזרת, זה מסתכם ב... 500 כסף. בבקשה.""",
332,4,45,8,1,6,37,131,196,"""We buy only from our members.""","""אנו קונים אך ורק מחברי הגילדה.""",
332,5,1,0,1,99,28,190,196,The boxes must be used to store what the thieves are lucky enough to steal in this town.,התיבות מכילות את השלל שבזזו הגנבים ברי המזל ברחובות קריה.,
332,6,1,0,1,99,16,38,137,You can tell where the bar is by the seep marks of spilled beer.,אפשר לדעת איפה הבר על פי שיירי הבירה הדביקים.,
332,7,0,0,1,5,1,0,235,"""I don't have time to talk to unlicensed scum.  Pay your guild license fee, and then we can talk.  Why don't you do something constructive like stealing Otto's yo-yo?""","""אין לי זמן לדבר עם נוכלים ללא רשיון. שלם את דמי רשיון הגילדה, ואז נוכל להחליף כמה מילים. למה שלא תעשה משהו מועיל כמו לגנוב את היו-יו של אוטו?""",
332,7,0,14,1,5,196,94,12,"""Hey, nice game.  It's a tie.""","""הי, משחק נחמד. זה תיקו.""",
332,7,0,15,1,5,255,55,255,"""You got me that time.  Say, you're pretty tough!""","""הפעם ניצחת. תשמע, אתה בחור קשוח!""",
332,7,0,16,1,5,6,38,139,"""So, you think you're pretty hot stuff, eh?  Well, we'll see about that.""","""אז, אתה חושב שאתה סחורה חמה, אה? ובכן, אנחנו עוד נראה.""",
332,7,0,17,1,5,70,59,118,"""If you don't bet, you can't play.""","""מי שלא מהמר, לא משחק.""",
332,7,0,18,1,5,70,6,235,"""It's a tie.  Let's double the wager.""","""תיקו. בוא נכפיל את ההימור.""",
332,7,0,19,1,5,139,70,6,"""Looks like I won that one.  Must have gotten lucky.""","""נראה שניצחת הפעם. כנראה סתם מזל.""",
332,7,0,20,1,5,0,80,154,"""Hey!  This is cash on the table.  You can't bet what you don't have.""","""הי! זה כסף על השולחן. אתה לא יכול להמר על מה שאין לך.""",
332,7,0,21,1,5,8,137,70,"""Now, let's not get carried away.""","""עכשיו, בוא לא ניסחף.""",
332,7,0,22,1,5,0,80,255,"""Beginners!  Why do they keep giving me beginners?""","""טירונים! למה הם ממשיכים לשלוח לי טירונים?""",
332,7,0,23,1,5,0,240,37,"""It will cost you 25 silvers to work in town.  Just pay Boris at the door.  If you don't have the cash, go steal something.""","""יעלה לך 25 כסף כדי להתקבל לעבודה בעיירה. שלם לבוריס בכניסה. אם אין לך כסף, לך תגנוב קצת.""",
332,7,0,24,1,5,199,7,28,"""I tell you, Crusher, that a thief of my stature and abilities should be stuck in a podunk town besieged by brigands who aren't even Union Members is the height of injustice!""","""אמרתי לך, מרסק, שגנב בסדר גודל ובשיעור קומה כמו שלי שנאלץ להיתקע בעיירה שכוחת קל מוקפת שודדים שאפילו לא מצטרפים לאיגוד, זה חוסר צדק משווע.""",
332,7,1,0,1,99,139,86,14,"From his expensive clothes to his carefully trimmed mustache, there is an air of sophistication to this villain.","מבגדיו היקרים ועד לשפמו הגזוז בקפידה, הנבל הזה משדר אווירה של תחכום.",
332,7,2,25,1,5,20,139,70,Accountant,מנהל חשבונות,
332,7,2,26,1,5,118,12,255,Bet,הימור,
332,7,2,27,1,5,6,196,94,Board,לוח,
332,7,2,28,1,5,131,196,8,Boris,בוריס,
332,7,2,29,1,5,0,93,203,Brigands,שודדים,
332,7,2,30,1,5,255,118,12,Crusher,מרסק,
332,7,2,31,1,5,80,154,225,Daggers,פגיונות,
332,7,2,32,1,5,94,6,38,Fence,סייף,
332,7,2,33,1,5,233,184,0,Game,משחק,
332,7,2,34,1,5,38,255,55,Thieves' Guild,גילדת הגנבים,
332,7,2,35,1,5,225,0,146,Name,שם,
332,7,2,36,1,5,88,255,80,Otto,אוטו,
332,7,2,37,1,5,89,130,7,Scabs,זרים,
332,7,2,38,1,5,196,94,252,Secrets,סודות,
332,7,2,39,1,5,8,196,94,Sheriff,שריף,
332,7,2,40,1,5,71,10,38,Spy,מרגל,
332,7,2,41,1,5,139,71,6,Stealing,גניבה,
332,7,2,42,1,5,38,196,95,Thieves,גנבים,
332,7,2,43,1,5,87,4,196,Tips,טיפים,
332,7,2,44,1,5,255,55,255,Tools,כלים,
332,7,2,45,1,5,6,38,139,Town,עיירה,
332,7,4,0,1,5,255,118,254,"""If you can't pay, don't play."" ","""מי שלא משלם, לא משחק.""",
332,7,5,25,1,5,118,6,196,"""I have no time for idle talk.  Why don't you do something constructive like stealing Otto's yo-yo?""","""אין לי זמן לשיחות סרק. למה שלא תעשה משהו מועיל כמו לגנוב את היו-יו של אוטו?""",
332,7,5,26,1,5,52,131,196,"""We could start small, perhaps a silver a throw.  We each throw a dagger at the board and the dagger closest to center wins.""","""אפשר להתחיל בקטן, נגיד זריקה אחת בשקל. כל אחד מאיתנו מטיל פגיון על הלוח והפגיון הקרוב ביותר למרכז מנצח.""",
332,7,5,27,1,5,196,94,6,"""That is a specially designed Dagger Board.""","""זהו לוח פגיונות בעיצוב מיוחד.""",
332,7,5,28,1,5,89,184,1,"""Boris is our accountant.""","""בוריס הוא מנהל החשבונות שלנו.""",
332,7,5,29,1,5,139,71,6,"""Those non-union cretins are giving thieves a bad name.  I'm sure they have a spy planted in our organization.""","""הדפוקים הלא מאוגדים האלה מוציאים לגנבים שם רע. אני משוכנע שיש להם מרגל שתול בשורות הארגון שלנו.""",
332,7,5,30,1,5,137,86,252,"""Crusher is our personnel manager.""","""המרסק הוא מנהל כוח האדם שלנו.""",
332,7,5,31,1,5,194,2,59,"""A dagger is a thief's best friend.  If you ever get good with one, then perhaps we could play a little game.""  ","""פגיון הוא ידידו הטוב ביותר של הגנב. אם אי פעם תלמד להסתדר עם אחד, נוכל אפילו לשחק איזה משחק נחמד.""",
332,7,5,32,1,5,59,86,252,"""Just give your stolen items to Boris and you will be suitably recompensed.  Or, in terms more suited to your apparent intellect, you get cash for your loot.""","""פשוט תן את חפציך הגנובים לבוריס ותפוצה כדין. או במונחים יותר מובנים לרמת האינטלקטואל שלך, תקבל מזומנים עבור הביזה.""",
332,7,5,33,1,5,235,208,139,"""You and I could throw some daggers at the board over there and bet upon which of us will throw better.""","""אני ואתה יכולים להטיל כמה פגיונות על הלוח שם ולהתערב מי מאיתנו יטיל יותר טוב.""",
332,7,5,34,1,5,1,0,80,"""Where else but here can one mingle freely with others of our chosen profession, sharing tips and secrets?""","""באיזה מקום חוץ מכאן ניתן להתרועע עם חברינו למקצוע, ולחלוק טיפים וסודות?""",
332,7,5,34,2,5,94,6,38,"""Where else can you safely fence stolen items?  Where else can you ask questions like these and not be thrown into jail?"" ","""היכן עוד תוכל לסחור בבטחה בפריטים גנובים? היכן עוד תוכל לשאול שאלות כאלו ולא להיזרק לכלא?""",
332,7,5,34,3,5,6,255,118,"""The Guild is truly your home away from home.""","""הגילדה היא כמו הבית השני שלך.""",
332,7,5,35,1,5,255,118,6,"""I am known as 'The Chief'.""","""אני ידוע כ'הרב'.""",
332,7,5,36,1,5,95,76,131,"""He is the Sheriff's goon.""","""הוא הבריון של השריף.""",
332,7,5,37,1,5,6,196,94,"""Those who do not pay their union dues are the lowest form of life.""","""אלה שאינם משלמים את דמי החבר באיגוד, הרי הם צורות החיים השפלות ביותר.""",
332,7,5,38,1,5,89,89,93,"""Now that would be telling.""","""נחיה ונראה.""",
332,7,5,39,1,5,1,86,22,"""The Sheriff provides a useful service in this town.  He arrests anyone too stupid or unlucky to be a good thief.""","""השריף מספק לעיירה שירות מאוד חיוני. הוא עוצר את כל מי שאין לו את הכישורים המתאימים להיעשות גנב טוב.""",
332,7,5,40,1,5,242,80,22,"""Someone is leaking our insider information to the Brigands.  You just can't trust anyone these days.""","""מישהו מדליף את המידע הפנימי שלנו לגנבים. אתה לא יכול לסמוך היום על אף אחד.""",
332,7,5,41,1,5,70,252,80,"""I have had beginners before, but this guild reached a new low when you joined.  Child, you are a thief.  Stealing is how you make a living.""","""היו לי טירונים בעבר, אבל הגילדה ירדה לשפל חדש כשאתה הצטרפת. ילד, אתה גנב. גניבה היא הפרנסה היחידה שלך.""",
332,7,5,41,2,5,157,66,130,"""So go out there and steal something and hopefully you'll get, that is, you won't get caught.""","""אז צא בחוץ ותגנוב משהו בתקווה שתיתפ..., כלומר, שלא תיתפס.""",
332,7,5,42,1,5,152,11,192,"""There are only a few members of our Guild still around here.  With the snow and the brigands keeping away the tourists, it's hard to earn a decent living.""","""חברי גילדה בודדים נמצאים כרגע עמנו. עם כל השלג והשודדים שמבריחים את התיירים, קשה עד בלתי אפשרי להרוויח משהו.""",
332,7,5,43,1,5,71,20,38,"""Don't get caught.""","""אל תיתפס.""",
332,7,5,44,1,5,6,38,255,"""We will gladly sell you for a modest fee a lock pick.  However, for the true professional, we have a Thief Tool Kit which will allow you to pick anything with a little practice.  Just talk to Boris.""","""בשמחה נמכור לך כלי פריצה תמורת תשלום צנוע. יחד עם זאת, למקצוענים אמיתיים, יש לנו ערכת גנבים שתקנה לך את היכולת לסחוב כל דבר עם קצת תרגול. דבר רק עם בוריס.""",
332,7,5,45,1,5,141,70,236,"""There are a few places around town where a clever and skilled thief can make some silver.  Perhaps even you could steal something.""","""ישנם כמה מקומות ברחבי העיירה שבהם גנב פיקח ומיומן יכול לעשות קצת כסף. אולי אפילו תצליח לגנוב משהו.""",
332,7,16,0,1,5,196,8,22,"""Try it, and I'll slit you from guggle to zatch!""","""רק תעז לנסות, ואשסף אותך מרישא ועד סיפא!""",
332,7,52,0,1,5,242,80,22,"""What do you think this is, your home?  Crusher, deal with this deadbeat.""","""מה אתה חושב שזה, הבית שלך? מרסק, טפל בפרזיט הזה.""",
332,8,1,0,1,99,70,252,80,It looks like yesterday's unfinished dinner.,נראים כמו שאריות ארוחת הערב שנותרו מאמש.,
332,9,1,0,1,5,66,130,7,"""Crusher is our personnel manager.""","""המרסק הוא מנהל מחלקת משאבי אנוש שלנו.""",
332,9,2,0,1,99,141,134,216,Crusher ignores you.,המרסק מתעלם ממך.,
332,9,4,0,1,99,154,143,65,"Crusher is his usual, amiable self (every bit the Goon).","המרסק, חביב כהרגלו, הוא ""בריון בכל רמ""ח איבריו"".",
332,9,16,0,1,99,51,192,80,"While Crusher's leathery skin might make a good strop for your daggers, you don't think you'd enjoy being compressed to something the size of a softball by an angry Goon.","למרות שעורו המחוספס של המרסק עשוי להיות מטרה טובה לפגיונותיך, אתה לא חושב שתיהנה להידחס למשהו בגודל של כדור בסיס על ידי בריון זועם.",
332,10,1,0,1,99,22,141,134,"The daggers are nicely made, and apparently designed for throwing.  Besides the Chief Thief's seemingly endless collection, there are two matched sets with differently-colored hilts for playing Dag-Nab-It.","הפגיונות מעוצבים להפליא, וניכר שתוכננו בעיקר לזריקה. מלבד האוסף הלכאורה אינסופי של הרב גנב, ישנן שתי ערכות תואמות עם קתות בצבעים שונים שנועדו למשחק הפגיון-פי-מליון.",
332,10,4,0,1,99,80,22,141,Stealing from a dagger-throwing thief?   That's a dangerous -- and stupid -- idea!,לגנוב מגנב מטיל-פגיונות? זה רעיון מסוכן -- וטפשי!,
332,11,1,0,1,99,130,7,131,"The opening in the door is covered with a wire grate, but there is space below it where objects can be passed through.  The mysterious-looking man on the other side is Boris, the cashier and fence for the Guild.","הפתח בדלת מסורג בשבכה, אך מתחתיו יש רווח קטן שדרכו ניתן להעביר חפצים. האיש המסתורי למראה מהצד השני הוא בוריס, גזבר וסייף הגילדה.",
332,11,17,0,1,99,80,154,14,Picking locks in the Thieves' Guild is a singularly stupid idea.,לפרוץ מנעולים בגילדת הגנבים זה רעיון מטופש מאין כמוהו.,
332,12,1,0,1,99,255,118,8,Affects how far knife flies.,משפיע על מרחק הטיסה של הסכין.,
332,12,4,0,1,99,139,31,255,Place hand on slider.,הנח ידך על המחוון.,
332,13,1,0,1,99,134,216,254,The knife the Chief Thief threw.,הסכין שהשליך הרב גנב.,
332,13,4,0,1,99,89,139,240,"Stealing from a dagger-throwing thief?
That's a dangerous (and stupid) idea!",לגנוב מגנב מטיל-פגיונות? זה רעיון מסוכן -- וטפשי!,
332,14,1,0,1,99,255,118,6,The ladder up to the tavern is very sturdy.  It has to be to support Crusher's weight.,הסולם לבית המרזח יציב מאוד. עליו לתמוך במשקלו של המרסק.,
332,15,1,0,1,99,95,44,89,"It's a prelude to the modern electric bulb, a marked improvement over darkness.  ","זהו אב טיפוס של נורת החשמל המודרנית, ניצחון האור על החושך.",
332,16,1,0,1,99,139,236,86,A dagger is strategically located on the table.,פגיון מונח במיקום אסטרטגי על השולחן.,
332,16,4,0,1,99,70,8,116,Stealing from a dagger-throwing thief?   That's a dangerous -- and stupid -- idea!,לגנוב מגנב מטיל-פגיונות? זה רעיון מסוכן -- וטפשי!,
332,17,1,0,1,99,255,118,6,Even thieves get thirsty.,אפילו גנבים צריכים לשתות מדי פעם.,
332,18,0,46,1,99,6,247,198,"This dark, seedy place is less than you expected of a Thieves' Guild.  You feel uneasy about the sinister mood here. ",המקום האפל והמוזנח הוא פחות ממה שציפית מגילדת גנבים. האווירה המרושעת גורמת לך לזוע בחוסר נוחות.,
332,18,0,46,2,99,255,118,6,"The man seated by the table greets you with a scowl;  Crusher is his usual, amiable self;  and you can't quite make out what lurks behind that massive door.","האדם הישוב על יד השולחן מברך אותך בפנים זעופות, המרסק חביב כהרגלו, ואתה לא לגמרי מבין מה אורב מאחורי הדלת המסיבית.",
332,18,0,47,1,99,235,0,235,"The door is locked, and Boris won't let you in.","הדלת נעולה, ובוריס לא יתן לך להיכנס.",
332,18,1,0,1,99,139,236,196,The floor is surprisingly clean compared to the bar above.  The plaster is chipping in several places.  This place gives you the creeps.,הרצפה נקייה באופן מפתיע בהשוואה לבר שמעליה. הטיח מתקלף במספר מקומות. המקום הזה עושה לך צמרמורת.,
332,18,4,0,1,99,139,87,6,You're probably wondering if there is any honor among thieves.,אתה בטח שואל את עצמך האם יש איזשהו כבוד בסיסי בין גנבים.,
332,18,28,0,1,99,38,137,87,"""That ring belongs to the Healer.  You better give it to her before she gets mad."" ","""הטבעת שייכת  למרפאה. כדאי שתמסור לה את זה לפני שהיא תתחיל להתעצבן.""",
332,19,1,0,1,99,154,245,43,The table is as rough as the man sitting next to it.,השולחן גס כמו האיש שיושב על ידו.,שיניתי היושב לשיושב
332,20,1,0,1,99,11,154,245,Dag-Nab-It board.,לוח פגיון-פי-מליון.,
332,21,1,0,1,99,139,240,139,The trapdoor allows access to the bar above.,דלת הסתרים מאפשרת גישה לבר שממעל.,
332,22,1,0,1,99,139,236,235,Don't open the lid!  Who knows what will jump out?!,אל תפתח את המכסה! מי יודע מה יקפוץ החוצה?!,
332,23,1,0,1,99,234,45,130,The barred window lets in the foul stench from the alley.,דרך החלון המסורג חודרת צחנת סירחון מהסימטה.,
333,1,4,0,1,99,114,25,32,The barrel is too heavy to pick up.,החבית כבדה מדי.,
333,1,1,0,1,99,127,32,127,"The barrels are empty, and smell of sour beer.",החביות ריקות ומצחינות מבירה חמוצה.,
333,2,0,1,1,14,127,32,127,"""Alms?  Alms for the poor?"" ","""צדקה? צדקה לעניים?""",
333,2,0,2,1,14,127,32,127,"""A word of warning to you -- don't drink the Dragon's Breath!"" ","""אזהרה קטנה בשבילך -- אל תשתה מנשימת הדרקון!""",
333,2,5,3,1,14,127,32,127,"""A Beggar gets cash only when others get cash, and nobody's got much money here right now, 'cept maybe the Brigands."" ","""קבצן מרוויח כסף רק כשאחרים מרוויחים כסף, ולאף אחד אין כסף היום, אולי חוץ מהשודדים.""",
333,2,5,4,1,14,112,67,112,"""Rumor has it someone smart took over.  Organized them, trained them -- that sort of thing, maybe.  Nowadays, no one's safe outside of town."" ","""השמועות אומרות שמישהו חכם תפס פיקוד. אירגן אותם, אימן אותם -- דברים מהסוג הזה. בתקופה זו, אף אחד לא בטוח מחוץ לעיירה.""",
333,2,5,4,2,14,112,110,112,"""Up to that time, the Brigands were just pains -- dumb guys who sometimes tried to beat up traders outside of town.""  ","""עד אז, השודדים היו סתם חבר'ה משועממים שניסו לתת מכות לסוחרים בפתח העיירה.""",
333,2,5,4,3,14,112,120,112,"""They sure hurt business.  No one's getting rich but them."" ","""הם בהחלט פוגעים בעסקים. אף אחד לא מתעשר מלבדם.""",
333,2,5,5,1,14,31,32,31,"""There's honest work up at the Baron's castle, I hear.  But begging's my business."" ","""ישנן עבודות מכובדות בטירת הברון, כך שמעתי. אבל אני לא עוזב את תחום הקבצנות.""",
333,2,5,6,1,14,31,32,31,"""I heard Amblin got scared of the Brigands and decided to move away. I still remember the taste of his cider, it was so good.  It was called, 'Amblin Entertainment' from Spielburg.""  ","""שמעתי שאמבלין נבהל מהשודדים ובחר לעקור מהמקום. אני עדיין זוכר את טעם הסיידר שלו, כל כך טוב הוא היה. קראו לו 'אמבלין שעשועים' משפילבורג.""",
333,2,5,7,1,14,31,32,31,"""He works at the tavern.  He lives up to his name."" ","""הוא עובד בבית המרזח. הוא חי את החלום.""",
333,2,5,8,1,14,31,32,31,"""Nobody's ever lived to tell what the Night Gaunts are.  I sure don't want to find out.""","""אף אחד לא נתקל בשדופי לילה ושרד כדי לספר. אני בהחלט מעדיף שלא לדעת.""",
333,2,5,9,1,14,31,32,31,"""I have lots of luck, it's just that it's bad."" ","""יש לי הרבה מזל, חבל שהוא רע.""",
333,2,5,10,1,14,127,186,127,"""My name is Sam.  I've lived here for five years now, and I think I'll be heading on once the pass clears of snow.  There's supposed to be some good begging towns to the south.  Nice talking to you.  Alms for the poor, Alms!"" ","""שמי סם. אני מתגורר כאן מזה חמש שנים, וכנראה שאמשיך בנדודי ברגע שהמשעולים יפונו מהשלג. אומרים שהקבצנות משגשגת בעיירות הדרום. היה נחמד לדבר איתך. צדקה לעניים, צדקה!""",
333,2,5,11,1,14,127,32,127,"""I remember when people used to stroll around town after dark.  There's a spell on Spielburg so that it glows at night.  Now, the only people out late are the thieves."" ","""אני זוכר שאנשים היו מתהלכים בעיירה לאחר רדת החשיכה. קסם מוטל על שפילבורג שמאיר בלילות. כעת, היחידים ששוהים בחוץ עד מאוחר הם הגנבים.""",
333,2,5,11,2,14,127,32,127,"""And out of town, man, you don't dare be out there without a light when the sun goes down.  The Night Gaunts'll get you."" ","""ומחוץ לעיירה, בן אדם, שלא תעז לשוטט שם ללא תאורה לאחר שהשמש שקעה. שדופי הלילה ישיגו אותך.""",
333,2,5,12,1,14,127,32,127,"""Heard Silmaria is a good place to be.  It's by the sea.  Think I'll head there after this."" ","""שמעתי כי סילמריה היא מקום טוב לחיות בו. היא על יד חוף הים. חושב לעבור לשם ביום מן הימים.""",
333,2,5,13,1,14,127,32,127,"""I've heard talk that some kind of magic keeps things peaceful around here. Folks just don't feel like fighting in town, 'cept maybe Crusher.""  ","""שמעתי דיבורים על איזשהו קסם ששומר כאן על האווירה השלווה. לאנשים פשוט לא מתחשק להילחם בתחום העיירה, אולי חוץ מהמרסק.""",
333,2,5,13,2,14,127,32,127,"""Kind of wonder about this alley at times, though.  Feels funny -- sort of like the spell missed it.  It's dark at night, too.""  ","""אני תוהה מדי פעם מה הסיפור של הסימטה הזאת. משהו מוזר -- כאילו שהקסם פספס אותה. חשוך כאן בלילות.""",
333,2,5,14,1,14,127,32,127,"""I'm not usually bothered by them, since I don't have much to steal.  They are around, though.  It's not safe to sleep in the streets at night.  Outside you get eaten, inside you get robbed.""  ","""לרוב אני לא מוטרד מהם, שכן אין הרבה מה לגנוב ממני. אם כי נוכחותם מורגשת. לא בטיחותי לישון ברחוב בלילות. בחוץ אוכלים אותך, בפנים שודדים אותך.",
333,2,5,15,1,14,127,32,127,"""Tourists used to come here regularly for the Spielburg Cider Festival. After the cider industry closed, not much point for the festival without the cider part.""  ","""תיירים נהגו לבוא לכאן דרך קבע לרגל פסטיבל הסיידר המסורתי של שפילבורג. לאחר קריסת תעשיית הסיידר, לא נותר טעם לקיים פסטיבל סיידר בלי סיידר.""",
333,2,5,16,1,14,127,32,127,"""Understand this used to be a great place to be.   Traders going in and out; tourists coming and going... perfect begging conditions."" ","""תבין שבעבר היה זה מקום נהדר להיות בו. סוחרים באים והולכים; תיירים נכנסים ויוצאים... תנאי קבצנות מושלמים.""",
333,2,5,16,2,14,127,32,127,"""Things were starting to dry up about the time I got here, just my luck.  The Brigands started getting tough."" ","""העניינים התחילו להתדרדר בערך כשהגעתי לכאן, עם המזל שלי לא ציפיתי אחרת. השודדים התחילו לאזור אומץ.""",
333,2,5,17,1,14,127,32,127,"""Traders used to stop here on the way south to pick up barrels of some special cider made here by a guy named Amblin."" ","""סוחרים היו עוצרים כאן בדרכם דרומה על מנת לרכוש חביות של סיידר משובח מתוצרת בן המקום, בחור בשם אמבלין.""",
333,2,5,18,1,14,127,32,112,"""You can get a job cleaning the Baron's stable, I understand.  It's good work if you want to build up your muscles or have a place to spend the night, but you won't get rich.  I'd rather beg, myself.""","""אתה יכול להשיג עבודה בתור מנקה אורוות, כך הבנתי. זה מעולה לפיתוח שרירים, או למציאת מקום לינה, אך לא מוביל להתעשרות. אני אישית מעדיף להמשיך לשנורר.""",
333,2,4,0,1,99,112,99,112,Stealing from a beggar is not a heroic action.,גניבה מקבצן אינה מעשה גבורה.,
333,2,32,0,1,14,127,32,127,"""Thank-you.  I really like apples."" ","""תודה רבה. אני ממש אוהב תפוחים.""",
333,2,1,19,1,99,127,32,127,A thin man with very patched clothing holds out an empty bowl.  It's the standard Beggar's bowl every beggar is issued when he graduates from an acredited Beggar's School.,איש רזה לבוש בגדים טלואים אוחז בקערה ריקה. זאת קערת קבצנים תקנית שמקבלים הסטודנטים שמסיימים את חוק לימודיהם בכל אחד מבתי הספר המוכרים ללימודי קבצנות.,
333,2,1,20,1,99,127,32,127,A thin man with very patched clothing holds out a bowl containing only your kind contribution.,איש רזה לבוש בגדים טלואים אוחז בקערה שמכילה אך ורק את תרומתך הנדיבה.,
333,2,10,0,1,14,112,101,112,"""Thanks.  You know, it's really tough trying to make a living begging in this town since the brigands started scaring all the trade away.""  ","""תודה. אתה יודע, קשה מאוד בימינו להתפרנס מקבצנות בעיירה הזאת מאז שהשודדים הבריחו את כל הסוחרים.""",
333,2,10,0,2,14,112,32,112,"""This used to be such a nice place to live.  My advice to you is not to take up begging.  It just doesn't pay.  And don't go out at night."" ","""פעם זה היה מקום נחמד לגור בו. עצתי היא לך, אל תבחר במקצוע הקבצנות. לא עושים ממנו כסף. ואל תסתובב בחוץ בלילות.""",
333,2,10,21,1,14,112,99,112,"""Looks like you're about as broke as I am!""","""עושה רושם שאתה תפרן לא פחות ממני!""",
333,2,33,0,1,14,127,32,127,"""Thank-you.  Hilde's vegetables are always good."" ","""תודה רבה. הירקות של הילדה תמיד טעימים להפליא.""",
333,2,2,3,1,14,127,32,127,Begging,קבצנות,
333,2,2,4,1,14,127,186,127,Brigands,שודדים,
333,2,2,22,1,14,48,32,48,Brigand,שודד,
333,2,2,5,1,14,48,108,48,Cash,מזומן,
333,2,2,6,1,14,48,116,48,Cider,סיידר,
333,2,2,7,1,14,48,32,48,Crusher,מרסק,
333,2,2,8,1,14,31,32,31,Gaunts,שדופים,
333,2,2,9,1,14,31,32,31,Luck,מזל,
333,2,2,20,1,14,31,32,31,"""Silver for the poor, Gold for the poor."" ","""כסף לעניים, זהב לעניים.""",
333,2,2,10,1,14,31,32,31,Name,שם,
333,2,2,11,1,14,31,32,31,Night,לילה,
333,2,2,23,1,14,127,32,127,"""About time I got back to work.  Alms for the poor.  Alms!"" ","""הגיע הזמן לחזור לעבודה. צדקה לעניים. צדקה!""",
333,2,2,12,1,14,127,32,48,South,דרום,
333,2,2,13,1,14,48,67,48,Spell,קסם,
333,2,2,14,1,14,48,110,48,Thieves,גנבים,
333,2,2,15,1,14,48,108,48,Tourists,תיירים,
333,2,2,16,1,14,127,32,127,Spielburg,שפילבורג,
333,2,2,17,1,14,127,32,127,Traders,סוחרים,
333,2,2,18,1,14,127,32,127,Work,עבודה,
333,3,1,0,1,99,127,32,127,The back wall is one of the best examples of a perpendicular wall that you have ever seen.  It reminds you of the time when you thought about climbing Mount Everest.,החומה האחורית היא אחת הדוגמאות הטובות ביותר שראית מימיך לחומה אנכית. זה מזכיר לך את הזמנים שעוד חלמת לטפס על האוורסט.,
333,4,1,0,1,99,127,32,127,An early model of a hot dog stand -- or could it be a hamburger stand?,דגם מוקדם של דוכן נקניקיות -- או שמא זה דוכן המבורגרים?,
333,5,1,24,1,99,127,32,127,You can't make them out from here.,אתה לא יכול לראות אותם מכאן.,
333,5,1,25,1,99,127,32,127,"Some sharp, pointy object appears to have been thrown at these walls several times. ",כמה חפצים חדים וזקורים הושלכו על החומות פעמים רבות.,
333,6,0,26,1,99,127,32,127,You'd better not try to climb the wall any more right now.  You've been at this long enough that someone is likely to notice.,כרגע לא כדאי שתנסה שוב לטפס על החומה. היית ככה קרוב שמישהו יבחין בך.,
333,6,0,27,1,99,127,32,127,You'll need more practice before you'll be able to climb this wall.,תזדקק לאימון נוסף בטרם תוכל לטפס על החומה.,
333,6,0,28,1,99,127,32,127,Leave the climbing to those who know how.,תשאיר את הטיפוסים למי שמבין בזה.,
333,6,0,29,1,99,127,32,127,"This grubby place must be an alley.  It feels strange here, colder than the rest of town.  There are some barrels discarded here.  A Beggar holds out a bowl towards you.","המקום המטונף נראה כמו סימטה. זה מרגיש לך קצת מוזר, צונן יותר משאר העיירה. כמה חביות מתגוללות כאן. קבצן מושיט לך קערה.",
333,6,4,29,1,99,127,32,127,Nice place.  How does this guy expect to make a living begging in this alley.,מקום נחמד. איך הבחור מצפה להתפרנס מקבצנות בסימטה הזאת?,
333,6,1,29,1,99,127,32,127,"The walls seem pretty normal, but there are some curious marks at the north ends of the buildings.","הקירות נראים רגילים לחלוטין, אם כי כמה סימנים מוזרים ניכרים על גבי המבנים הצפוניים.",
333,7,1,0,1,99,127,32,127,The barrels are empty.  One smells of sour beer.  Another barrel reeks of Troll's Sweat.,החביות ריקות. האחת מצחינה מבירה חמוצה. השניה מדיפה ריח של זיעת טרול.,
333,8,1,0,1,99,127,32,127,The sky is a piercing blue with scudding white clouds.,הרקיע צבוע בכחול בוהק ומנוקד בעננים לבנים.,
333,8,1,11,1,99,127,32,127,The evening is clear and the stars are bright. Dark clouds pass over the moon.,הערב בהיר והכוכבים נוצצים. עננים צחורים שועטים על פני הירח.,
334,1,4,0,1,99,127,205,127,The barrel is too heavy to pick up.,החבית כבדה מדי.,
334,1,1,0,1,99,127,205,127,"The barrels are empty, and smell of sour beer.","החבית ריקה, צחנת בירה חמוצה עולה ממנה.",
334,2,4,0,1,99,127,87,127,The barrel is too heavy to pick up.,החבית כבדה מדי.,
334,2,1,0,1,99,127,110,127,Looks like this barrel once contained Dragon's Breath.  The bottom's eaten out.,דומה כי החבית הכילה פעם נשימת דרקון. התחתית אכולה.,
334,3,4,0,1,99,127,205,127,That's a pretty tall wall.,החומה גבוהה למדי.,
334,3,4,1,1,99,127,205,127,That wall sure is tall.  You'll need to practice some more before you'll be ready to climb it.,החומה גבוהה ללא שמץ של ספק. תצטרך להתאמן עוד בטרם תהיה מוכן לטפס עליה.,
334,3,4,2,1,99,127,205,127,You'd better not try to climb the wall any more right now.  You've been at this long enough that someone is likely to notice.,כרגע לא מומלץ לנסות לטפס שוב על החומה. אתה ככה היית קרוב שמישהו יבחין בך.,
334,3,4,3,1,99,127,32,127,Leave the climbing to those who know how.,תשאיר את הטיפוסים למי שמבין בזה.,
334,3,1,0,1,99,127,32,127,The back wall is one of the best examples of a perpendicular wall that you have ever seen.  It reminds you of the time when you thought about climbing Mount Everest.,החומה האחורית היא אחת הדוגמאות הטובות ביותר שראית מימיך לחומה אנכית. זה מזכיר לך את הזמנים שעוד חלמת לטפס על האוורסט.,
334,4,1,0,1,99,127,32,127,You just see a glint from here.,אתה רק רואה נצנוץ מכאן.,
334,4,1,4,1,99,127,32,127,It's a glowing golden coin.,מטבע זהב זוהרת.,
334,5,1,0,1,99,127,32,127,An early model of a hot dog stand -- or could it be a hamburger stand?,דגם מוקדם של דוכן נקניקיות -- או שמא זה דוכן המבורגרים?,
334,6,1,5,1,99,127,32,127,You can't make them out from here.,אתה לא יכול לראות אותם מכאן.,
334,6,1,4,1,99,127,32,127,Some sharp object appears to have been thrown at these walls several times.,כמה חפצים חדים וזקורים הושלכו על החומות פעמים רבות.,
334,7,0,6,1,99,127,32,127,This place seems sinister at night.  Some strange object is glowing at the other end of the alley.,המקום נראה מבשר רעות בלילה. כמה עצמים לא מזוהים מנצנצים בקצה הסימטה.,
334,7,4,7,1,15,127,32,127,"""You mean that the first victim we've had in months is a thief?  Here I thought we were finally going to make some money.""","""אתה מתכוון שהקורבן הראשון שהיה לנו זה חודשים היה גנב? ואני עוד חשבתי שסוף סוף נתחיל לעשות קצת כסף.""",
334,7,4,7,2,15,112,32,112,"""Tell Crusher that the password is 'schwertfisch'.  He's in the tavern."" ","""תגיד למרסק שהסיסמה היא 'שוורץ פיש'. הוא בבית המרזח.""",
334,7,4,7,3,15,112,32,112,"""Now go before I forget you made the sign and I make you pay anyway.""","""עכשיו רוץ לפני שאשכח שעשית את האות ואכריח אותך לשלם.""",
334,7,4,8,1,15,112,32,112,"""You had better check in at the Thieves' Guild before you get in trouble for practicing without a license.  Find Crusher in the tavern, and give him the password.""","""מוטב שתירשם בגילדת הגנבים לפני שתתחיל לחטוף קנסות על אימונים ללא רשיון. חפש את המרסק בבית המרזח ומסור לו את הסיסמה.""",
334,7,4,9,1,15,112,98,112,"""What's that supposed to be?  You trying to pretend you're a thief or something?  Har, har.""","""מה זה אמור להביע? אתה מנסה להתחזות לגנב או משהו? האר, האר.""",
334,7,4,10,1,99,112,109,112,The thieves seem to be ignoring you.,נדמה כי הגנבים מתעלמים ממך.,
334,7,4,11,1,99,112,105,112,The whole place is in need of repair.,המקום כולו זקוק לשיפוץ רציני.,
334,7,4,12,1,15,112,32,112,"""Yeah, yeah, we know, you're in the Guild too.  How's a poor independent businessman supposed to make a living around here with all this competition?""","""כן, כן, שמענו עליך, אתה גם בגילדה. איך עוסק עצמאי זעיר אמור להרוויח משהו היום עם כל התחרות בחוץ?""",
334,7,4,12,2,15,127,32,127,"""Now go before I forget you made the sign and I make you pay anyway.""","""עכשיו סע לפני שאשכח שעשית את האות ואכריח אותך לשלם.""",
334,7,1,0,1,99,112,32,112,The dagger looks sharp and very deadly.,הפגיון נראה חד וקטלני ביותר.,
334,7,1,11,1,99,112,32,112,"The walls seem pretty normal, but there are some curious marks at the north ends of the buildings.","החומות נראות רגילות לחלוטין, אם כי כמה סימנים מוזרים ניכרים על גבי המבנים הצפוניים.",
334,7,1,13,1,99,112,32,112,"This man may be smiling at you, but he doesn't seem very friendly.  His florid face tells you that this thief is a regular at the ""Aces and Eights"" tavern. ","הבחור אמנם מחייך אליך, אבל החביבות ממנו והלאה. פניו הסמוקות מלמדות כי גנב זה הינו לקוח קבוע במסבאת ""אסים ושמיניות"".",
334,7,1,14,1,99,112,32,112,"This man may be smiling at you, but he doesn't seem very friendly.  He may be short, but that dagger makes him look 7 feet tall.","הבחור אמנם מחייך אליך, אולם החביבות ממנו והלאה. יכול להיות שהוא נמוך, אבל הפגיון שברשותו גורם לו להיראות בגובה 2 מטר לפחות.",
334,8,0,15,1,15,112,32,112,"""See that dagger?  The next one is centered on your back."" ","""רואה את הפגיון הזה? בפעם הבאה הוא יתמקד בגב שלך.""",
334,8,0,15,2,15,112,32,112,"""Give Sneak there your cash and you walk out of here.  It's a simple trade, your life for your money."" ","""תן לגניבא את כל ממונך וסע לי מהעיניים. העסקה היא נורא פשוטה, חייך תמורת הכסף.""",
334,8,0,16,1,15,112,32,112,"""That 'Coin Light' spell gets them every time.  See that dagger?  The next one is centered on your back."" ","""לחש ה'כסף קל' תמיד עובד עליהם. רואה את הפגיון הזה? בפעם הבאה הוא יתמקד בגב שלך.""",
334,8,0,16,2,15,127,32,127,"""Give Sneak there your cash and you walk out of here. It's a simple trade, your life for your money.""","""תן לגניבא את כל ממונך וסע לי מהעיניים. העסקה היא נורא פשוטה, חייך תמורת הכסף.""",
334,8,0,17,1,15,112,32,112,"""Aw, ya forgot to pay.  What a shame.""","""אה, שכחת לשלם. כמה חבל.""",
334,8,0,18,1,15,112,32,112,"""Hey, Sneak, this guy's hard of hearing or something.  I told him to stay out of our alley, and he didn't listen.  Let's teach him a little lesson about listening to his betters.""","""הי, גניבא, הבחור הזה סובל מבעיות שמיעה או משהו. אמרתי לו לתפוס מרחק מהסימטה שלנו, אבל הוא לא מקשיב. בוא נלמד אותו שיעור קטן בהאזנה לטובים ממנו.""",
334,8,0,19,1,99,112,119,112,"As Slink reaches for his dagger, you draw your Thieves' Guild license...  You win by a close margin. ","בעוד כייסא מושיט ידו לפגיונו, אתה שולף את רשיון גילדת הגנבים שלך... אתה מנצח בפער קטן.",
334,8,0,20,1,15,112,116,112,"""All right, so you got your license.  How nice.  Guess we don't get to kill you right now.  But stay out of our alley, 'cause we got real short memories, like.""","""בסדר, אז יש לך רשיון. איזה יופי. כנראה שאנחנו לא צריכים להרוג אותך כרגע. אבל תתרחק מהסימטה שלנו, כי יש לנו זיכרון מאוד קצר.""",
334,8,0,21,1,99,112,118,112,"As Slink reaches for his dagger, you draw your Thieves' Guild license...  You *almost* make it. ","בעוד כייסא מושיט ידו לפגיונו, אתה שולף את רשיון גילדת הגנבים שלך... זה היה *כמעט* הסוף שלך.",
334,8,0,22,1,15,112,63,112,"Slink:  ""Hey, Sneak, this guy's hard of hearing or something.  I told him to get a license last time he was here, and he didn't listen.""","""הי, גניבא, הבחור הזה כבד שמיעה או משהו. אמרתי לו להוציא רשיון בפעם האחרונה שהוא ביקר פה, והוא לא הקשיב.""",
334,8,0,22,2,15,112,32,112,"""Let's teach him a little lesson about listening to his betters.""","""הבה נלמד אותו שיעור בהלכות שמיעה לגדולים ממנו.""",
334,8,0,23,1,15,127,32,127,"Slink:  ""Why, how nice to see you again.  I do hope (for your sake) you brought us some nice shiny new silver.""","""כמה נחמד לראותך שוב. אני מאוד מקווה (לטובתך האישית) שהבאת לנו כמה מטבעות כסף חדשות ונוצצות.""",
334,8,16,0,1,99,112,32,112,"As you start to draw your weapon, the thieves jump you.","בעוד אתה מתחיל לשלוף את נשקך, הגנבים מזנקים לעברך.",
334,8,10,24,1,15,112,32,112,"""That's all right; we already have all your money.  But it was certainly nice of you to offer.""","""הכול בסדר. כל הכסף שלך כבר אצלנו, אבל מאוד נחמד מצידך שהצעת.""",
334,8,10,25,1,15,112,32,112,"""Thanks, and have a nice evening.  It's been a pleasure doing business with you.  You can find your way out, I'm sure.  But make it fast, before my dagger slips."" ","""תודה, וערב נעים לכולם. היה תענוג לעשות איתך עסקים. אתה תמצא בקלות את דרכך החוצה, אני בטוח. אך תשתדל לעשות את זה זריז, הפגיון שלי עלול להחליק.""",
334,8,10,26,1,15,112,32,112,"""Hey!  You don't have enough money to be worth our while.  How do you expect us poor independent businessmen to make a living?""","""היי! מעט הכסף שעליך אינו שווה את זמננו. איך אתה מצפה מאיתנו, אנשי המעמד הבינוני, שנתפרנס בצורה כזאת?""",
334,8,69,0,1,15,112,32,112,"""My finger is getting itchy, so just pay up and get out alive.""","""האצבע שלי מתחילה לדגדג, אז תשלם זריז ותברח כשאתה עוד בחיים.""",
334,8,2,0,1,15,112,32,112,"Slink:  ""My finger is starting to get a bit twitchy, so forget about questions, just pay the man and get out alive.""","""האצבע שלי מתחילה טיפה לרעוד, אז בוא נעזוב את השאלות, שלם לבחור וברח על נפשך.""",
334,9,1,0,1,99,112,32,112,The sky is a piercing blue with scudding white clouds.,הרקיע צבוע בכחול בוהק ומנוקד בעננים לבנים.,
334,9,1,27,1,99,127,32,127,The evening is clear and the stars are bright. Dark clouds pass over the moon.,הערב בהיר והכוכבים נוצצים. עננים צחורים שועטים על פני הירח.,
340,1,1,0,1,99,102,97,109,"""Affects where knife goes.""","""משפיע על כיוון הסכין.""",
340,1,4,0,1,99,0,59,48,"""Place hand on red dot.""","""הנח ידך על הנקודה האדומה.""",
340,2,0,1,1,99,47,11,0,"""Hey, nice game.  It's a tie."" ","""הי, משחק נחמד. אנחנו בתיקו.""",
340,2,0,2,1,99,48,17,4,"""You got me that time.  Say, you're pretty tough!"" ","""הפעם ניצחת. תשמע, אתה לא פראייר!""",
340,2,0,3,1,99,0,57,48,"""So, you think you're pretty hot stuff, eh?  Well, we'll see about that."" ","""אז, אתה חושב שאתה תותח, אה? ובכן, אנחנו עוד נראה.""",
340,2,0,4,1,99,104,105,101,"""If you don't bet, you can't play."" ","""מי שלא מהמר, לא משחק.""",
340,2,0,5,1,99,0,57,48,"""It's a tie.  Let's double the wager."" ","""תיקו. בוא נכפיל את ההימור.""",
340,2,0,6,1,99,57,48,29,"""Looks like I won that one.  Must have gotten lucky."" ","""נראה שניצחת הפעם. כנראה סתם מזל.""",
340,2,0,7,1,99,111,102,32,"""Hey!  This is cash on the table.  You can't bet what you don't have."" ","""הי! זה כסף על השולחן. אתה לא יכול להמר על מה שאין לך.""",
340,2,0,8,1,99,48,173,39,"""Now, let's not get carried away."" ","""טוב, בוא לא ניסחף.""",
340,3,1,0,1,99,108,32,104,"""Affects how far knife flies.""","""משפיע על מרחק הטיסה של הסכין.""",
340,3,4,0,1,99,44,32,97,"""Place hand on slider.""","""הנח ידך על המחוון.""",
340,4,0,9,1,99,99,97,110,"""It's your hand.""","""זאת היד שלך.""",
340,4,0,10,1,99,101,32,111,No,לא,
340,4,0,11,1,99,5,60,48,Shall we play again?,"""רוצה לשחק שוב?""",
340,4,0,12,1,99,0,0,0,Yes,כן,
340,5,1,0,1,99,32,82,73,"That's the ""Dag-Nab-It"" board. ","זהו לוח ""פגיון-פי-מליון"".",
340,5,1,0,2,99,117,116,32,"The game is called Dag-Nab-It.  You take turns with the Chief Thief throwing daggers at the board.  Each player gets three turns, and throws three daggers in each turn. ","המשחק נקרא פגיון-פי-מליון. אתה משחק בתורות עם הרב גנב בהטלת פגיונות על הלוח. כל שחקן מקבל שלושה תורות, ומטיל שלושה פגיונות בכל תור.",
340,5,1,0,3,99,65,76,83,More points are scored the closer each dagger hits to the center of the board.  Highest score wins the bet.,"ככל שהפגיון פוגע קרוב יותר למרכז הלוח, כך נזקפות נקודות רבות יותר לזכותך. הזוכה במירב הנקודות מנצח בהתערבות.",
340,5,1,0,4,99,33,33,33,"Adjust force and angle of throw with the arrow keys or mouse, according to your hand position.  Press Enter or click on the small dag-nab-it board to throw.  ","כוונן את כוח וזווית ההטלה באמצעות מקשי החיצים או העכבר, בהתאם לתנוחת ידך. לחץ אנטר או הקלק על לוח הפגיון-פי-מליון הקטן כדי להטיל.",
36,1,1,0,1,99,38,4,0,The eastern path is completely blocked by bushes.,הנתיב המזרחי חסום לגמרי על ידי שיחים.,
37,1,1,0,1,99,25,4,0,The grass seems to grow well here.,נראה שהעשב כאן משגשג לתפארת.,נראה שהדשא כאן צומח יפה?
37,2,1,0,1,99,49,46,83,"""This is the Castle of the Baron Stefan von Spielburg, Lord of this Valley.""","טירת הברון סטפן פון שפילבורג, שליט העמק.",
37,3,1,0,1,99,4,0,65,Nobody is here to open the portcullis.,אין כאן מי שיפתח את השער.,
37,4,0,1,1,10,2,116,70,"""Come in.  Come in.  You have been expected.  Baron von Spielburg awaits you in the castle."" ","""יבוא. יבוא. ציפינו לבואך. הברון פון שפילבורג מחכה לך בטירה.""",
37,4,0,2,1,10,0,61,50,"""Well?  Enter the castle grounds!""","""ובכן, היכנס לשטח הטירה!""",
37,4,0,3,1,10,116,111,32,"""Who's there? Come out and show yourself!""","""מי שם? צא מן המסתור והצג את עצמך!""",
37,4,0,4,1,10,101,115,115,"""Are you speaking to me?""","""אתה מדבר אלי?""",
37,4,0,5,1,10,0,0,0,"""Please step where I can see you.""","""הואל בטובך לצעוד למקום שממנו אוכל לראות אותך.""",
37,4,1,0,1,99,194,116,20,You can't see much of the gatekeeper over the battlements.,אתה מתקשה לראות את שומר הסף מעל החומות.,
37,4,2,6,1,10,0,61,50,Baba Yaga,באבא יאגה,
37,4,2,7,1,10,50,116,0,Baroness,ברונית,
37,4,2,8,1,10,56,7,85,Baron,ברון,
37,4,2,9,1,10,65,7,0,Barnard,ברנרד,
37,4,2,10,1,10,74,7,8,Brigands,שודדים,
37,4,2,11,1,10,80,7,203,Castle,טירה,
37,4,2,12,1,10,103,7,12,Curse,קללה,
37,4,2,13,1,10,130,7,0,Elsa,אלסה,
37,4,2,14,1,10,153,7,11,Graveyard,בית קברות,
37,4,2,15,1,10,172,7,8,Guards,שומרים,
37,4,2,16,1,10,195,7,214,Hero,גיבור,
37,4,2,17,1,10,233,7,94,Hut,בקתה,
37,4,2,18,1,10,51,8,38,Job,עבודה,
37,4,2,19,1,10,106,8,0,Open Gate,שער פתוח,
37,4,2,20,1,10,177,8,62,Brigand Leader,מנהיג השודדים,
37,4,2,21,1,10,223,8,86,Loss,אובדן,
37,4,2,22,1,10,253,8,244,Brigand Warlock,מכשף השודדים,
37,4,2,23,1,10,30,9,250,Monsters,מפלצות,
37,4,2,24,1,10,66,9,87,Name,שם,
37,4,2,25,1,10,112,9,214,Protection,הגנה,
37,4,2,26,1,10,150,9,248,Reward,פרס,
37,4,2,27,1,10,185,9,17,Stable,אורווה,
37,4,2,28,1,10,198,9,139,Treasure,אוצר,
37,4,2,29,1,10,100,10,199,Valley,עמק,
37,4,2,30,1,10,124,10,184,Yorick,יוריק,
37,4,4,31,1,10,225,10,8,"""Very well.""","""בסדר גמור.""",
37,4,4,32,1,10,5,11,196,"""Just a minute while I raise the gate."" ","""המתן דקה כשאני מעלה את השער.""","אם כבר רשמיים, אז שנה תמתין להמתן"
37,4,5,6,1,10,56,11,144,"""The powerful Ogress Baba Yaga is the cause of all the Baron's misfortune.  She is a vile creature who knows much magic.""","""העוגית העוצמתית היא הסיבה לכל צרותיו של הברון. היא יצור שפל שמתמחה בקסם.""",
37,4,5,7,1,10,78,11,252,"""The Baroness died soon after the birth of her daughter.  The Baron still mourns for her.""","""הברונית מתה זמן קצר לאחר שבתה הגיחה לאוויר העולם. הברון מתאבל עליה עד עצם היום הזה.""",
37,4,5,8,1,10,229,11,196,"""My Lord sees no one since the loss of his son and daughter.""","""אדוני אינו רואה איש מאז שאיבד את בנו ובתו.""",
37,4,5,9,1,10,3,12,131,"""The Baronet Barnard von Spielburg was a proud young man with the dark hair and eyes of his father, the Baron.""","""הבארונט ברנדרד פון שפילבורג היה נער חסון וגאה שירש את שערו הכהה ועיניו מאביו הברון.""",
37,4,5,9,2,10,159,12,38,"""He rode off one morning and his horse returned without him.  The horse had been raked by the claws of some large animal.""","""בוקר אחד הוא יצא לרכוב וסוסו חזר בלעדיו. בשרו של הסוס נסרק על ידי טפרים של חיה גדולה.""",
37,4,5,9,3,10,195,12,124,"""There is still a reward offered for the safe return of the Baronet, but I fear he is dead.""","""הפרס המוצע עבור השבתו בשלום של הבארונט עדיין שריר וקיים, אולם חוששני כי הוא אינו עוד בין החיים.""",
37,4,5,10,1,10,80,13,43,"""There are now too few guards to take out the brigands which rob our people and drive away the traders.""","""מעט השומרים שנותרו אינם מסוגלים להשתלט על השודדים שעושקים את אנשינו ומבריחים את הסוחרים.""",
37,4,5,10,2,10,97,13,118,"""They hide somewhere near the edge of this valley.  The brigands are protected by a magic user and they have a shrewd leader."" ","""הם מסתתרים אי שם על יד שפת העמק. השודדים מוגנים על ידי עוסק בקסמים ומנהיג ממולח עומד בראשם.""",
37,4,5,11,1,10,157,13,31,This is the castle of the Baron Stefan von Spielburg.,"""זוהי הטירה של הברון סטפן פון שפילברג.""",
37,4,5,12,1,10,172,13,2,"""The Baron ordered Baba Yaga to leave and she first cursed the graveyard.  When he then sent the Baronial Guards after her, only the captain returned to the castle.""","""הברון ציווה על באבא יאגה לעזוב והיא קיללה תחילה את בית הקברות. בתגובה הוא שלח אחריה את משמר הברונות, והיחיד שחזר בחיים מהמשימה היה המפקד.""",
37,4,5,12,2,10,21,14,11,"The Captain spoke the words, ""Hear me, oh mighty Baron.  Thou hast angered me, and thus you are cursed.  All that you value shall you lose; all that you treasure shall be taken from you,"" in a strange voice.  ","המפקד דיקלם את המילים, ""שמע בקולי, הו ברון אדיר. יען אשר הכעסתני, לכן קללה תבוא על ראשך. כל אשר יקר לליבך אבד תאבד; כל אשר הינך מוקיר ונוצר ילקח מעמך,"" בקול מוזר.",
37,4,5,12,3,10,64,14,10,"""The captain then dissolved into a pool of sticky blackness.""","""מיד לאחר מכן התמוסס המפקד לבריכה של עלטה דביקה.""",
37,4,5,13,1,10,120,14,118,"""Elsa von Spielburg was a lovely young child with braided brown hair and bright blue eyes, like her mother, the Baroness, used to have.""","""אלסה פון שפילבורג היתה עלמה צעירה יפייפיה ולה שיער בלונדיני קלוע ועיניים תכולות בהירות שאותם ירשה מאמה הברונית.""",
37,4,5,13,2,10,145,14,131,"""A large winged creature flew over the castle walls, grabbed Elsa, and vanished before the guards could fire upon it.  We searched everywhere for her, but to no avail.""","""יצור מעופף ענק חצה בטיסה את חומות הטירה, חטף את אלסה, ונעלם בטרם הספיקו השומרים לירות לכיוונו. חיפשנו אחריה בכל מקום, אך העלינו חרס בידינו.""",
37,4,5,13,3,10,122,15,176,"""Even the jester Yorick joined the search for her."" ","""אפילו יוריק הליצן הצטרף למשלחות החיפושים.""",
37,4,5,13,4,10,147,15,85,"""The Baron sent a troop of guards to storm Baba Yaga's hut, but I think their skulls sit atop her fence.  Elsa von Spielburg would be about eighteen now."" ","""הברון שלח גדוד שומרים שיסתערו על בקתת באבא יאגה, אך כמדומני שגולגלותיהם מפארות עד היום את הגדרות מסביב. אלסה פון שפילבורג צריכה להיות היום בת שמונה עשרה לערך.""",
37,4,5,14,1,10,248,15,118,"""Baba Yaga cursed the graveyard such that the dead can not rest at night.  One cannot go near the graveyard at dark without risking one's own death unless one uses protection.""","""באבא יאגה קיללה את בית הקברות שנשמות המתים לא ידעו מנוח בלילות. מאז כל העובר על יד בית הקברות לאחר רדת החשיכה ללא אמצעי הגנה מתאים, שם את נפשו בכפו.""",
37,4,5,15,1,10,33,16,131,"""The Baron von Spielburg lost most of his guards trying to defeat Baba Yaga.""","""הברון פון שפילבורג איבד את רוב שומריו בנסותו להביס את באבא יאגה.""",
37,4,5,16,1,10,147,16,1,"""'Hero of the Realm of Spielburg' is a title of respect and honor.  A true hero can release this land from its curse by using intelligence and courage.""","""'גיבור ממלכת שפילבורג' הוא תואר לשם כבוד והוקרה. גיבור אמיתי יכול לשחרר את הארץ מהקללה המוטלת עליה בעזרת תבונתו ואומץ ליבו.""",
37,4,5,17,1,10,186,16,116,"""Baba Yaga has her hut to the northwest.  It is a very dangerous place and many Baronial Guards were lost there.""","""באבא יאגה בנתה את בקתתה לרוח צפון מערב. מאוד מסוכן להתקרב לשם ושומרים ברוניים רבים מצאו בה את מותם.""",
37,4,5,18,1,10,42,17,192,"""The stablekeeper could use a strong young person to help clean out the stables.""","""שומר האורוות ישמח לעוד זוג ידיים צעירות וחזקות שיעזרו לו בנקיון האורוות.""",
37,4,5,18,2,10,66,17,12,"""It does not pay much, but it is good, honest work.""","""השכר לא גבוה, אבל זאת עבודה טובה שמכבדת את בעליה.""",
37,4,5,18,3,10,174,17,6,"""If you would like to take the job, come on in.""","""אם אתה מעוניין להתחיל בעבודה, בוא היכנס.""",
37,4,5,19,1,10,200,17,255,"""Very well.""","""טוב מאוד.""",
37,4,5,20,1,10,49,18,28,"""The leader of the brigands must be a good strategist."" ","""מנהיג השודדים הינו אסטרטג מהשורה הראשונה.""",
37,4,5,20,2,10,72,18,10,"""He has organized and lead many raids which result in much treasure and little loss on the part of the brigands.  Without their leader, the brigands would soon flee.""","""הוא ארגן והוביל פשיטות רבות שהכניסו לקופת השודדים אוצרות רבים עם מעט מאוד אבדות מצידם. ללא מנהיגם, השודדים ינוסו על נפשם.""",
37,4,5,21,1,10,230,18,28,"""Ten years ago the Baron's daughter Elsa was stolen away by magic.  Five years back, the Baronet Barnard von Spielburg went on a hunt from which he did not return.  This was all clearly part of Baba Yaga's curse.""  ","""לפני עשר שנים אלסה בת הברון נחטפה על ידי דבר מה קסום. כעבור חמש שנים, יצא הבארונט ברנרד פון שפילבורג למסע ציד שממנו לא שב. ללא ספק הכול אירע כחלק מהקללה של באבא יאגה.""",
37,4,5,22,1,10,252,18,160,"""Not much is known about him, but he seems to use more magic potions and powders than spells.""","""לא הרבה ידוע אודותיו, אך דומה כי הוא נעזר יותר בשיקויי קסמים ואבקות מאשר לחשים.""",
37,4,5,23,1,10,90,19,192,"""There are many foul creatures stalking the forest.  The Baron has too few guards to protect this valley from them.""","""יצורים איומים רבים שורצים ביער מאחר ולברון אין מספיק שומרים שיגנו על העמק מפניהם.""",
37,4,5,24,1,10,122,19,10,"""My name is Karl.""","""שמי הוא קארל.""",
37,4,5,25,1,10,214,19,70,"""There is an unguent you can purchase from the Healer which protects against the dead that walk at night.""","""ישנה משחה שניתן לרכוש מהמרפאה אשר מגנה מפני המתים המהלכים בלילות.""",
37,4,5,26,1,10,221,19,236,"""There is still a reward offered for the safe return of the Baronet and Elsa von Spielburg of 50 gold.""","""עדיין ישנו פרס פעיל המוצע עבור מי שישיב בשלום את הבארונט ואלסה פון שפילבורג על סך 50 מטבעות זהב.""",
37,4,5,26,2,10,135,20,14,"""For the capture or death of the Brigand Warlock there is the reward of 50 gold."" ","""מי שיביא ללכידתו או מותו של מכשף השודדים יזכה בפרס בסך 50 מטבעות זהב.""",
37,4,5,26,3,10,151,20,7,"""For the capture or death of the brigand Leader there is the reward of 60 gold and the title of 'Hero of the Realm of Spielburg'.""","""האדם אשר ילכוד או ימית את מנהיג השודדים יזכה בפרס בגובה 50 דינרי זהב ובתואר 'גיבור שפילבורג'.""","דינרים מתאים למשחק הבא. כאן הם באזור אירופי דמוי-גרמניה, אין מצב שידברו על דינרים"
37,4,5,27,1,10,95,21,118,"""Cleaning up after the horses is a good way to build up your muscles.""","""לנקות אחרי הסוסים זו דרך נהדרת לפתח את שרירי הגוף.""",
37,4,5,28,1,10,131,21,139,"""Many merchants have been robbed by the brigands.  There is a merchant in town who could tell you about his robbery."" ","""סוחרים רבים נשדדו על ידי השודדים. ישנו רוכל בעיירה שישמח לספר לך על השוד הנורא שעבר.""",
37,4,5,29,1,10,226,21,217,"""Spielburg Valley was once a prosperous and peaceful place before the Baron lost his family.""","""עמק שפילבורג היה בעבר חבל ארץ שליו ומשגשג בטרם איבד הברון את כל בני משפחתו.""",
37,4,5,29,2,10,239,21,1,"""Now the Baron will not leave his castle and does not know the ruin this land has come to.""","""כעת הברון אינו עוזב את גבולות טירתו ואינו יודע עד כמה גדול החורבן אשר הומט על הארץ.""",
37,4,5,30,1,10,79,22,7,"""He was a very jolly fool who loved to laugh.  He was devoted to Elsa and swore he would not return until Elsa was safe."" ","""הוא היה איש שמח וטוב לב שאהב לצחוק. הוא התמסר בכל נימי נפשו לאלסה ונשבע כי לא יחזור לביתו עד שובה בשלום של אלסה.""",
37,5,1,0,1,99,98,22,153,"The mountains in the distance ring the valley of Spielburg, creating a formidable barrier to travelers.","ההרים באופק מקיפים את עמק שפילבורג, ויוצרים מחסום אימתני ובלתי עביר לנוודים.",
37,6,1,31,1,99,244,22,94,"The portcullis has been drawn, and the way to the castle is clear.","השער המתרומם הועלה, ודבר לא יעצור אותך עוד בדרכך לטירה.",
37,6,1,33,1,99,9,23,236,The portcullis presents a severe obstacle for entry to the castle.,השער המתרומם מהווה מכשול חמור בפני הכניסה לטירה.,
37,6,1,34,1,99,146,23,116,The castle is securely locked for the night.,שערי הטירה ננעלו לקראת הלילה.,
37,7,0,31,1,99,166,23,184,The gate is already closed.,השער פתוח ועומד.,
37,7,0,35,1,99,250,23,4,"After climbing down the wall you says to yourself, ""Self"", you says, ""that wasn't too bad.""","לאחר שאתה משתלשל מהחומה אתה מדבר לעצמך, ""עצמי"", אתה אומר, ""תכל'ס, זה לא היה כזה נורא.""",שיניתי אומר למדבר
37,7,0,36,1,99,110,24,86,Once more the guard raises the portcullis.,שוב פעם השומר מגולל את השער כלפי מעלה.,
37,7,0,37,1,99,132,24,139,That smarts.  Maybe you should move a little more quickly.,זה כואב. אולי תזוז טיפה יותר מהר.,
37,7,0,38,1,99,152,25,82,"The guard, sensing something is awry, raises the portcullis.","השומר, שחש כי משהו אינו כשורה, מרים את השער.",שיניתי חש לשחש
37,7,0,39,1,99,177,25,80,Experience is the best teacher.,אין חכם כבעל הניסיון.,
37,7,0,40,1,99,21,26,203,Practice makes perfect.,כושר מביא לאושר.,
37,7,0,41,1,99,46,26,118,"Try, try again etc...",נסה שוב ושוב וכו'...,
37,7,0,42,1,99,158,26,46,Take a break.  It's Mueller time.,"שב, תנוח, אל תירא - ושחק בחזרה.",
37,7,0,43,1,99,190,26,21,The gatehouse is more difficult to climb than it first appeared.,בית השער הינו הרבה יותר קשה לטיפוס ממה שנדמה כלפי חוץ.,
37,7,0,44,1,99,9,27,254,Remember what happened to Humpty Dumpty.,זכור את אשר קרה להמפטי דמפטי.,
37,7,1,0,1,99,29,27,235,The gate guard keeps a vigilant eye out for trouble as he paces back and forth on the castle parapet.  He walks with the easy stride of a veteran soldier.,השוער שומר על דריכות ועירנות מפני סכנה מתקרבת בעודו פוסע הלוך ושוב במרומי חומת הטירה. הוא צועד בהילוך קליל של חייל מנוסה.,
37,8,1,0,1,99,97,27,214,The sky is clear except for a few clouds.,"השמים בהירים, כמה עננים קלים משייטים בהם.",
37,9,1,45,1,99,112,27,22,The towers stand out above the castle walls.,המגדל מתנשא מעל חומות הטירה.,
37,10,1,49,1,99,249,27,43,The gatehouse is a massive structure with a portcullis closing off access to the castle.,בית השער הינו מבנה מסיבי ובו שער מתרומם המונע כל גישה אל הטירה.,
37,10,4,46,1,99,31,28,251,The guards won't allow you to do that.,השומרים לא יאפשרו לך לעשות את זה.,
37,10,4,47,1,99,142,28,196,You're not in a good place to climb.,אתה לא במקום טוב לטיפוס.,
37,10,4,48,1,99,166,28,14,Leave the climbing to those who know how.,תשאיר את הטיפוס למומחים בתחום.,
37,11,1,0,1,99,25,29,139,You can't see anything through the window from here.,אינך יכול לראות דבר מבעד לחלון מכאן.,
38,1,1,0,1,99,32,115,116,"The building's appearance is deceptive; it evidently extends well into the castle wall.  From your present vantage point, the barracks looks like it could house some sixty guards.","חזות הבניין מטעה; הוא משתרע על שטח עצום ומתמזג בחומות הטירה. מנקודת התצפית הנוכחית שלך, נראה שהבסיס הצבאי יכול לאכלס בתוכו שישים שומרים לכל הפחות.",
38,2,1,0,1,99,101,32,109,The castle's central keep rises above the rear of the courtyard.,מרכז הטירה מיתמר מעל אחורי החצר.,
38,2,4,0,1,99,32,115,99,The castle wall feels very solid.,חומות הטירה מרגישות מוצקות כסלע.,
38,3,1,0,1,99,117,116,32,This is the chimney to the baking oven.,זו ארובת תנור האפייה.,
38,4,1,0,1,99,110,39,116,The troops once proudly followed this crest.,היו ימים שבהם צבאות אדירים נלחמו בגאון למען סמל זה.,
38,5,1,0,1,99,111,32,119,The barracks entrance.,הכניסה למחנה הצבאי.,
38,5,4,0,1,99,32,39,65,There is no answer to your knock.  The guards must all be asleep.,אין מענה לנקישותיך. כנראה כל השומרים שקועים בשינה עמוקה.,
38,6,1,0,1,99,99,104,97,The guards access the walkway through the towers.,השומרים מגיעים לשביל דרך המגדל.,
38,7,1,0,1,99,117,114,32,The castle has a garden area with a doorway leading from the castle keep.,על יד הטירה נטוע בוסתן מוריק וממנו מובילה דלת אל מגדל העוז.,
38,8,1,0,1,99,131,17,146,The guard looks like he is either very tired or very lazy.,"השומר הוא אחד מהשניים, או מאוד עייף או מאוד עצל.",
38,8,2,0,1,99,191,10,0,"""I'm not here to answer your stupid questions.  Go talk to Karl the gatekeeper.  He talks to anyone about almost anything.""","""אין זה מתפקידי לענות לשאלותיך המטופשות. דבר עם קארל שומר הסף. הוא מדבר עם כל אחד על כל דבר.""",
38,9,1,0,1,99,50,101,110,These are the mountains that ring the valley of Spielburg.,אלה ההרים שמקיפים סביב את עמק שפילבורג.,
38,10,1,0,1,99,110,114,121,It's an empty storage pot.,זהו קנקן איחסון ריק.,
38,11,0,1,1,99,103,104,116,"""Go away.  This is just the barracks for us guards.""","""תסתלק. זהו בסך הכול מחנה הצבא שלנו.""",
38,11,1,0,1,99,32,32,77,"This is the barracks area.  To the north, you see the castle's central keep. To the east, you see the main courtyard and the stables beyond. ","זהו אזור המחנה הצבאי. בצפון, מתנשא מגדל העוז. ממזרח, אתה רואה את החצר המרכזית ואת האורוות שמעבר לה.",
38,11,1,0,2,99,101,114,32,"Along the wall to the southeast is the gatehouse.  A line of bushes partially obscures a defensive pit along the wall. To the west, you can see the barracks and a man standing in front of them.  ","במקביל לחומה לכיוון דרום מזרח נמצא בית השער. שורה של שיחים מטשטשת חלקית את בור ההגנה הצמוד לחומה. בצד מערב אתה רואה מחנה צבאי, ואדם עומד מול הכניסה.",
38,11,4,0,1,99,39,69,110,The guard would object.,השומר יביע התנגדות.,
38,11,52,0,1,99,39,105,115,You barely get to sleep when the guard on night patrol kicks you out.,עפעפיך בקושי מספיקים להיעצם כששומר בסיור הלילה בועט אותך החוצה.,
38,11,78,0,1,99,114,32,119,The guard chuckles as you make a fool of yourself.,השומר מצחקק בעוד אתה עושה מעצמך צחוק.,
38,12,1,0,1,99,69,110,114,The sky goes on forever when it's this clear.,השמיים נמשכים עד אין-סוף כשהם כה צלולים.,
38,13,1,0,1,99,105,115,32,The guards patrol from here.,השומרים המפטרלים מתחילים את סיורם מכאן.,
38,14,1,0,1,99,32,119,97,It's a watering trough for the horses.,שוקת המים נועדה להרוות את צמאונם של הסוסים.,
38,15,1,0,1,99,110,114,121,An empty wagon stands rotting into the courtyard.,"עגלה ריקה ששיני הזמן עשו בה שמות, ניצבת על אדמת החצר.",
38,15,4,0,1,99,115,32,102,The wagon is much too heavy to move without a horse.,רק סוס מסוגל למשוך עגלה כל כך כבדה.,
38,16,1,0,1,99,119,97,115,The guards patrol along here.,מסלול הפטרול עובר לאורך המקום.,
38,17,1,0,1,99,114,121,46,The solid stone walls protect the compound.,חומות האבן האיתנות מגינות על המתחם.,
39,1,1,0,1,99,16,255,118,Empty barrels lay around the compound.,חביות מושלכות ריקם ברחבי המחנה.,
39,1,4,0,1,99,196,8,93,The barrels are empty.,החביות ריקות.,
39,2,1,0,1,99,38,255,119,The castle's central keep rises above the rear of the courtyard.,מרכז הטירה מתנשא אל על ומאפיל על אחורי החצר.,
39,2,4,0,1,99,255,118,12,The castle walls feel very solid.,חומות הטירה מרגישות איתנות כסלע.,
39,3,1,0,1,99,26,131,196,"The courtyard is paved with granite paving stones, carefully placed by a skilled craftsman. ","החצר הפנימית מרוצפת באבני גזית מסותתות, מקובעות בקפידה על ידי בעל מלאכה מיומן.",
39,4,1,0,1,99,118,16,255,There is a curb along the left of the courtyard.,אבן שפה גדולה הונחה משמאל לחצר הפנימית.,
39,5,1,0,1,99,131,196,8,There is a curb along the right of the courtyard.,אבן שפה גדולה הונחה מימין לחצר הפנימית.,
39,6,1,0,1,99,118,10,86,There are two guards near the castle door.,שני זקיפים עומדים בסמוך לדלת הטירה.,
39,7,1,0,1,99,159,11,233,There are two guards near the castle door.,שני זקיפים עומדים בסמוך לדלת הטירה.,
39,7,84,0,1,99,227,209,227,You are too far away to talk to the guards.,אתה רחוק מדי מטווח השמיעה של השומרים.,
39,8,0,1,1,99,181,30,184,And the lesson begins!,"""והשיעור מתחיל!""",
39,8,0,2,1,33,40,131,196,"""En garde!""","""עמוד על המשמר!""",
39,8,0,3,1,33,129,236,40,"""Enough!""","""מספיק!""",
39,8,0,4,1,99,14,232,190,"After making sure no guards are looking, you climb over the wall. ","אחרי שאתה מוודא שאף שומר לא מסתכל, אתה מטפס מעל החומה.",
39,8,0,5,1,33,233,66,1,"""Should we meet again, I would not be adverse to another go-round.  Farewell, friend!""","""היה וניפגש שנית, לא אתנגד לסיבוב נוסף. להתראות, ידידי!""",
39,8,0,6,1,33,255,118,8,"""Even as we fought, I could detect your skills improving through practice.""","""אפילו תוך כדי מאבק, אני חש כי יכולותיך הולכות ומשתפרות.""",
39,8,0,7,1,99,1,89,89,The weapon master lends you the necessary items and then...,מומחה הנשק מושיט לך את הפריטים הנחוצים ואז...,
39,8,0,9,1,99,80,22,141,"The lesson wears you down, and you become exhausted.","השיעור מתיש אותך, ואתה מרגיש באפיסת כוחות.",
39,8,0,10,1,33,75,5,131,"""I can see now that my career must end.  Anytime that I, the Weapon Master, can be beaten by a mindless, nasty little twerp such as you, it is time to take an interminable vacation."" ","""כעת ברור לי שהקריירה שלי מאחוריי. בכל פעם שאני, מומחה הנשק, מובס על ידי חתיכת אידיוט חסר בינה כמוך, אני מבין שהגיע הזמן לקחת חופשה לכל החיים.""",
39,8,0,10,2,33,51,192,80,"""By your leave, I hope your sword rusts and your cape fragments in the most awful manner!""","""ברשותך, אני מקווה כי שברי חרבך וקרעי גלימתך הם במצב הגרוע ביותר שיכול להיות!""",
39,8,0,11,1,99,154,215,0,"That's easy to say, but you don't HAVE a gold coin.  You make your apologies to the Weapon Master.  ","קל להגיד, אבל אין לך מטבע זהב. אתה מביע את התנצלותך הכנה למומחה הנשק.",
39,8,0,12,1,99,254,199,70,The gates are closed for the night.,השערים נסגרו למשך הלילה.,
39,8,0,13,1,99,118,252,22,You are forced to admit that the Weapon Master has gotten the better of you.,אתה מוכרח להודות שמומחה הנשק עולה עליך בכמה רמות.,
39,8,0,14,1,33,118,250,255,"""I am a skilled teacher as well as a skilled fighter.""","""אני מורה מנוסה כמו גם לוחם מיומן.""",
39,8,0,14,2,33,80,154,150,"""However, the combat style I teach relies on the subtle alternation of Strike and Parry.  As I observe that you have no skill in the use of Parry, you would receive no benefit from my lessons.""","""עם זאת, סגנון הלחימה שאני מלמד מסתמך על מעבר עדין בין התקפה להתחמקות. כיוון שאני מבחין שאין לך כל כישורים בתורת ההתחמקות, שיעוריי לא יניבו לך כלל תועלת.""",
39,8,0,15,1,33,118,254,255,"""Pity.  I'm in the mood for some good combat practice.""","""חבל. אני דוקא במצב רוח לאיזה אימון קרבי טוב.""",
39,8,0,16,1,33,227,91,75,"""I am a skilled teacher as well as a skilled fighter.""","""אני מורה מנוסה כמו גם לוחם מיומן.""",
39,8,0,16,2,33,137,70,248,"""For a mere gold coin, I will be glad to give you some practice and some pointers on how to better your skills.""","""תמורת מטבע זהב בודד, אשמח לבנות לך תוכנית אימונים ואייעץ לך כיצד לשפר את ביצועיך.""",
39,8,0,16,3,33,204,255,118,"""Will you pay for a lesson?""","""תרצה לשלם על שיעור?""",
39,8,0,17,1,33,44,21,89,"""It was most prudent that you should give in to my superior skill.""","""היה יותר אחראי מצידך לו היית נכנע לכישוריי הנעלים.""",
39,8,0,18,1,99,80,22,141,You pay the Weapon Master's price and then...,אתה משלם למומחה החרב את שכרו ואז...,
39,8,0,19,1,33,160,35,131,"""If you would like a stretcher, my weak, tired friend... You seem a shadow of the person who began this little lesson."" ","""האם תרצה אלונקה, ידידי העייף והחלוש? אתה נראה לא יותר מאשר צל צילו של אותו אחד שהיית בתחילת השיעור.""",
39,8,0,20,1,33,8,255,118,"""The art of dancing would be a good skill for you to practice, my friend.""","""אמנות הריקודים היא מיומנות חשובה שכדאי לך להתאמן עליה, ידידי.""",
39,8,0,20,2,33,89,137,86,"""The balance of the body over the rapidly moving feet has won many a contest.""","""האיזון של הגוף מעל הרגליים הנעות במהירות זכה בתחרויות רבות.""",
39,8,0,21,1,33,216,254,80,"""Put your attention to the control of your legs when you duck a swing.  Your springiness makes you seem to bounce,""","""תן את תשומת ליבך לשליטה ברגליך בעודך מרים להנפה. הקפיציות שלך גורמת לך להיראות חסר יציבות,""",
39,8,0,21,2,33,235,60,255,"""... and a good opponent (such as myself) will always take advantage of the opening."" ","""...ויריב הולם (כמוני למשל) תמיד ינצל את יתרון הפתיחה.""",
39,8,0,22,1,33,8,255,118,"""You have a tendency to overbalance when you dodge a blow.  This will adversely affect the timing and effectiveness of your counterattack.""","""יש לך נטיה לאבד שיווי משקל כשאתה חומק ממהלומה. זה ישפיע לרעה על התזמון והיעילות של מתקפת הנגד שלך.""",
39,8,0,23,1,33,196,8,11,"""Be more aware of the angle with which your weapon approaches your opponent.""","""תהיה מודע יותר לזווית שממנה משיג נשקך את אויבך.""",
39,8,0,23,2,33,118,6,144,"""The thrust bites quickly, but the swing will do more damage if it connects."" ","""ההתקפה עוקצת מהר, אבל ההנפה תגרום לנזק הרבה יותר גדול אם תתזמן אותה היטב.""",
39,8,0,24,1,33,192,117,2,"""I salute you!""","""אני מצדיע לך!""",
39,8,0,25,1,33,141,134,216,"""Still, you seem to tire more easily than you should.""","""עדיין, נראה שאתה מתעייף בקלות רבה מדי.""",
39,8,1,0,1,99,95,32,89,The grounds are neglected and overgrown.,"השטח עזוב ומוזנח, הצמחיה גדלה בו פרא.",
39,8,52,26,1,99,139,70,240,There are too many guards around.,יש יותר מדי שומרים בסביבה.,
39,8,52,27,1,99,246,255,118,You barely get to sleep when you hear the guards searching the castle grounds for bums.  You decide it's time to make like a tree and leave.,בעוד עיניך נעצמות אתה שומע את השומרים סורקים את שטח הטירה בחיפוש אחר קבצנים פושטי יד. אתה מחליט לעשות כמו ציפור ולהתעופף.,
39,8,59,0,1,99,154,209,6,"You realize, of course, that such actions will not only have you grabbed by guards, dragged to the dungeon, and brutally tortured, but that you probably won't be able to win this game if you perform them.","אתה מבין, מהר מאוד, כי כעונש על מעשים כאלה לא רק שהשומרים יתפסו אותך, יגררו אותך לבור הכלא, ויענו אותך בעינויים מחרידים, אלא גם לא תצליח לסיים את המשחק.",
39,8,62,8,1,33,80,22,141,"""If you are addressing me, sir, you must respect me enough to address me to my face!""","""אם אתה פונה אלי, אדוני, עליך לכבד את רצוני ולפנות אלי בגוף ראשון!""",
39,9,1,0,1,99,160,35,131,The man has the muscles of a trained athlete and is apparently quite skilled with the sword.,"לבחור יש שרירים שלא היו מביישים ספורטאי צמרת, ועושה רושם שהוא סייף מיומן.",הוספתי פסיק
39,9,2,16,1,33,139,236,131,Practice,אימון,
39,9,2,28,1,33,137,86,234,Barnard,ברנרד,
39,9,2,29,1,33,255,118,234,Baron,ברון,
39,9,2,30,1,33,5,131,196,Town,עיירה,
39,9,2,31,1,33,234,199,70,Brigands,שודדים,
39,9,2,32,1,33,80,22,141,Castle,טירה,
39,9,2,33,1,33,80,22,141,Elsa,אלסה,
39,9,2,34,1,33,118,232,154,Fighting,לחימה,
39,9,2,35,1,33,30,184,117,Friendship,ידידות,
39,9,2,36,1,33,51,192,80,Guards,שומרים,
39,9,2,37,1,33,84,155,80,NO,לא,
39,9,2,38,1,33,20,140,218,Armor,שריון,
39,9,2,39,1,33,93,203,85,Skill,כישורים,
39,9,2,40,1,33,6,38,255,Sword,חרב,
39,9,2,41,1,33,62,150,111,Town,עיירה,
39,9,2,42,1,33,235,4,14,Weapon Master,מומחה לנשק,
39,9,2,43,1,33,0,44,21,YES,כן,
39,9,4,0,1,33,30,184,122,"""Unhand me, you lout, or I shall have you thrown into the dungeons.  I allow only those who pay for the privilege to measure their fighting skill against mine.""","""שחרר אותי, נבל שכמותך, או שאצווה להשליכך למרתפי הכלא. רק לאלה שמשלמים שמורה הזכות לאמוד את כישורי הלחימה שלהם על גבי.""",
39,9,5,16,1,33,154,213,0,"""Practice is the way to refine and improve one's skills.""","""אימונים הם הדרך ללטש ולשכלל את כישוריך ויכולותיך.""",
39,9,5,28,1,33,154,108,6,"""The Baronet had some minor talent with weapons, but he was too impatient.""","""הבארונט רכש ידע מועט בכלי נשק, אולם לצערי אצה לו הדרך.""",
39,9,5,28,2,33,141,70,186,"""If he had but listened and learned what I teach, he would never have been lost."" ","""לו רק היה מקשיב לשיעורי ומאזין ללקחי, לעולם לא היה הוא מאבד את דרכו.""",
39,9,5,29,1,33,20,51,192,"""The Baron had the wisdom to recognize greatness when I presented myself.  Thus he made me Weapon Master.""","""לברון היתה את התבונה לזהות גדלות כשהצגתי את עצמי; לפיכך הוא מינה אותי למומחה הנשק.""",
39,9,5,30,1,33,144,156,80,"""Please don't bore me, young adventurer.  Ask me about something interesting to me.""","""אנא אל תשעממני, הרפתקן צעיר. שאל אותי אודות משהו יותר מעניין.""",
39,9,5,31,1,33,0,80,154,"""The Brigands fight remarkably well for riff-raff who have not had the benefit of my training.  They are cowards who like to hide behind their shields, but I must admit they do that well.""","""השודדים נלחמים באופן ראוי לציון יחסית לאספסוף שלא זכה להתחנך תחת חסותי. הם פחדנים שאוהבים להסתתר מאחורי מגיניהם, אם כי אני חייב להודות שהם עושים זאת מצויין.""",
39,9,5,31,2,33,82,80,14,"""Should you find yourself face-to-face with one of the Brigands, I suggest you mirror their techniques.  Use Parry or Dodge until your opponent lowers his shield to attack, then strike before he can get his spear into attack position."" ","""אם תמצא את עצמך פנים אל פנים מול אחד השודדים, ממליץ אני לך לשקף את הטכניקה שלהם. השתמש בהדיפה או התחמקות עד אשר יריבך ינמיך את מגינו כדי לתקוף, או אז הכה בו לפני שיספיק להביא את חניתו למצב התקפה.""",
39,9,5,32,1,33,22,158,112,"""This is the castle of the Baron von Spielburg.  I am the Weapon Master of the castle.""","""זוהי טירתו של הברון פון שפילבורג. אני הוא אומן הנשק של הטירה.""",
39,9,5,33,1,33,141,70,186,"""A bright child, for a girl.  She used to watch me practice daily, and question me constantly.  Pity she was not born a boy."" ","ילדה פיקחית ושנונה. היא היתה צופה בי רבות באימונים היומיומיים, ומתחקרת אותי ללא הרף. חבל שהיא לא נולדה בן.""",
39,9,5,33,2,33,82,255,54,"""She would have made a talented swordsman... if I had trained her.  I could not demean myself to teach a mere girl, of course.""  ","""היא היתה הופכת להיות סייפת מוכשרת... אם אני הייתי מאמן אותה. כמובן שלא אשים את עצמי ללעג ולקלס ולא אלמד ילדה פשוטה.""",
39,9,5,34,1,33,54,190,218,"""Fighting is both an art and a skill.  It is a skill in the use of muscle strength and the agility of control.""","""לחימה היא אמנות ומיומנות במקביל. זאת מיומנות של שימוש בכוח השרירים, גמישות, ושליטה עצמית.""",
39,9,5,34,2,33,187,51,131,"""It is an art in outwitting and out-maneuvering the opponent.  I am, of course, the skilled artiste.  Do you fight?""  ","""זאת אמנות של עורמה ותמרון האוייב. הנני, כמובן, האמן המיומן. אתה נלחם?""",
39,9,5,35,1,33,184,1,0,"""Please don't bore me, young adventurer.  Ask me about something interesting to me.""","""אנא אל תשעממני, הרפתקן צעיר. שאל אותי אודות משהו יותר מעניין.""",
39,9,5,36,1,33,255,54,158,"""You will find them very skilled at fighting.  After all, I am the one who trains all of the guards at this castle.""","""תגלה שהם נלחמים במיומנות רבה. אחרי הכל, אני הוא שמאמן את כל שומרי הטירה הזו.""",
39,9,5,37,1,33,7,109,14,"""Pity.""","""מה חבל.""",
39,9,5,38,1,33,248,51,192,"""I never use a shield, it gets in the way of my agility of dodging.  It is best used by those who are strong but not swift and agile."" ","""לעולם איני משתמש במגן. הוא מפריע לי לחמוק מתקיפות ולתמרן בזריזות. מגן עוזר במיוחד למי שחזק, אך לא זריז ולא חמקן.""",
39,9,5,38,2,33,21,1,233,"""You definitely require a shield.""","""אתה זקוק למגן, ללא ספק.""",
39,9,5,39,1,33,80,22,141,"""The skills of the Sword are Thrust, Swing, Parry, and Dodge.  Timing of such actions is critical to the success of the  fighter.""","""מיומנויות הלחימה בחרב הן: התקפה, הנפה, הדיפה והתחמקות. התזמון של פעולות אלו הוא חיוני לניצחון הלוחם בקרב.""",
39,9,5,40,1,33,14,131,196,"""The sword is the finest of all weapons.  It requires an equal measure of skill and strength."" ","""החרב היא כלי הנשק הכי מוצלח. היא דורשת כמות שווה של מיומנות ושל כוח.""",
39,9,5,41,1,33,229,93,203,"""Please don't bore me, young adventurer.  Ask me about something interesting to me.""","""אנא אל תשעממני, הרפתקן צעיר. שאל אותי אודות משהו יותר מעניין.""",
39,9,5,42,1,33,184,246,154,"""I am the Weapon Master, expert swordsman and trainer."" ","""הנני אומן הנשק, סייף מומחה ומאמן.""",
39,9,5,43,1,33,196,6,93,"""I am a skilled teacher as well as a skilled fighter.  For a single gold coin, I will give you some pointers on how to better your skills, and the practice to improve them.  Will you pay?"" ","""הנני מורה מיומן כשם שאני לוחם מיומן. בעבור מטבע זהב, אסכים לתת לך נקודות מדוייקות לחיזוק כישוריך, ותרגילים לשיפור. האם אתה מעוניין?""",
39,10,1,0,1,99,30,184,246,An empty wagon stands rotting in the courtyard.,עגלה ריקה ניצבת ונרקבת בחצר הטירה.,
39,10,4,0,1,99,131,196,6,The wagon is too heavy to move without a horse.,העגלה כבדה מכדי להזיזה ללא סוס.,
39,11,1,0,1,99,118,10,139,This is part of the castle wall.,זהו חלק מחומת הטירה.,
40,1,1,0,1,99,0,4,0,There is a fenced corral next to the stable building.,ישנה מכלאה מגודרת בצמוד למבנה האורווה.,
40,2,1,0,1,99,49,46,83,The horses have plenty of grain to keep them eating well.,"הרבה תבואה, כדי שהסוסים יאכלו כמו שצריך.",
40,3,1,0,1,99,4,0,65,The Baron was once known for his many fine and noble steeds.  Only a few aging animals remain in his stable.,הברון היה ידוע בעבר בזכות סוסיו הרבים והאציליים. רק מעט מהבהמות המזדקנות נשארו באורוותו.,
40,4,1,0,1,99,2,116,70,The Baron was once known for his many fine and noble steeds.  Only a few aging animals remain in his stable.,הברון היה ידוע בעבר בזכות סוסיו הרבים והאציליים. רק מעט מהבהמות המזדקנות נשארו באורוותו.,
40,4,2,0,1,99,0,61,50,"""Neigh!""  ","""נייי!""",
40,4,4,0,1,45,116,111,32,The Baron's horses aren't for sale.,הסוסים של הברון אינם למכירה.,
40,4,32,0,1,99,101,115,115,The horse happily munches on the apple.,הסוס מכרסם את התפוח בשמחה.,
40,5,1,0,1,99,0,0,0,The officers have nicer places than the enscripted men (those who program scripts).,לקצינים יש מקומות נחמדים יותר מלמתכנתים.,תרגמתי - לא סגור על זה
40,6,1,1,1,99,194,116,20,"In the stable, the manure is beginning to pile up.","באורווה, הזבל מתחיל להיערם.",
40,6,1,2,1,99,0,61,50,You have raked the manure and covered the stable floor with new straw.,גרפת את הזבל וכיסית את ריצפת האורווה בקש חדש.,
40,7,1,0,1,99,50,116,0,The majestic mountains stand in stark contrast to the squalor of the castle.,ההרים האציליים ניצבים בניגוד מזעזע לעליבות של הטירה.,
40,8,0,0,1,45,56,7,85,"""Haven't you got anything better to do than hang around here?  Come back some other time you want to get rich.""","""אין לך משהו יותר טוב לעשות מאשר לשוטט כאן? חזור בפעם אחרת.""",
40,8,0,0,2,45,65,7,0,"""OK.  C'mon over here."" ","""בסדר. בוא'נה.""",
40,8,0,0,3,99,74,7,8,"The stableman hands you some coins and says, ""Now you're five silvers richer.""","הסייס נותן לך מספר מטבעות ואומר, ""עכשיו אתה עשיר יותר בחמישה מטבעות כסף.""",
40,8,0,0,4,99,80,7,203,You curl up on some clean hay and get some rest.,אתה מתכרבל לך על ערימת חציר נקי ותופס תנומה קלה.,
40,8,0,0,5,99,103,7,12,"""Z-Z-Z-Z-Z-Z-Z-Z-Z-Z...""","""חררררר... פשששששש... חרררר...""",
40,8,0,0,6,99,130,7,0,"It IS a rude awakening, however.","עם זאת, היקיצה לא היתה מנומסת בכלל.",
40,8,0,0,7,45,153,7,11,"""I see you're back.  Need some work?"" ","""אני רואה שחזרת. צריך עבודה?""",
40,8,0,0,8,99,172,7,8,Someone approaches you.,מישהו מתקרב אליך.,
40,8,0,0,9,45,195,7,214,"""You lookin' for some work?"" ","""אתה מחפש עבודה?""",
40,8,0,0,10,45,233,7,94,"""Good!  Take a rake."" ","""טוב! קח מגרפה.""",
40,8,0,0,11,45,51,8,38,"""Good!  Come in here and take a rake."" ","""יופי! הכנס פנימה ותפוס מגרפה.""",
40,8,0,0,12,45,106,8,0,"Too bad!  I could use some help.""","""חבל! לא תזיק לי קצת עזרה.""",
40,8,0,3,1,99,177,8,62,No,לא,
40,8,0,4,1,45,223,8,86,"""I DON'T PAY YOU TO REST!  GET TO WORK!  NOW!!!""   ","""אני לא משלם לך כדי שתנוח! לעבודה! מייד!!!""",
40,8,0,5,1,45,253,8,244,"""WHAT DO YOU THINK THIS IS, A REST HOME???  GET TO WORK!  NOW!!!"" ","""מה אתה חושב שזה, בית הבראה??? לעבודה! מייד!!!""",
40,8,0,6,1,99,30,9,250,Yes,כן,
40,8,0,7,1,99,66,9,87,"""Z-Z-Z-Z-Z-Z-Z-Z-Z-Z...""  ","""חררררר... פשששששש... חרררר...""",
40,8,1,1,1,99,112,9,214,The castle's stable looks like it holds about six horses.  It could use some cleaning up.  To the northwest you can see the castle's central keep.,נראה שבאורווה יש מקום לכשישה סוסים. לא תזיק פה קצת ספונג'ה. בצד צפון מערב אתה מבחין במגדל הראשי של הטירה.,
40,8,1,2,1,99,150,9,248,The stable looks much better since you cleaned it.,האורווה נראית הרבה יותר טוב מאז שניקית אותה.,
40,8,1,8,1,99,185,9,17,It doesn't look like the stableman spends much of his time cleaning.,נראה שהסייס לא מבלה יותר מדי זמן בניקיון.,
40,8,52,2,1,45,198,9,139,"""Hey you!  It's bad enough you hang around here all day, but I sure ain't gonna let you sleep here before you've worked enough to earn it!"" ","""הי אתה! גם ככה אני לא מרוצה מזה שאתה מסתובב פה כל היום, אבל מה שבטוח שבשביל לישון כאן תצטרך לעבוד קשה!""",
40,8,52,8,1,99,100,10,199,It would be more comfortable to sleep on clean hay in the stable.,"יהיה לך יותר נוח לישון על ערימת חציר נקיה, באורווה.",
40,8,52,9,1,99,124,10,184,It's too early in the day; come back later.,השעה מוקדמת מדי לכך; חזור מאוחר יותר.,
40,8,52,10,1,99,225,10,8,Wait a minute!,חכה רק רגע.,
40,8,78,0,1,99,5,11,196,You don't need to dazzle anything here.  The horses wouldn't like it.,אתה לא צריך לסנוור כאן כלום. זה לא ימצא חן בעיני הסוסים.,
40,8,81,0,1,99,56,11,144,The stable area is too flammable to use that spell here.,אזור האורווה דליק מדי בשביל הלחש הזה.,
40,9,1,0,1,99,78,11,252,The sky goes on forever when it's this clear.,השמיים נמשכים עד אין-סוף כשהם כה צלולים.,
40,10,1,22,1,99,229,11,196,He's not standing where you can see him.,הוא לא עומד במקום שבו תראה אותו.,
40,10,1,23,1,99,3,12,131,A low-looking lout.  HE could use some cleaning up.,גמד נמוך קומה. לא יזיק לו קצת ניקיון.,
40,10,2,11,1,45,159,12,38,Antwerp,אטנוורפ,
40,10,2,12,1,45,195,12,124,Baronet,בארונט,
40,10,2,13,1,45,80,13,43,Baron,ברון,
40,10,2,14,1,45,97,13,118,Guards,שומרים,
40,10,2,15,1,45,157,13,31,Horse,סוס,
40,10,2,16,1,45,172,13,2,Magic,קסם,
40,10,2,17,1,45,21,14,11,Monster,מפלצת,
40,10,2,18,1,45,64,14,10,Pay,תשלום,
40,10,2,19,1,45,120,14,118,Stables,אורוות,
40,10,2,20,1,45,145,14,131,Valley,עמק,
40,10,2,21,1,45,122,15,176,Work,עבודה,
40,10,5,11,1,45,147,15,85,"""Ha-ha-ha-ha-ha!  Hee-hee-hee-ho-ho!""","""חה-חה-חה-חה-חה! חי-חי-חי-הו-הו!""",
40,10,5,12,1,45,248,15,118,"""He used to ride the black horse over there.""","""הוא היה רוכב על הסוס השחור הזה שם.""",
40,10,5,13,1,45,33,16,131,"""Ever since the trouble started, the Baron just hasn't been interested in his horses.""","""מאז החלו התלאות, איבד הברון כל עניין בסוסיו.""",
40,10,5,14,1,45,147,16,1,"""They don't bother me, I don't bother them.""","""הם לא מפריעים לי, אני לא מפריע להם.""",
40,10,5,15,1,45,186,16,116,"""We used to have some of the finest horses in the north, when the Baron still cared about things other than his troubles.  Now we just have this one outside and and the two in here.""","""בעבר היו ברשותנו הסוסים הגזעיים ביותר בצפון, כשהברון עדיין התעניין בדברים שאינם קשורים לצרות שלו. כעת כל שנותר לנו זה ההוא שם בחוץ והשניים כאן.""",
40,10,5,16,1,45,42,17,192,"""Don't ask me about anything to do with magic.  I don't wanna know.""","""אל תשאל אותי על שום דבר שקשור לקסם. אני לא רוצה לדעת.""",
40,10,5,17,1,45,66,17,12,"""Those things scare me silly!""","""הדברים האלה מפחידים אותי למוות!""",
40,10,5,18,1,45,174,17,6,"""You get five silvers each time you clean the stables.""","""על כל פעם שתנקה את האורוות תתוגמל בחמישה מטבעות כסף.""",
40,10,5,19,1,45,200,17,255,"""The old stable used to be twice this size before it burned down.  This is fine with so few horses, but it is rather small.""","""האורווה הישנה היתה כפליים בגודלה בטרם נשרפה עד היסוד. זאת יכולה להסתדר עם כמה סוסים, אך בהחלט שהיא קטנה.""",
40,10,5,20,1,45,49,18,28,"""Just get out and wander around a little.  You'll find out.""","""פשוט צא החוצה וסייר קצת בסביבה. אתה תגלה בעצמך.""",
40,10,5,21,1,45,72,18,10,"""The work is simple -- just grab a rake and clean this place up."" ","""העבודה נורא פשוטה -- פשוט אחוז במגרפה ונקה את המקום.""",
40,10,57,22,1,99,230,18,28,The stableman can't hear you.,האורוון אינו שומע אותך.,
40,10,57,23,1,45,252,18,160,"""Don't tire me out with a bunch of questions.  Can't you see what a hard life I have?"" ","""אתה מתיש אותי עם השאלות המיותרות שלך. אתה לא רואה כמה החיים שלי קשים?""",
40,11,1,0,1,99,90,19,192,The castle towers overlook the entire valley.,מגדלי הטירה צופים על פני העמק כולו.,
40,12,1,0,1,99,122,19,10,The horses have plenty of hay to eat.,לסוסים יש שפע של חציר.,
40,13,1,0,1,99,214,19,70,There is solid wall of rock protecting this place.,חומות אבן איתנות מגינות על המקום.,
40,14,1,0,1,99,221,19,236,This holds drinking water for the horses.,כאן אוגרים מי שתיה מתוקים עבור הסוסים.,
41,1,1,0,1,99,25,4,0,"So you says to yourself, ""Self"", you says...","אז אתה אומר לעצמך, ""עצמי"", אתה אומר...",
41,1,4,0,1,99,31,37,27,You straighten out your cape so that you can make a good impression at the castle.,אתה מיישר את קפלי גלימתך כדי שתיראה במיטבך ותותיר רושם טוב בטירה.,
41,2,1,1,1,99,4,0,35,The doors are guarded by Frederick and Pierre.  (You can tell by their nametags.),הדלתות מאובטחות על ידי פרדריק ופייר. (כך כתוב על התגים שלהם.),
41,2,1,2,1,99,32,0,110,The doors are securely locked for the night.,הדלתות נעולות למשך הלילה.,
41,2,4,0,1,99,0,30,31,There is no response.,אין תגובה.,
41,2,17,1,1,99,97,114,116,That's not too bright an idea while the guards are watching.,זה לא רעיון הכי מבריק כשהשומרים מסתכלים.,
41,2,17,2,1,99,32,99,97,The doors are securely locked and barred from the inside.,הדלתות נעולות ומוברחות מבפנים.,
41,2,18,1,1,99,108,108,46,That's not too bright an idea while the guards are watching.,זה לא הרעיון הכי מבריק כשהשומרים מסתכלים.,
41,2,18,2,1,99,105,114,121,The doors are securely locked and barred from the inside.,הדלתות נעולות ומוברחות מבפנים.,
41,3,1,0,1,99,0,116,32,"The guards look to be middle-aged, but in good physical condition.  Their clothing is faded and patched.  Even the horns look dull.","השומרים נראים בגיל העמידה, אבל בכושר גופני מעולה. בגדיהם דהויים ומוטלאים. אפילו החצוצרות נראות עלובות.",
41,3,1,0,2,99,32,1,0,"I told you not to mention it.  Now you've hurt his feelings, and he won't talk until he gets over it.","""אמרתי לך לא להזכיר את זה. כעת פגעת בנקודה רגישה, ועד שהוא יתגבר על זה הוא לא יוציא הגה מפיו.""",
41,3,2,3,1,99,0,138,19,Bald spot,קרחת,
41,3,2,4,1,99,31,1,1,Baron,ברון,
41,3,2,5,1,99,32,1,4,Barracks,מחנה צבא,
41,3,2,6,1,99,73,2,1,Castle,טירה,
41,3,2,7,1,99,32,2,4,Daughter,בת,
41,3,2,8,1,99,111,3,1,Name,שם,
41,3,2,9,1,99,28,4,1,Karl,קארל,
41,3,2,10,1,99,99,5,1,Name,שם,
41,3,4,0,1,99,31,6,1,You're embarrassing the poor fellow.,אתה מביך את הברנש המסכן.,
41,3,5,3,1,99,55,7,1,"He's very proud of his moustache, but don't mention his bald spot.","""פייר גאה מאוד בשפמו, אולם שלא תזכיר את הקרחת שלו בשום אופן.""",
41,3,5,4,1,99,100,7,84,"""No one enters the castle without the Baron's permission.""","""אף אחד לא נכנס לטירה ללא אישור מפורש מהברון.""",
41,3,5,4,2,99,31,8,0,"""The Baron sees no one.""","""הברון אינו מוכן לראות איש.""",
41,3,5,5,1,99,0,8,0,"""The barracks are off to my right, but you have no business going there.""","""מחנה הצבא נמצא מימיני, אולם אין לך מה לחפש שם.""",
41,3,5,6,1,99,116,8,0,This is the castle of the Baron Stefan von Spielburg.,"""זוהי הטירה של הברון סטפן פון שפילברג.""",
41,3,5,7,1,99,82,8,0,"""The Baron's daughter has been gone for years.""","""בת הברון נעדרת זה שנים רבות.""",
41,3,5,8,1,99,32,8,0,"""My name is Frederick."" ","""שמי פרדריק.""",
41,3,5,9,1,99,31,8,0,"""Karl is the gatekeeper. He is a good one to answer questions.""","""קארל הוא שומר הסף. הוא טוב בלענות לשאלות.""",
41,3,5,10,1,99,99,8,0,"""His name is Pierre.""","""קוראים לו פייר.""",
41,4,1,0,1,99,32,8,0,The light casts a welcome glow on such a moonless night.,הפנס מטיל אלומה של אור בחשכת הלילה הקודר נטול הירח.,
41,5,1,0,1,99,31,8,0,"The guard is dressed in worn, but neatly patched, clothing.  He has obviously spent a lot of time maintaining that magnificent mustache.  (But you'd better not mention his bald spot.)   ",השומר לבוש בבגדים בלויים אך מסודרים למשעי. הוא בבירור מבלה שעות ארוכות בסלסול שפמו המרהיב. (אך שלא תעז להזכיר את קרחתו הבוהקת.),
41,5,2,4,1,99,0,8,0,Baron,ברון,
41,5,2,5,1,99,100,8,0,Barracks,מחנה צבא,
41,5,2,6,1,99,31,8,0,Castle,טירה,
41,5,2,7,1,99,110,8,0,Daughter,בת,
41,5,2,9,1,99,114,8,0,Karl,קארל,
41,5,2,11,1,99,115,8,0,Bald spot,קרחת,
41,5,2,12,1,99,70,8,0,Name,שם,
41,5,2,13,1,99,110,8,0,Name,שם,
41,5,2,14,1,99,109,8,0,"""I'm not talking to you."" ","""אני לא מדבר איתך.""",
41,5,4,0,1,99,44,8,0,Better not touch the guards.  They look tough.,לא כדאי לגעת בשומרים. הם נראים חזקים.,
41,5,5,4,1,99,107,8,0,"""No one enters the castle without the Baron's permission.""","""אף אחד לא נכנס לטירה ללא אישור מפורש מהברון.""",
41,5,5,5,1,99,115,8,0,"""The barracks are off to my right, but you have no business going there.""","""מחנה הצבא נמצא מימיני, אולם אין לך מה לחפש שם.""",
41,5,5,6,1,99,114,8,0,This is the castle of the Baron Stefan von Spielburg.,"""זוהי טירתו של הברון סטפן פון שפילברג.""",
41,5,5,7,1,99,46,8,0,"""The Baron's daughter has been gone for years.""","""בת הברון נעדרת זה שנים רבות.""",
41,5,5,9,1,99,97,8,0,"""Why don't you ask Karl?""","""למה שלא תשאל את קארל?""",
41,5,5,11,1,99,32,8,0,"""Don't get me mad.""","""אל תרגיז אותי.""",
41,5,5,12,1,99,32,8,0,"""His name is Frederick."" ","""קוראים לו פרדריק.""",
41,5,5,13,1,99,32,8,0,"""My name is Pierre.""","""שמי פייר.""",
41,6,1,0,1,99,32,8,0,"The guards look to be middle-aged, but in good physical condition.  Their clothing is faded and patched.  Even the horns look dull.","השומרים נראים בגיל העמידה, אבל בכושר גופני מעולה. בגדיהם דהויים ומוטלאים. אפילו החצוצרות נראות עלובות.",
41,7,59,0,1,99,32,8,0,"You realize, of course, that such actions will not only have you grabbed by guards, dragged to the dungeon, and brutally tortured, but that you probably won't be able to win this game if you perform them.","אתה מבין, מהר מאוד, כי כעונש על מעשים כאלה לא רק שהשומרים יתפסו אותך, יגררו אותך לבור הכלא, ויענו אותך בעינויים מחרידים, אלא גם לא תצליח לסיים את המשחק.",
41,8,0,15,1,99,31,8,0,The Baron von Spielburg and Baronet await you in the great hall.,"""הברון פון שפילבורג והבארונט ממתינים לך באולם הכניסה.""",
41,8,0,16,1,99,55,8,0,"After a wonderful meal with the Baron and his son, a peaceful night's sleep in a featherdown bed, and a filling breakfast in bed, you are ready to go adventuring once more.","אחרי ארוחה נהדרת עם הברון ובנו, שנת לילה עריבה במיטת אפריון, וארוחת בוקר מפנקת במיטה, אתה מוכן ומזומן להרפתקה חדשה ומסעירה.",
41,8,0,17,1,99,97,8,0,"""No one enters the castle without the Baron's permission.""","""אף אחד לא נכנס לטירה ללא אישור מפורש מהברון.""",
41,8,0,18,1,99,31,8,1,"""I'm Frederick.""",אני פרדריק.,
41,8,0,18,2,99,0,8,52,"""I'm Pierre."" ","""אני פייר.""",
41,8,0,19,1,99,32,8,52,"""No one enters the castle without the Baron's permission.""","""אף אחד לא נכנס לטירה ללא אישור מפורש מהברון.""",
41,8,1,0,1,99,82,8,59,"This is the central keep of Baron Stefan von Spielburg's castle.  The castle grounds look like no one has taken care of them.  The castle is still impressive close up, but it looks rather dirty. ","זהו המגדל הראשי בטירת הברון סטפן פון שפילבורג. שטחי הטירה מוזנחים ואיש אינו מטפל בהם. הטירה עדיין מצודדת ומרשימה, אך העזובה ניכרת מכל פינה.",
41,8,4,0,1,99,116,9,1,The castle walls are very high.  You judge that you would not be able to climb them.,חומות הטירה גבוהות מאוד. אתה מעריך שלא תצליח לטפס עליהם.,
41,8,52,0,1,99,31,9,2,You barely get to sleep when the guard on night patrol kicks you out.,אשמורות עיניך רק נעצמו כשלפתע מגיח שומר ממשמרת הלילה ובועט בך החוצה.,
41,9,1,0,1,99,99,9,2,The ground is almost bare here due to the pacing of so many guards.,האדמה מסביבך חשופה כמעט לגמרי בשל הצעדות הבלתי פוסקות של אנשי המשמר.,
42,1,1,0,1,99,0,4,0,Go west?  And get scratches all over your nice new clothes?<CRLF>I think not.,"ללכת מערבה? ולשרוט את המלתחה החדשה שלך?
לא יקרה.",
45,1,1,4,1,99,32,105,110,The only good Goblin is a dead Goblin!,גובלין טוב הוא גובלין מת!,
45,1,1,5,1,99,0,31,49,What's he staring at?,במה הוא בוהה?,
45,1,1,6,1,99,46,19,0,Strange place to take a nap.,מקום מוזר לחטוף בו תנומה.,
45,1,1,7,1,99,50,43,4,He's getting a sun tan?,"מה איתו, הוא משתזף?",
45,1,1,8,1,99,83,0,114,A good Goblin!,גובלין טוב!,
45,1,1,9,1,99,112,46,0,Does anyone know CPR?,מישהו יודע עזרה ראשונה?,
45,1,1,10,1,99,1,96,50,Limp as a dishrag.,סחוט כמו סמרטוט רצפה.,
45,1,1,11,1,99,1,99,193,He lost.,הוא אבוד.,
45,1,1,12,1,99,1,99,3,"You've seen one dead Goblin, you've seen 'em all.","ראית גובלין אחד מת, ראית את כולם.",
45,1,4,1,1,99,1,99,37,You've know he's broke.,אתה יודע שהוא מרושש.,
45,1,4,2,1,99,1,99,77,He never had any money.,מעולם לא היו לו שקל על הנשמה.,
45,1,4,3,1,99,1,99,123,You've already taken his money.,כבר נטלת את כל ממונו.,
45,1,4,4,1,99,1,99,147,You find 5 silvers concealed in a pouch.  You take the silvers.,אתה מוצא 5 מטבעות כסף מוטמנים בארנק. אתה לוקח את הכסף.,
45,1,4,5,1,99,1,99,214,You find 4 silvers tucked in his tunic.  He has no use for the silvers.  Into your pocket they go.,"אתה מוצא 4 מעות כסף תחובים בטוניקה שלו. אין לו כבר מה לעשות עם הכסף, אז הוא הולך היישר אל כיסיך.",
45,1,4,6,1,99,1,99,9,The poor slob was the big loser at the poker game.  He didn't even have lunch money.,השלומפר האומלל היה המפסיד הכי גדול במשחק הפוקר. אפילו לא נשאר לו כסף לארוחת צהריים.,
45,1,4,7,1,99,1,99,83,"It's your lucky day, this was the big winner at last night's poker game.  You take his 35 silvers.",זהו יום המזל שלך! הוא היה המנצח הגדול במשחק הפוקר של ליל אמש. אתה מחרים ממנו את 35 השקלים שעליו.,
45,1,4,8,1,99,1,99,142,In this Goblin's left shoe you find 8 silvers. You look around and slip the silvers into your pocket.,בנעל שמאל של הגובלין אתה מוצא 8 מטבעות כסף. אתה מביט כה וכה ומחליק את הכסף לכיסך.,
45,1,4,9,1,99,1,99,10,Clutched in his hand are 4 silvers.  You take the money.,בידו הקמוצה אתה מוצא 4 שקלי כסף. אתה לוקח אותם.,
45,1,4,10,1,99,1,99,69,This guy lost all his dough to a loan shark.,הבחור הזה איבד את כל חסכונותיו לכרישי השוק האפור.,
45,1,4,11,1,99,1,99,96,The Goblin government lost his paycheck.,ממשלת הגובלינים פיטרה אותו מהעבודה.,
45,1,4,12,1,99,1,99,149,He didn't have anything.,לא היה לו כלום.,
45,2,1,0,1,99,2,99,35,It's R2D4!,זה R2D4!,
45,3,1,0,1,99,1,99,231,"It's Hollywood, a virtual Goblin!","זה הוליווד, גובלין וירטואלי!",
45,4,1,0,1,99,1,99,255,It's Droopy!,זה שלוכי!,
45,5,1,0,1,99,1,99,70,It's Sneaky!,זה תחמני!,
45,6,1,0,1,99,1,99,123,"It's Nickaroo, a real Goblin!","זה ניקארו, גובלין אמיתי!",
45,7,1,0,1,99,1,99,170,It's JohnnyFive!,זה ג'וני חמש!,
45,8,0,13,1,99,1,99,199,A Goblin steps out of the bush.,גובלין פוסע מתוך השיח.,
45,8,1,0,1,99,1,99,238,One strange bush!,איזה שיח מוזר!,
45,8,12,0,1,99,1,99,33,A Goblin steps out of the bush.,גובלין פוסע מתוך השיח.,
45,9,0,0,1,99,1,99,88,Wow!  You threw that dead goblin a long way!,וואו! השלכת את הגובלין המת למרחק רב!,
45,9,0,14,1,99,1,99,118,The Goblin has a mean look in its eyes.  You prepare for battle.,לגובלין יש מבט מרושע בעיניו. אתה מתכונן לקרב.,
45,9,1,0,1,99,0,32,0,"You're in the Goblin Central Combat Training Zone.  You wonder where all the goblins are coming from, but don't worry about it.  It's just one of those little unsolved mysteries of the universe.  ","אתה בלב ליבו של מרכז ההדרכה הקרבית מיסודם של עדת הגובלינים. אתה תוהה מאין צצים כל הגובלינים, אך הסר דאגה מליבך. זו בסך הכול עוד אחת מתעלומות היקום הבלתי פתורות.",
52,1,1,0,1,99,4,0,102,Walking through those bushes could make you subject to a grave penalty.,מעבר דרך שיחים אלה משול להתאבדות.,
53,1,1,0,1,99,97,32,102,It's just a bush.,זה רק שיח.,
53,2,1,0,1,99,46,32,0,It is a common bush.,זהו שיח נפוץ.,
53,3,1,0,1,99,4,2,0,It's a small tree.,עץ קטן.,
53,4,1,14,1,99,40,99,4,The handsome Centaur has a look of pride and dignity as he rakes his field.,לקנטאור יפה התואר יש מבט גאה ואצילי בעודו גורף את שדהו.,
53,4,1,15,1,99,55,1,77,The majestic Centaur watches you carefully.,הקנטאור המלכותי מתבונך בך בתשומת לב.,
53,4,2,1,1,38,114,32,105,Baron,ברון,
53,4,2,2,1,38,39,7,40,Brigands,שודדים,
53,4,2,3,1,38,102,32,97,Centaurs,קנטאורים,
53,4,2,4,1,38,100,118,101,Farm,חווה,
53,4,2,5,1,38,115,32,97,Field,שדה,
53,4,2,6,1,38,118,2,0,Fruit,פרי,
53,4,2,7,1,38,40,99,4,Harvest,קציר,
53,4,2,8,1,38,55,1,38,Healer,מרפאה,
53,4,2,9,1,38,117,32,100,Hilde,הילדה,
53,4,2,10,1,38,40,14,40,Leader,מנהיג,
53,4,2,11,1,38,105,110,108,Farmer's Mart,שוק האיכרים,
53,4,2,12,1,38,114,100,32,Name,שם,
53,4,2,13,1,38,117,39,118,Vegetable%c,ירקות,
53,4,5,1,1,38,32,115,101,I'm sorry.  I know little about the Baron and his family.,"""מצטער. הידע שלי אודות הברון ומשפחתו מצומצם מאוד.""",
53,4,5,2,1,38,104,105,110,"""The brigands attacked me a few months ago.  I am a strong fighter and my hooves are deadly, but there were too many of them.""","""השודדים תקפו לפני חודשים מספר. אני לוחם חזק והטלפיים שלי קטלניות, אך הם היו רבים מדי.""",
53,4,5,2,2,38,32,108,105,"""My right leg was broken, and there is no pride for a Centaur who cannot run. If it had not been for the unlikely intervention of their leader, I would be dead.""","""רגלי הימנית נשברה, ואין כבוד לקנטאור שלא מסוגל לרוץ. הייתי כבר מת אילולא ההתערבות הלא הגיונית של מנהיגם.""",
53,4,5,3,1,38,32,13,10,"""We Centaurs are a very ancient and proud people.""","""אנחנו הקנטאורים עם עתיק וגאה.""","הורדתי ""הננו"""
53,4,5,4,1,38,97,113,117,"""I can grow enough on this little plot to feed my family and the village.  You should see this field at harvest time!""","""חלקת שדה קטנה זו מצמיחה מספיק מזון בכדי להאכיל את בני משפחתי וכפרי. אתה חייב לראות איך השדה נראה בעונת הקיץ.""",
53,4,5,5,1,38,58,32,13,"""There is much work for me to do now and I bid you good day.""","""היום קצר והמלאכה מרובה ולכן אפרד ממך בברכת יום טוב.""",
53,4,5,6,1,38,101,114,112,"""In a couple of months, I'll have some cherries.  The apples won't ripen until fall.""","""תוך מספר חודשים, ינצו הדובדבנים. התפוחים לא יבשילו עד הסתיו.""",
53,4,5,7,1,38,98,121,32,"""We grow fine fruit in our little orchard and sell it at our stand in town.""","""אנו מגדלים פירות משובחים בפרדס הקט שלנו ומוכרים אותם בדוכן משלנו בעיירה.""",
53,4,5,7,2,38,115,32,70,"""There you will find fresh cherries in the spring, peaches in summer, and apples in the fall.""","""תמצא שם דובדבנים טריים באביב, אפרסקים בקיץ, ותפוחים בסתיו.""",
53,4,5,7,3,38,114,111,109,"""It is truly a sight to see.""","""זהו מחזה מרהיב מאין כמותו.""",
53,4,5,8,1,38,118,101,32,"""The Healer lives just east of here.  She is very skilled with potions.""","""המרפאה מתגוררת ממש מזרחית מכאן. היא מומחית גדולה בשיקויים.""",
53,4,5,9,1,38,101,118,101,"""Hilde is a bright little filly.  I'm very proud of her.""","""הילדה היא סייחה קטנה וזוהרת. אני גאה בה עד מאוד.""",
53,4,5,10,1,38,0,255,39,"""The leader came up while the brigands attacked me and forced them to stop, ordering them not to hurt people from the town.""","""המנהיג הופיע לאחר מתקפת השודדים נגדי והכריח אותם לעצור, בצוותם כי בל תאונה רעה לאיש מתושבי העיירה.""",
53,4,5,10,2,38,97,32,112,"""Then, to my amazement, the leader gave me a Healing Potion and had me carried to the Healer's house.""","""ואז, לתדהמתי הרבה, השקה אותי המנהיג בשיקוי מרפא ונשא אותי אל בית המרפאה.""",
53,4,5,10,3,38,32,100,111,"""It was hard to judge the leader, whose face was obscured by a large helm, but there was compassion unlike a brigand.""","""היה קשה לעמוד על טיבו של המנהיג, שכן קסדה גדולה הסתירה את פניו, אולם היתה בו חמלה בניגוד למה שהיית מצפה משודד.""",
53,4,5,11,1,38,32,230,38,"""Our stand is in the northeast corner of Spielburg.""","""דוכננו ממוקם בפינה הצפון מזרחית של שפילבורג.""",
53,4,5,11,2,38,89,35,111,"""The produce is not of the finest this time of year, but you will not find better than Pferdefedern fruit come harvest time.""","""התוצרת אינה מהמובחרות ביותר בעונה זו של השנה, אולם בבוא עת האסיף לא תמצא סחורה משובחת יותר מפירות נוצתסוס.""",
53,4,5,12,1,38,32,99,97,"""I am Heinrich Pferdefedern.  I live in town with my daughter Hilde, who sells our produce on Market Street.""","""אני היינריך נוצתסוס. אני גר בעיירה עם בתי הילדה שמוכרת את תוצרתנו ברחוב השוק.""",
53,4,5,13,1,38,0,241,31,"""There are a few carrots and potatoes left from last season, but I'm just starting to plant this year's crops.""","""נותרו מעט גזרים ותפוחי אדמה מהעונה הקודמת, אך כעת אני רק זורע את היבול החדש.""",
53,4,10,0,1,38,4,0,191,"""You must go see my daughter, Hilde, who sells our fruits and vegetables on Market Street.""","""כדאי שתפגוש את בתי, הילדה, היא מוכרת את מגוון הפירות והירקות שלנו ברחוב השוק.""",
53,4,12,0,1,99,114,101,46,"Looking at the Centaur's muscles, his  hoe, and his four gleaming hooves, you get the feeling that it might not be the best of ideas.  Besides, he reminds you of your old friend Flicka. ","בהביטך על שרירי הקנטאור, מעדרו, וארבע פרסותיו הבוהקות, לבך אומר לך כי לא יהיה זה רעיון טוב במיוחד. וחוץ מזה, הוא מזכיר לך את ידידתך פליקה.",
53,4,20,0,1,99,0,0,0,You have no reason to hurt the Centaur.  Put that rock away!,שום דבר לא יצדיק פגיעה בקנטאור. תעזוב את האבן הזאת מיד!,
53,5,1,0,1,99,14,37,4,This tree will never bear fruit.,העץ הזה לעולם לא ישא פרי.,
53,6,1,0,1,99,109,121,32,It's a pine tree.,זהו עץ אורן.,
53,7,1,0,1,99,115,49,0,Three pots wait for the day when they will hold dirt and flowers.,שלושה עציצים ממתינים ליום שבו ימלאו אותם באדמה ופרחים.,
53,8,1,0,1,99,40,0,219,It is a sturdy iron rake with a wooden handle.,מגרפה מברזל יצוק עם ידית מעץ.,
53,8,4,0,1,99,0,218,38,"""Fields must be carefully tended to produce the best crops.""",בעבודה בשדה יש לתת את כל הנשמה על מנת שתניב את הגידולים היפים ביותר.,
53,9,0,0,1,99,108,108,32,The Centaur turns toward you.,הקנטאור מסתובב לכיוונך.,
53,9,0,16,1,99,30,37,40,"Noticing that you are addressing him, the Centaur stops and gives you his attention.","בהבחינו כי פנית אליו, הקנטאור פוסק ממלאכתו ומעניק לך את תשומת ליבו.",
53,9,0,17,1,99,121,32,104,The Centaur stops raking as you approach.,הקנטאור מפסיק לגרוף בעודך מתקרב.,
53,9,1,0,1,99,32,121,111,The forest surrounds the farmer's small fields and orchard.  The crops have yet to be planted.  There are only a few weeds and some grasses at the edge of the forest.,היער מקיף את שדות הירק והבוסתנים. היבולים עדיין לא ניטעו. כמה עשבים שוטים ושיחי בר צומחים בקצה היער.,
53,9,1,0,2,99,39,179,36,"To the east, you can see a small house.  To the west, you see the forest. To the north, beyond the farmer's orchard, you can see the forest. ","במזרח, אתה רואה בית קטן. במערב, משתרע היער. לכיוון דרום, מאחורי המטע החקלאי, אתה רואה יער עבות.",
53,9,1,15,1,99,225,30,115,The field is hoed and fertilized.,השדה מתוחח ומדושן.,
53,9,1,18,1,99,110,108,121,The evening is clear and the stars are bright. Dark clouds pass over the moon.,הערב בהיר והכוכבים נוצצים. עננים צחורים שועטים על פני הירח.,
53,9,1,19,1,99,0,139,32,The sky is a piercing blue with scudding white clouds.,הרקיע צבוע בכחול בוהק ומנוקד בעננים לבנים.,
53,9,1,20,1,99,4,0,180,The garden's dark dirt awaits a new day's sunshine.,אדמת הגן החשוכה ממתינה ליום חדש שיפציע.,
53,9,1,20,2,99,40,24,40,You see a nicely manicured field.  A Centaur rakes the rows.,אתה רואה שדה מטופחת להפליא. קנטאור גורף את הערוגות.,
53,9,4,0,1,99,0,0,0,The farmer has painstakingly removed all the rocks from his fields.,האיכר סיקל בקפדנות את כל האבנים משדהו.,
53,9,4,0,2,38,25,39,4,"""The late snow has made the mountains very pretty.  Fortunately, our valley is sheltered, so the frost has not come to my fields.""  ","""הנוף ההררי מדהים מאז השלג האחרון. למרבה המזל, העמק שלנו מוגן, כך שהכפור אינו מגיע לשדותי.""",
53,9,20,0,1,99,114,97,119,Don't throw things here.  The farmer wouldn't appreciate it.,אל תזרוק פה דברים. האיכר לא יעריך את זה.,
53,9,81,0,1,99,101,6,0,It wouldn't be nice to set the Centaur's crops on fire.,זה לא יפה להעלות את יבולי הקנטאור באש.,
53,10,1,0,1,99,39,100,32,This is the Centaur's shovel.,זהו המעדר של הקנטאור.,
53,11,1,0,1,99,115,101,100,The trees have tiny fruit forming.,העצים עמוסים בפירות זעירים.,
53,12,1,0,1,99,101,101,108,The tree hasn't been planted yet.,העץ עדיין לא נשתל.,
53,13,1,0,1,99,32,100,101,The ornamental vases are empty.,אגרטלי הנוי ריקים.,
53,14,1,0,1,99,98,117,116,You can see the roofs of the town over the fence.,אתה רואה אתה גגות העיירה מעל הגדר.,
53,14,4,0,1,99,101,101,108,The town gate is wide open during the day.  You would look silly climbing the wall.,שערי העיר פתוחים לרווחה במהלך היום. יהיה זה אך מגוחך לטפס על החומה.,
53,14,4,21,1,99,32,116,117,Climbing this wall is too difficult for your level of skill.  Keep practicing.,טיפוס על חומות הינה פעולה מסובכת מדי עבורך ברמת המיומנות הנוכחית שלך. תמשיך להתאמן.,
53,14,20,0,1,99,111,114,101,"Realizing you may hit somebody on the other side of the wall, you put the rock away. ","בהבינך כי מישהו עלול להיפגע מהצד השני של החומה, אתה מניח את האבן מידך.",
54,1,1,0,1,99,139,70,6,The creature looks more like a small flying lizard than a bird.,היצור נראה יותר כמו לטאה מעופפת קטנה מאשר ציפור.,
54,1,4,0,1,99,30,184,164,You can't reach the birdlike creature from here.,אתה לא מצליח לגשת מכאן אל היצור דמוי הציפור.,
54,2,1,0,1,99,131,196,8,The road winds northward toward a walled castle.,הדרך מתפתלת צפונה אל עבר הטירה המבוצרת.,
54,3,1,0,1,99,190,1,0,The door seems to be barred on the inside. Perhaps you should knock.,נראה שהדלת נעולה מבפנים. אולי כדאי שתדפוק.,
54,3,4,1,1,99,169,24,38,There is no answer.,אין מענה.,
54,3,4,2,1,99,2,196,30,"You hear the voice of the healer saying:  ""The last time you were here, I found I was missing some potions.""","אתה שומע את המרפאה צועקת מבפנים: ""בפעם האחרונה שהיית כאן, נעלמו לי כמה שיקויים.""",
54,3,4,2,2,99,139,95,2,"""I don't like thievery.  Go away!""","""אני לא אוהבת מעשי שוד. תסתלק!""",
54,3,17,3,1,99,131,196,8,The door appears to be barred on the inside.,עושה רושם כי הדלת נעולה מבפנים.,
54,3,17,3,2,99,70,252,11,Your skill in lock picking is insufficient to open a sardine can -- with a key!,המיומנות שלך בפריצת מנעולים אינה מספקת אפילו לפתיחת פחיות סרדינים -- עם פותחן!,
54,3,17,4,1,99,59,80,30,Your lock-picking skill will do you no good here.  The door is barred from the inside.,כישורי פריצת המנעולים שלך לא יועילו כאן. הדלת מוברחת מבפנים.,
54,3,72,0,1,99,24,38,255,You politely knock on the door.,אתה דופק בנימוס על הדלת.,
54,3,72,0,2,99,15,0,189,"After a moment, you hear the inside bolt slide open.  ","כעבור דקה, אתה שומע מישהו פותח את הבריח הפנימי.",
54,3,72,0,3,99,184,182,59,"A voice from inside says ""Come on in.""  ","קול קורא מבפנים ""היכנס בבקשה"".",
54,4,1,0,1,99,196,12,235,The road leads north to a castle in the distance and south to the crossroads. To the west you can see a farmer's fields.,הדרך מובילה צפונה אל עבר הטירה שבאופק ודרומה עד לפרשת הדרכים. למערב נפרשות חלקות שדה מעובדות.,
54,5,1,5,1,99,255,118,8,The house looks cheery and well-kept.  It has the sign of the Healer above the entrance.,הבית נראה עליז ושמור היטב. שלט המרפאה מתנוסס מעל הדלת.,
54,5,1,6,1,99,51,89,0,In front of the hut is a small garden in which grow the kinds of plants and herbs that are used for making potions.,בחזית הבקתה נטועה גינה קטנה בה גדלים מינים שונים של צמחים ועשבי מרפא המשמשים לייצור שיקויים.,
54,6,1,13,1,99,8,199,6,"It is made of twigs, leaves, and herbs, probably stolen from the healer's garden.","זה עשוי מייחורים, עלים, ועשבי מרפא, שכנראה נגנבו מגינת המרפאה.",
54,6,1,13,2,99,246,11,246,There is a birdlike creature sitting in the nest.,יצור דמוי ציפור דוגר על קינו.,
54,6,1,14,1,99,255,118,8,"In the nest is an object which appears to be a ring, glinting in the sunlight.","בתוך הקן אתה מבחין בחפץ הנראה כמו טבעת, מנצנץ בשמש.",
54,6,1,15,1,99,139,31,255,It is empty now.,זה ריק עכשיו.,
54,6,1,16,1,99,6,38,255,What's left of the nest is charred beyond recognition.,מה שנשאר מהקן נחרך עד לבלי הכר.,
54,6,1,17,1,99,110,12,155,The remnants of the nest are scattered on the ground.,שרידי הקן התפזרו על פני השטח.,
54,6,1,18,1,99,30,184,182,The nest sits on the branch.,הקן יושב על ענף.,
54,6,4,8,1,99,0,255,118,You see nothing in the remains of the nest.,אינך מוצא דבר בין שרידי הקן.,
54,6,4,9,1,99,131,196,10,There's not enough left to bother with.,לא נשאר יותר מדי.,
54,6,4,10,1,99,6,5,96,"It's a mess, and you don't need it, anyway.","זה חתיכת בלגן, וגם אין לך מה לעשות עם זה.",
54,6,4,11,1,99,89,0,11,"It would be too messy to stow in your pack, and it doesn't appear to be good for anything.","זה יגרום לאנדרלמוסיה עצומה בתוך תרמילך, וזה הדבר האחרון שחסר לך עכשיו.",
54,6,4,12,1,99,203,85,139,Perhaps you can do that.,אולי תוכל לעשות את זה.,
54,6,12,0,1,99,152,11,192,"The nest is out of reach, even using your sword.","הקן רחוק מהישג ידך, אפילו כשאתה משתמש בחרב.",
54,6,16,7,1,99,255,118,12,Your dagger misses the nest and falls to the ground; you'll have to keep practicing.,פגיונך מפספס את הקן ונופל ארצה; תצטרך להמשיך להתאמן.,
54,6,20,0,1,99,38,255,119,You don't need to do that now.,אתה לא צריך לעשות את זה עכשיו.,
54,7,1,0,1,99,14,38,139,There is a plowed field to the west.,מערבה ממך נראה שדה חרוש.,
54,8,1,0,1,99,8,11,194,There is a forest to the east.,יער עבות נמצא בצד מזרח.,
54,9,0,0,2,99,118,12,255,You pick up a shiny gold ring.,אתה מרים טבעת זהב נוצצת.,
54,9,0,0,3,99,14,30,184,It takes a lot of skill and practice to climb this tree.,ידרשו לך הרבה מיומנות ותרגול על מנת לטפס על העץ הזה.,
54,9,0,0,4,99,154,33,3,You carefully bend down and reach into the nest.,אתה מתכופף בזהירות ומושיט יד לקן.,
54,9,0,0,5,99,0,117,34,"In the nest, you find a gold ring.","בתוך הקן, אתה מוצא טבעת זהב.",
54,9,0,0,6,99,12,255,118,You take the ring and move carefully back along the limb.,אתה לוקח את הטבעת ונע בחזרה בזהירות במעלה הענף.,
54,9,0,0,7,99,196,94,18,Made it!  Now back down the tree.,עשית את זה! כעת רד מהעץ.,
54,9,0,5,1,99,131,196,12,Experience is the best teacher.,אין חכם כבעל הניסיון.,
54,9,0,6,1,99,143,93,203,Practice makes perfect.,כושר מביא לאושר.,
54,9,0,14,1,99,160,164,59,You place the nest on the ground. It is of no use to you.,אתה מניח את הקן על הקרקע. אין לך מה לעשות איתו.,
54,9,0,15,1,99,180,59,0,You take a lovely gold ring from the nest.,אתה נוטל את טבעת הזהב המקסימה מהקן.,
54,9,0,15,2,99,154,37,1,You place the ring into your pack and the nest on the ground.,אתה מניח את הטבעת בילקוטך ואת הקן על הרצפה.,
54,9,0,19,1,99,7,1,235,The bright smell of fresh herbs mingles with the aroma of wood smoke as you near a hut by the side of the road.,ריחם המשכר של עשבי המרפא הטריים המתמזג בארומה של עץ מעשן עולה באפך בשעה שאתה מטפס אל הבקתה שבצד הדרך.,
54,9,0,20,1,99,87,80,30,Remember what happened to Humpty Dumpty.,זכור את אשר קרה להמפטי דמפטי.,
54,9,0,21,1,99,0,11,131,Take a break.  It's Mueller time.,"שב, תנוח, אל תירא - ושחק בחזרה.",
54,9,0,22,1,99,180,59,59,You see the glinting object in the remains of the nest.,אתה רואה חפץ מנצנץ בין שרידי הקן.,
54,9,0,23,1,99,180,59,30,That's what happens sometimes when you go out on a limb.,זה מה שקורה לפעמים כשהולכים על ענף דק.,
54,9,0,24,1,99,59,80,154,You see nothing in the nest.,אינך רואה דבר וחצי דבר בתוך הקן.,
54,9,0,25,1,99,11,192,117,"Try, try again, etc... ",נסה עוד הפעם וכו'...,
54,9,4,26,1,99,59,80,196,You can't do that while you're up in the tree!,אינך יכול לעשות זאת בשעה שאתה יושב בראש האילן!,
54,9,4,27,1,99,6,38,255,You pick up a few small rocks.,אתה אוסף כמה אבנים קטנות.,
54,9,78,11,1,99,196,95,73,"As you try to cast a spell from your high perch on the tree, you lose your concentration, and...","כאשר אתה מנסה להטיל כישוף מעמדתך במרומי העץ, אתה מאבד את הריכוז שלך, ואז...",
54,9,82,11,1,99,2,255,95,"As you try to cast a spell from your high perch on the tree, you lose your concentration, and...","כאשר אתה מנסה להטיל כישוף מעמדתך במרומי העץ, אתה מאבד את הריכוז שלך, ואז...",
54,9,82,12,1,99,137,70,252,That spell is no longer useful here (but you did get some practice).,הקסם הזה כבר לא שימושי כאן (אם כי צברת עוד קצת ניסיון).,
54,10,1,0,1,99,59,80,22,The apothecary bottle sign indicates that the occupant of the house is skilled with potions.,סמל בקבוק הרוקחים מרמז כי בעלת הבית מומחית בשיקויים.,
54,11,1,1,1,99,1,110,20,You can see nothing in the dark.,אינך מצליח לראות דבר בחשיכה.,
54,11,1,28,1,99,70,254,117,"The curtains obscure your vision.  You can only make out a clutter of bottles, jars, and pots on the sill.","הוילונות חוסמות את שדה הראייה. אתה רק מבחין בערבוביה של בקבוקים, צנצנות, וכדים על אדן החלון.",
54,12,1,0,1,99,184,58,118,The tree is a large oak.,זהו עץ אלון גדול.,
54,12,1,29,1,99,3,231,49,There is a nest on the limb that stretches toward the hut.,קן יושב על הענף המתוח על פני הבקתה.,
55,1,1,1,1,99,203,85,139,It's a barrel.,זוהי חבית.,
55,1,1,2,1,99,6,38,131,It's just a wooden barrel.,חבית עץ פשוטה.,
55,2,1,0,1,99,1,196,94,The healer's bed looks very comfortable.,מיטת המרפאה נראית נוחה ביותר.,
55,2,4,0,1,99,196,94,6,"Since it has been awhile since you took a bath, you decide not to sleep in the healer's bed. ","מאחר ועבר זמן רב מאז הפעם האחרונה שהתקלחת, אתה מחליט לא לישון במיטת המרפאה.",
55,3,1,0,1,99,255,118,6,It looks like cheesecloth.,זה נראה כמו בד כותנה.,
55,4,4,0,1,99,95,60,131,The fire is very hot.,האש לוהטת.,
55,5,0,3,1,99,119,26,38,<CRLF>   Magic Acorn,"
בלוט קסום",
55,5,0,4,1,99,80,196,94,<CRLF>   Fairy Dust,"
אבקת פיות",
55,5,0,5,1,99,119,32,255,<CRLF>   Green Fur,"
פרווה ירוקה",
55,5,0,6,1,99,6,38,139,<CRLF>   Flowers from Erana's Peace,"
פרחים ממנוחת אראנה",
55,5,0,7,1,99,184,2,0,"Let's see, to make the Dispel Potion I still need: %s %s %s %s %s","בוא נראה, בכדי להכין שיקוי הפגה חסרים לי עדיין הרכיבים הבאים: %s %s %s %s %s",
55,5,0,8,1,99,30,38,255,<CRLF>   Flying Water,"
מים מעופפים",
55,6,1,0,2,99,89,89,5,You see a middle-aged woman with rosy cheeks and smile lines around her eyes.,אתה רואה אישה בגיל העמידה עם לחיים ורודות וקמטי צחוק סביב עיניה.,
55,6,2,9,1,40,255,119,46,Magic Acorn%c,בלוט קסום,
55,6,2,10,1,40,38,255,119,Baron,ברון,
55,6,2,11,1,40,154,1,0,Troll Beard%c,זקן טרול,
55,6,2,12,1,40,6,38,255,Brigands,שודדים,
55,6,2,13,1,40,205,89,130,Castle,טירה,
55,6,2,14,1,40,38,255,119,Cheetaur Claw%c,טפרי צ'יטאור,
55,6,2,15,1,40,6,38,255,Daughter,בת,
55,6,2,16,1,40,205,89,130,Dispel Potion%c,שיקוי הפגה,
55,6,2,17,1,40,139,87,46,Dryad,דריאדה,
55,6,2,18,1,40,208,22,82,Fairy Dust,אבקת פיות,
55,6,2,19,1,40,10,196,94,Farmer,איכר,
55,6,2,20,1,40,115,189,80,Flasks,בקבוקונים,
55,6,2,21,1,40,0,147,37,Flowers,פרחים,
55,6,2,22,1,40,118,252,154,Flying Water,מים מעופפים,
55,6,2,23,1,40,255,118,254,Fairy Ring,מעגל פיות,
55,6,2,24,1,40,118,252,154,Green Fur,פרווה ירוקה,
55,6,2,25,1,40,94,6,38,Healer,מרפאה,
55,6,2,26,1,40,20,252,3,Healing Potion,שיקוי מרפא,
55,6,2,27,1,40,72,90,130,Leader,מנהיג,
55,6,2,28,1,40,189,80,22,Power Potion,שיקוי כוח,
55,6,2,29,1,40,88,130,7,Magic,קסם,
55,6,2,30,1,40,252,80,255,Mandrake Root%c,שורש דודאים,
55,6,2,31,1,40,6,38,139,Mushroom%c,פטריות,
55,6,2,32,1,40,184,1,0,Erana's Peace,מנוחת אראנה,
55,6,2,33,1,40,196,94,6,Pet,חיית מחמד,
55,6,2,34,1,40,196,6,255,Potions,שיקויים,
55,6,2,35,1,40,3,240,36,Pterosaur,פטרוזאור,
55,6,2,36,1,40,139,236,131,Reward,פרס,
55,6,2,37,1,40,154,58,24,Ring,טבעת,
55,6,2,38,1,40,22,80,22,Son,בן,
55,6,2,39,1,40,130,7,89,Spell Components,רכיבי כישוף,
55,6,2,40,1,40,26,17,130,Floating Spirits,רוחות מרחפות,
55,6,2,41,1,40,139,70,234,Stamina,סיבולת,
55,6,2,42,1,40,22,141,70,Undead Unguent,משחת אלמוות,
55,6,2,43,1,40,131,196,14,Vigor Potion%c,שיקוי מרץ,
55,6,2,44,1,40,0,255,118,Zombies,זומבים,
55,6,4,0,1,99,131,196,8,A rather motherly-looking woman with a look of vagueness that belies her shrewdness.  She wears an apron over her dress and a scarf wrapped around her head.,מראה כשל אשה אימהית עם מבט מעורפל המסווה את פקחותה. היא לובשת סינר מעל לשמלתה וצעיף כרוך סביב לראשה.,
55,6,4,37,1,40,143,3,240,"""My ring is shaped in gold like a braid of the herb Athelas with entwined leaves.  I will give six golds to the person who returns my ring."" ","""על טבעתי עיטורי זהב כשל קליעת עשבי האתליאס שזורים בעלים. המוצא הנאמן יקבל כתשורה שישה מטבעות זהב.""",
55,6,4,37,2,40,118,230,30,"""I have already given you your reward for the return of my ring."" ","""כבר הענקתי לך את הפרס על שהשבת לי את טבעתי.""",
55,6,5,9,1,40,244,80,154,"""The only place you can get a magic acorn from is a Dryad's oak tree.""","""המקום היחידי שבו ניתן להשיג בלוט קסום הוא עץ עלון דריאדי.""",
55,6,5,10,1,40,82,80,139,"""Poor man, he hasn't been the same since his son and daughter were taken from him.""","""איש מסכן, הוא לא חזר לעצמו מאז שבנו ובתו נלקחו ממנו.""",
55,6,5,11,1,40,8,80,154,"""The Trolls around here are tough monsters that cannot stand the light of day and so are found only at night or in caves."" ","""הטרולים מסביבנו הינם מפלצות אימתניות אשר אינם מסוגלים לשאת באור היום ובשל כך ניתן למוצאם אך ורק בלילות או במערות חשוכות.""",
55,6,5,11,2,40,255,118,246,"""They are very difficult to kill, but I will pay two healing potions for the beard of a troll.""","""קשה מאוד להורגם, אולם אשלם בשני שיקויי מרפא עבור זקן טרול.""",
55,6,5,12,1,40,36,89,89,"""Those brutes!  I'm always having to heal someone they've beaten up and robbed.  I hate thieves and brigands.""","""פראי אדם! מובאים אלי בתדירות גבוהה פציינטים אשר הוכו ונשדדו על ידם. אני שונאת גנבים.""",
55,6,5,13,1,40,196,94,6,"""You can see Spielburg castle from my yard outside.  The Baron lives there with only his guards for company, so I hear.""","""אפשר לראות את צריחיה המזדקרים של טירת שפילבורג מחצר גינתי. הברון חי שם בחברת כמה שומרים, כך שמעתי.""",
55,6,5,14,1,40,235,24,196,"""The Cheetaur looks like a cross between a panther and a man.  It is vicious and tough.""","""הצ'יטאור נראה כמו הכלאה בין פנתר לאדם. הוא אכזרי ומרושע.""",
55,6,5,14,2,40,118,8,255,"""Unless you are a very tough fighter, you had best try to get away from it. If you do manage to kill it, then I will pay you five silvers for each claw."" ","כל עוד אינך לוחם חזק ומיומן, עשה לעצמך טובה והתרחק ממנו ככל האפשר. היה ותוכל לו ותהרגהו, אשלם לך חמישה שקלי כסף תמורת כל אחד מטפריו.""",
55,6,5,15,1,40,31,255,95,"""The dear child, I can still picture her with her beautiful blond hair done up in braids.  She was so sweet.  It's hard to believe she's gone.""","""ילדת חמד, עדיין עומדת לנגד עיני דמותה המקסימה עם שערה הבלונדיני וצמותיה המתנפנפות. היא היתה כל כך מתוקה. בלתי נתפס שהיא נעלמה ואיננה.""",
55,6,5,16,1,40,236,131,236,"""If you know the ingredients and then bring them here, I can make you such a potion.""","""אם ידועים לך הרכיבים ותצליח להביא אותם אלי, בשמחה ארקח לך את השיקוי המבוקש.""",
55,6,5,17,1,40,127,14,0,"""I had heard that there was a Dryad in the woods somewhere.  I've never met anyone who actually spoke with her before.  How very interesting.""","""שמעתי כי היתה דריאדה ששכנה אי שם בלב היער. מעולם לא פגשתי אדם שהתיימר לטעון כי שוחח איתה. מעניין מאוד.""",
55,6,5,18,1,40,139,86,10,"""Fairy Dust obviously comes from fairies.  They dance around mushroom rings when it is night.  Fairies are magical beings, so be careful around them.""","""אבק פיות מגיע מן הסתם מפיות. הן רוקדות סביב מעגלי פטריות בשעות הלילה. פיות הן ישויות קסומות, אז היה זהיר בקרבתן.""",
55,6,5,19,1,40,1,0,235,"""Would you believe the brigands almost killed him a while back?  Fortunately their leader made them bring Heinrich here where I could heal him."" ","""היית מאמין כי השודדים כמעט והרגו אותו לפני זמן מה? למרבה המזל מנהיגם הכריח אותם לשאת את היינריך לכאן על מנת שאוכל לרפאותו.""",
55,6,5,20,1,40,10,117,1,"""I will pay you one silver for each empty flask you bring me so I can use it for more potions.""","""אשלם לך מטבע כסף אחת על כל בקבוקון ריק שתביא לי בכדי שיהיה לי היכן לאחסן את שיקויי.""",
55,6,5,21,1,40,38,128,63,"""I use flowers from Erana's Peace to the north in nearly all my potions. They have some of the magic of the place even when they are dried.  I will pay you five silvers for a flask full of flowers.""","""אני משלבת פרחים ממנוחת אראנה בצפון כמעט בכל שיקויי. קסם המקום נותר בהם אפילו כשהם יבשים. אשלם לך בחמש מטבעות כסף על כל בקבוקון מלא פרחים.""",
55,6,5,22,1,40,255,118,6,"""I'm not sure what kind of water that is.""","""אינני יודעת איזה מן מים אלה.""",
55,6,5,23,1,40,95,40,131,"""A Fairy Ring is a circle of mushrooms.  Fairies dance in them at night, which makes the mushrooms very magical.  Those fairies are cute, but they play rough!""","""מעגל פיות זהו חוג של פטריות. הפיות רוקדות בתוכם בלילות, מה שהופך את הפטריות לקסומות. הפיות הן יצורות חמודות, אך משחקות מלוכלך!""",
55,6,5,24,1,40,10,137,70,"""I've never heard of a monster around here with green fur.  Rare things are sometimes by their nature magical.""","""מימיי לא שמעתי על מפלצת בעלת פרווה ירוקה. דברים נדירים הם לעיתים קסומים מעצם טבעם.""",
55,6,5,25,1,40,118,254,255,"""Well, my name is Amelia Appleberry, but mostly I am just known as the Healer.  I will be happy to sell you some potions.  I live here with my pet, Pterry.""","""ובכן, שמי הוא אמיליה תפוחתות, אך לרוב אני ידועה בתור 'המרפאה'. אמכור לך בשמחה כמה משיקויי. אני גרה כאן עם חיית המחמד שלי, פטרי.""",
55,6,5,26,1,40,6,196,94,"""This potion is used to heal damage and keep wounds from getting worse.  It has gotten pretty dangerous around here, and a Healing Potion can be quite useful in a serious situation.""","""השיקוי נועד לשקם נזקים ולאחות פצעים לבל יחמירו. לאחרונה האזור הפך למסוכן מאוד, כך ששיקוי מרפא עשוי להתברר כיעיל מאוד במצבים מסוכנים.""",
55,6,5,27,1,40,131,196,8,"""I heard the brigand Leader ordering those nasty men to bring poor Heinrich here after they hurt him so.  I gave them all a good scolding, you can imagine."" ","""שמעתי שמנהיג השודדים הוא שציווה על אנשיו המחליאים לשאת את היינריך האומלל הנה לאחר שהם פגעו בו קשות. נתתי להם שיחת מוסר טובה, כפי שאתה יכול לדמיין.""",
55,6,5,28,1,40,232,143,4,"""Magic Potions restore the energy needed to cast spells.""","""שיקויי כוח משחזרים את האנרגיה הדרושה להטלת קסמים.""",
55,6,5,29,1,40,252,11,194,"""I have the skill to use my magic to create potions.  I am a bit proud about it.  Not everyone can do that, you know.""","""רכשתי את המיומנות ליצור שיקויים בעזרת קסם. אני די גאה בזה; לא כל אחד מסוגל לעשות את זה, אתה יודע.""",
55,6,5,30,1,40,85,139,236,"""Mandrake root is used in a variety of spells, mostly for evil purposes.  Mandrake must be pulled from a deadman's grave at midnight.  The root is particularly powerful.""","""בשורש דודאים נעשה שימוש במגוון רחב של קסמים, רובם למטרות אפלות. השורש חייב להיעקר מקברו של אדם מת בחצות ליל. לשורש יש כוחות על.""",
55,6,5,31,1,40,0,116,43,"""I need the mushrooms from a fairy ring to make Power Potions.  I will pay you one gold for some."" ","""אני זקוקה לפטריות ממעגל פיות כדי להכין שיקויי כוח. אשלם לך מטבע זהב בעבור חופן.""",
55,6,5,32,1,40,3,70,10,"""Almost due north of here is the meadow called 'Erana's Peace'.""","""צפונית לכאן נמצא האחו המכונה 'מנוחת אראנה'.""","שיניתי לאראנה, כפי שכתוב במקומות האחרים"
55,6,5,32,2,40,196,94,6,"""It is a very magical area and I understand that it is a place of safety.  It is beautiful all year, for the flowers are always in bloom.""","""זהו איזור קסום במיוחד ולהבנתי זהו מקום מבטחים. כל השנה הוא יפהפה, כי הפרחים שם מלבלבים תמיד.""",
55,6,5,33,1,40,118,8,255,"""Oh, that's my pet, Pterry, the pterosaur.  He has a girl friend, Pteresa, who has a nest in the oak outside my door.  Pterry keeps me company and listens to my chatter as I work.""","""הו, זה פטרי, פטרוזאור המחמד שלי. יש לו חברה, פטרזה, ויש להם קן בעץ האלון מחוץ לדלתי. פטרי מנעים את זמני ומאזין לפטפוטיי בזמן שאני עובדת.""",
55,6,5,34,1,40,31,255,95,"""I make and sell Healing Potions, Magic Potions, Vigor Potions and Undead Unguent.""","""אני יוצרת ומוכרת שיקויי רפואה, שיקויי כוח, שיקויי מרץ, ומשחות אלמוות.""",
55,6,5,35,1,40,236,196,94,"""They are a species of flying lizard.  I understand they can grow quite large in the south.""","""הם זן של לטאות מעופפות. הבנתי שהם יכולים להגיע למימדים די גדולים בדרום.""",
55,6,5,36,1,40,2,235,34,"""I will give six golds to the person who returns my ring.  It was a gift when I graduated from the college of Healing.""","""אתן שישה מטבעות זהב לאיש אשר ישיב לי את טבעתי. קיבלתי אותה במתנה כשסיימתי את לימודי במכללה לרפואה.""",
55,6,5,37,1,40,94,6,38,"""My ring is shaped in gold like a braid of the herb Athelas with entwined leaves.  I don't know how I lost it, I hardly ever take it off."" ","""על טבעתי עיטורי זהב כשל קליעת עשבי האתליאס שזורים בעלים. אינני יודעת כיצד היא אבדה לי, אני כמעט אף פעם לא מסירה אותי מעל ידי.""",
55,6,5,38,1,40,255,118,8,"""He was just a young dashing man when he last rode off and never returned.""","""הוא היה עלם צעיר ונמרץ כשיצא לרכיבתו האחרונה; מאז הוא לא שב.""",
55,6,5,39,1,40,139,31,255,"""I always need ingredients for making potions.  Right now, I need some of Erana's Flowers, Magic Mushrooms, Troll Beard, and, let me think ... Oh, yes, Cheetaur Claws.""","""תמיד ישנם רכיבים שחסרים לי לטובת הכנת השיקויים. כרגע למשל, אני זקוקה לפרחי אראנה, פטריות קסם, זקן טרול, ותן לי לחשוב... אה, כן, טפרי צ'יטאור.""",
55,6,5,39,2,40,139,236,131,"""I will be happy to pay you if you bring me some.  I'll also buy back any empty flasks you have so that I can recycle them.  Waste not, want not, after all.""","""אשלם בשמחה עבור חופן מכל אחד מהדברים שציינתי. כמו כן אני גם קונה בחזרה בקבוקונים ריקים לצורכי מיחזור. כמאמר הכתוב 'מחזר בשביל שתתעשר'.""",
55,6,5,40,1,40,127,14,0,"""Floating Spirits are the ghosts which usually hang around graveyards at night.  They are dangerous, so don't go near them unless you use Undead Unguent first.""","""נשמות מרחפות הן רוחות רפאים שבדרך כלל נצפות בבתי קברות בשעות הלילה. הן מסוכנות ביותר, ולכן אל תתקרב אליהם כל עוד לא מרחת על עצמך משחת אלמוות.""",
55,6,5,41,1,40,255,118,10,"""Stamina is a measure of the energy the body uses as you work or play.""","""סיבולת היא יחידת אנרגיה שהגוף צורך כשאתה עובד או משחק.""",
55,6,5,42,1,40,6,38,255,"""Undead Unguent is used to drive off the minor undead such as zombies or floating spirits.  It doesn't last long, so you should use it only when you are anticipating an encounter with such things.""","""משחת אלמוות משמשת לדחיית אל-מתים זוטרים כמו זומבים או רוחות. היא לא מחזיקה לאורך זמן, כך שעליך למורחה סמוך לפגישתך עם אותם יצורים.""",
55,6,5,43,1,40,119,6,30,"""Vigor Potion is used to revitalize yourself after vigorous exercise.   It helps to restore stamina.""","""שיקוי מרץ משמש להחייאה עצמית לאחר פעילות גופנית מאומצת. הוא עוזר לשקם את כוח הסיבולת.""",
55,6,5,44,1,40,252,80,154,"""There are not too many zombies in this land... too damp, I suppose.  There are some floating spirits, I have heard.""","""לא קיימים זומבים רבים בארצות אלה, הלחות גבוהה מדי, אני משערת. אם כי ישנם כמה וכמה רוחות מרחפות, כך שמעתי.""",
55,6,10,52,1,99,137,86,250,You find that you have less money than you thought.  You can't afford to buy the potion.,"אתה מגלה כי ברשותך הרבה פחות כסף ממה שחשבת, ואין באפשרותך לרכוש שיקוי.",
55,6,10,53,1,40,255,119,2,"""You'll have to be more specific.""",תצטרך להיות יותר ספציפי.,
55,6,10,54,1,40,118,6,196,I need all my flasks for potions.  You'll have to get one somewhere else.,"""אני זקוקה לכל הבקבוקונים שלי עבור השיקויים. יהיה עליך להשיג אחד במקום אחר.""",
55,6,10,55,1,40,56,131,196,I don't have any.,"""אין לי כאלה.""",
55,6,10,56,1,40,154,143,3,"""I hope this will help you.""","""אני מקווה שזה יעזור לך.""",
55,6,16,0,1,40,80,255,118,"Please, show some respect.","""אנא ממך, גלה קצת כבוד.""",
55,6,21,0,1,40,38,139,31,"""Thank you, I always need flasks.""","""תודה לך, אני תמיד שמחה לעוד בקבוקונים.""",
55,6,28,37,1,40,229,93,203,"""Oh, thank you for finding my ring.  How I've missed this.  Here are six golds and two Healing Potions for your reward!""","""הו, רב תודות על שמצאת את טבעתי. כמה שהיא חסרה לי. הרי לך ששת מטבעות הזהב ושני שיקויי המרפא שזכית בהם ביושר!""",
55,6,34,0,1,40,131,127,14,"""So you helped the Dryad, that's nice.  She does keep the forest around here healthy.  So that's how to make a Dispel Potion, is it?  Thanks for letting me know.""","""אז עזרת לדריאדה; נחמד מצידך. היא אכן דואגת לבריאותם של היערות מסביבנו. אז ככה מייצרים שיקוי הפגה, אה? תודה שסיפרת לי.""",
55,6,35,51,1,40,196,94,10,"""I wouldn't know what to do with that."" ","""לא הייתי יודעת מה לעשות עם זה.""",
55,6,36,45,1,40,255,118,8,"Thank you, but I have all the flowers I need.","""תודה לך, אך יש לי פרחים די והותר.""",
55,6,36,46,1,40,139,31,255,"""Thank you.  I can always use flowers from Erana's Peace in potion making. Here are your silvers.""","""תודה רבה. פרחים ממנוחת אראנה הינם מרכיבים חיוניים במרבית השיקויים. קבל את מטבעותיך.""",
55,6,36,46,2,99,10,38,128,You put them away.,אתה מניח אותם בתרמילך.,
55,6,37,0,1,40,255,118,6,"""Thank you.  I'll save this for a later use.""","""רוב תודות. אשמור את זה לשימוש עתידי.""",
55,6,37,16,1,40,95,16,89,"""Those Meeps sound so interesting.  I'd like to meet them sometime.  I'll get to work on that potion of yours."" ","""אותם מיפים נשמעים כל כך מעניינים. הייתי שמחה לפוגשם ביום מן הימים. אלך לעבוד על השיקוי שביקשת.""",
55,6,38,16,1,40,236,2,154,"""So, you say this is one of the ingredients for the Dispel Potion.  Well, I had better get started making it.""","""אז, אתה אומר שזהו אחד מהמרכיבים של שיקוי ההפגה. אם כן, כדאי שאתחיל להכין אותו.""",
55,6,38,16,2,40,36,154,245,"""Thank you.  I'm sure that I'll find a good use for Fairy Dust.""","""אין מילים. בטוחני כי אמצא שימוש ראוי לאבק פיות.""",
55,6,39,16,1,40,27,0,116,"""I don't need any more Flying Water.  Thank you anyway.""","""אין לי צורך בעוד מים מעופפים. תודה בכל אופן.""",
55,6,39,47,1,40,255,118,8,"""Thank you for the offer, but I really don't need any water.""","""תודה על ההצעה, אך באמת שאינני זקוקה לעוד מים.""",
55,6,39,48,1,99,139,31,255,"The Healer makes some sort of arcane gesture over the flask of water, then looks surprised.","המרפאה מבצעת מין תנועה מסתורית מעל בקבוקון המים, ואז הבעת הפתעה מופיעה על פניה.",
55,6,39,48,2,40,203,85,139,"""I'm sorry, but this water does not seem to have any magical potential at all.  This can't be the `Flying Water' you described.""","""מצטערת, אבל מים אלה נראה כי אין בהם פוטנציאל קסום מכל וכל. אין סיכוי כי אלה הם ה'מים המעופפים' שתיארת.""",
55,6,39,49,1,99,6,38,131,"The Healer makes some sort of arcane gesture over each flask of water, then smiles.","המרפאה מבצעת מין תנועה מסתורית מעל בקבוקון המים, ואז חיוך רחב מתפשט על פניה.",
55,6,39,49,2,40,235,21,176,"""Flying Water.  How clever.""","""מים מעופפים. כמה גאוני.""",
55,6,40,45,1,40,6,196,94,"Thank you, but I have enough mushrooms.","""באמת תודה, אבל יש לי מספיק פטריות.""",
55,6,40,46,1,40,131,196,6,"""These are very nice.  I'll dry them and grind them into a powder.""","""הם יפים מאוד. אייבש אותם ואטחן אותם לאבקה.""",
55,6,40,46,2,40,94,93,203,"""Let me think, oh yes, I said these are worth a gold.  Here you are.""","""תן לי לחשוב, אה כן, אמרתי שהם שווים זהב. טול את המגיע לך.""",
55,6,40,46,3,99,38,131,127,You put it away.,אתה מניח אותו בתרמילך.,
55,6,40,50,1,40,128,126,10,You have ruined the mushrooms with toadstools.  I can not buy your mushrooms.,"""הרסת את הפטריות עם פטריות הרעל. לא אקנה ממך פטריות בשום אופן.""",
55,6,46,0,1,40,126,10,10,"""Do you mean to tell me that you actually managed to kill a Cheetaur?  You're quite a hero, aren't you?"" ","""אתה בא להגיד לי שאשכרה הצלחת להרוג צ'יטאור? אתה חתיכת גיבור אתה, אה?""",
55,6,46,0,2,40,71,42,196,"""Here is your money. You might think about purchasing a Healing Potion in case you have to fight such monsters again.""","""הנה הכסף שלך. אולי כדאי שתשקול לרכוש שיקוי מרפא למקרה שתיאלץ להילחם במפלצות האלה שוב.""",
55,6,47,0,1,40,11,71,18,"""Don't tell me you actually killed a Troll?  Why, you are really amazing.  I haven't had any Troll's Beard for a long time.  Here are two Healing Potions for the beard.""
You put them away.","""אל תגיד לי שהרגת טרול? תשמע, אתה פשוט מדהים. זה שנים רבות שלא זכיתי להחזיק בזקן טרול. הנה לך שני שיקויי מרפא תמורת הזקן.""",
55,6,47,0,2,99,0,196,94,You put them away.,אתה מניח אותם בתרמילך.,
55,7,1,0,1,99,7,125,33,They are ingredients the healer uses to make her potions.,אלה הם המרכיבים שמשמשים את המרפאה להכנת שיקוייה.,
55,8,1,0,1,99,38,139,71,Soup is good for you.  Mmmm Mmmm good.,מרק טוב לבריאות. זה טוב זה אוסם!,
55,8,4,0,1,99,71,12,138,It's not your soup.,זה לא המרק שלך.,
55,9,1,0,1,99,138,194,180,"Ladder up to the loft where the Healer has her personal quarters.  No, you can't go up the ladder.","הסולם מטפס אל עבר עליית הגג שם שוכנים חדרי מגוריה הפרטיים. לא, אתה לא עולה בסולם.",
55,9,4,0,1,99,255,119,18,Don't be nosy.,אל תהיה חטטן.,
55,10,1,0,1,99,80,154,172,The pterosaur's litter box.,ארגז החול של הפטרוזאור.,
55,11,1,0,1,99,255,255,116,Amelia uses a wide variety of pots to make her magical potions.,אמיליה משתמשת במגוון רחב של קנקנים לצורך הכנת שיקוייה הקסומים.,
55,11,4,0,1,99,22,184,4,Do you want to burn yourself?  Those pots are hot!,אתה רוצה לחטוף כוויה? הקנקנים האלה רותחים!,
55,12,1,0,1,99,6,196,94,You see a winged lizard much like the one you saw outside.,אתה רואה לטאה עם כנפיים דומה מאוד לזאת שראית בחוץ.,
55,12,4,0,1,99,131,196,6,"Small on a prehistoric scale, but still a pterosaur.","קטן בקנה מידה פרהיסטורי, אבל עדיין פטרוזאור.",
55,13,0,0,1,40,236,2,196,"""I cannot make you another Dispel Potion unless you can convince the Dryad to give you another magic acorn.  I do not think that is likely.","""לא אוכל להכין לך שיקוי הפגה נוסף אלא אם כן תצליח לשכנע את הדריאדה לתת לך עוד בלוט קסום. אני לא חושבת שזה סביר.""",
55,13,0,57,1,99,116,76,196,"You tell the healer that you have been to visit the Dryad of the Woods, and that she gave you a Magic Acorn and told you the formula for a potion to dispel enchantments.  ","אתה מספר למרפאה כי ביקרת את הדריאדה ביער, וכי היא נתנה לך בלוט קסום ולימדה אותך את נוסחת השיקוי להפגת לחשים.",
55,13,0,58,1,40,18,117,65,"""Oh, by the way, if you happen to find a ring on your adventures, I lost my favorite gold ring.  I will give a reward to the one who returns it.""","""הו, דרך אגב, אם תמצא במקרה טבעת באחת מהרפתקאותיך, דע לך כי איבדתי את טבעת הזהב האהובה עלי. הבטחתי פרס גדול לאדם אשר ישיב לי אותה.""",
55,13,0,59,1,40,57,160,228,"""Here is the potion of Dispel!"" ","""הנה שיקוי ההפגה!""",
55,13,0,59,2,40,7,89,11,"""Use it by splashing it on the victim of a magic spell.  Mind you, this won't work if the spell is caused by a magic item; that type of magic can only be removed by taking away the item."" ","""השימוש בו מתבצע על ידי התזתו לעבר קורבן לחש הקסם. לידיעתך, זה לא יעבוד אם הלחש נעשה על ידי חפץ קסום; קסם מסוג זה ניתן להסיר רק על ידי סילוק הפריט.""",
55,13,0,60,1,40,80,154,145,Please leave me to make the potion and when you return I shall have it for you.,"""אנא הנח לי לרקוח את השיקוי, וכשתחזור הוא כבר יהיה מוכן למענך.""",
55,13,0,60,2,40,43,130,7,"""If you know the ingredients for a Dispel Potion and bring them here, I can make you such a potion.""","""אם ידועים לך הרכיבים לשיקוי ההפגה ותצליח להביא אותם אלי, בשמחה ארקח לך את השיקוי המבוקש.""",
55,13,0,61,1,40,6,131,126,"""The Dispel Potion will take a while to make.  Why don't you come back later?""","""הכנת שיקוי ההפגה עשויה להימשך זמן מה. למה שלא תחזור יותר מאוחר?""",
55,13,0,62,1,40,38,199,71,"""Well, what can I do for you this time?""","""ובכן, מה אוכל לעשות למענך הפעם?""",
55,13,0,63,1,99,6,38,131,The fragrance of the herbs mingle with some other rather pungent odors as you step into the Healer's house.,באפך עולה ניחוח העשב הנמסך בריח לא נעים במיוחד בשעה שכף רגלך דורכת בביתה של המרפאה.,
55,13,0,64,1,99,6,38,131,You put the reward away and tell her she is welcome as you leave to avoid being kissed again.,"אתה אורז את הפרס בתיקך, מודה לה מקרב לב, ונמלט במהירות כדי להינצל ממתקפת הנשיקות.",
55,13,0,65,1,40,6,38,131,"""Lovely day, isn't it?  My, you look very healthy for an adventurer.  You must be new.""","""יום מקסים, הלא כך? בחיי, אתה נראה כל כך בריא יחסית להרפתקן. רואים שאתה חדש.""",
55,13,0,65,2,40,80,255,118,"""What can I do for you?  I can sell you healing potions if you like.""","""מה אוכל לעשות למענך? אוכל למכור לך שיקויי מרפא אם תרצה.""",
55,13,0,65,3,40,38,139,31,"""I also buy spell components if you are interested in gathering some for me. Don't mind me, I always have so much to do around here.""","""אני קונה גם רכיבי כישוף אם תהיה נחמד לאסוף אותם בשבילי. אל תדאג לי, גם ככה אני עמוסה מעל הראש.""",
55,13,1,0,1,99,6,38,139,"You see a clean, but very cluttered little hut filled with bottles and potions.  The Healer is busy puttering around with her potions.",אתה רואה בקתה נקיה אך עמוסה בבקבוקים ושיקויים. המרפאה צועדת הלוך ושוב עם ערימות שיקויים בידיה.,
55,13,1,0,2,99,71,42,80,There is a small flying creature preening itself .  A ladder leads to the loft above.  A pot over the fire simmers with herbs.  It is pleasantly warm in here.,יצור מעופף קטן מנקה את נוצותיו על גבי הקורה. סולם מטפס אל עליית הגג. סיר עם עשבי תיבול מבעבע על האש. האווירה כאן חמימה ונעימה.,
55,13,4,0,1,99,94,6,38,"You can buy potions, get information, or sell ingredients here.","אתה יכול לקנות כאן שיקויים, לקבל מידע, או למכור חומרי גלם.",
55,13,50,0,1,99,6,139,229,There is an aura of magic throughout this small cabin.,הילה של קסם אופפת את הבקתה הקטנה הזו.,
55,13,52,0,1,40,2,1,255,"""Come back in the morning, please.""","""תחזור בבוקר, בבקשה.""",
55,13,81,0,1,99,16,255,118,"You don't really think that is the correct way to actually win this game, do you?","אתה לא באמת מאמין שזו הדרך הנכונה להצליח במשחק, נכון?",
55,14,1,0,1,99,22,141,134,You see bottles and flasks of a wide variety of different potions.,אתה רואה בקבוקים ובקבוקונים ובהם קולקציה רחבה של שיקויים שונים ומשונים.,
55,14,4,66,1,99,118,6,144,You carefully grab a couple of Healing Potions and conceal them under your cape.,אתה תופס בזהירות זוג שיקויי מרפא ומסתיר אותם מתחת לשולי גלימתך.,
55,14,4,67,1,99,22,141,134,"If you're going to steal, at least wait until the Healer is not looking.","אם התוכנית שלך היא לגנוב, לפחות תחכה עד שהמרפאה לא תסתכל.",
55,14,4,68,1,99,118,6,196,You're getting greedy.  She'll notice if you take any more.,אתה מתחיל להגזים. היא תשים לב אם תקח עוד.,
55,15,1,0,1,99,48,131,196,The healer uses this table as a workbench.,המרפאה משתמשת בשולחן זה כשולחן עבודה.,
55,16,1,0,1,99,236,131,236,You see a few odds and ends (not to mention This and That).,אתה רואה בוקה ומבולקה (שלא נדבר שאינך מוצא את ידיך ורגליך).,
55,17,1,0,1,99,86,10,137,The view from the window has been obscured by soot from the fire.,הנוף הנשקף מהחלון מטושטש על ידי ערפלי הפיח העולים מן האש.,
556,1,0,0,1,99,117,115,101,"Quest for Glory I was designed and directed by Lori Ann Cole and Corey Cole. If you liked this game, then you'll love the other fine Sierra games they have designed:<CRLF>""Quest for Glory 2:  Trial By Fire"", ""The Castle of Dr. Brain"", and, for the younger crowd, ""Mixed Up Fairy Tales"".","הרצון לעוצמה 1 נכתב ובוים על ידי לורי אן קול וקורי קול. אם נהניתם מהמשחק, כנראה שתאהבו גם את שאר המשחקים שיצאו מתחת ידם:
""הרצון לעוצמה 2: מבחן האש"", ""טירת דוקטור מוח"", ולקהל הצעיר יותר, ""אגדות מבולבלות"".",
556,1,0,0,2,99,111,119,46,"And look for ""Quest for Glory 3:  The Wages of War"" in your local stores starting in Autumn, 1992. ","וחפשו את ""הרצון לעוצמה 3: מחיר הדמים"" בחנויות המובחרות החל מהסתיו, 1992.",
556,1,0,0,3,99,125,2,0,"The incredible artwork was tastefully rendered by:  Jon Bock, Gerald Moore, Arturo Sinclair, Jeff Crowe, Gloria Garland, Willis Wong, Diana Wilson, Eric Kasner, Richard Powell, and Roger Hardy. ","הגרפיקה המדהימה רונדרה בטוב טעם על ידי: Jon Bock, Gerald Moore, Arturo Sinclair, Jeff Crowe, Gloria Garland, Willis Wong, Diana Wilson, Eric Kasner, Richard Powell, and Roger Hardy.",
556,1,0,0,4,99,125,166,166,"Original Music by:  Mark Seibert, Aubrey Hodges, and Spike Jones. ","מוזיקה מקורית מאת: Mark Seibert, Aubrey Hodges, and Spike Jones. ",
556,1,0,0,5,99,166,20,0,"The nastiest monsters in the game were, as always, the bugs.  Our heroic gang of bugbusters deserve thanks:  Joe Carper, Dave Clingman, Mike Pickhinke, and a cast of dozens.  ","המפלצות הנבזיות ביותר במשחק היו, כמו תמיד, הבאגים. חבורת מכסחי הבאגים ההירואית שלנו ראויה לשבחים אין קץ: Joe Carper, Dave Clingman, Mike Pickhinke, ושאר אנשי הצוות.",
556,1,0,0,6,99,49,50,46,"The Peaks of Programming Perfection were scaled by:  Tom DeSalvo, Vana Baker, Richard Aronson, Carlos Escobar, Robert Mallory, Oliver Brelsford, Brett Miller, Gary Kamigawachi, Sean Mooney, and Bob Fischbach.  ","פסגות השלמות התכנותית נכבשו על ידי: Tom DeSalvo, Vana Baker, Richard Aronson, Carlos Escobar, Robert Mallory, Oliver Brelsford, Brett Miller, Gary Kamigawachi, Sean Mooney, and Bob Fischbach.",
556,1,0,0,7,99,125,223,125,"Don't ask why, if those peaks were perfect, we needed so many people to find bugs.","אל תשאלו אם כן מדוע, למרות כל אותם פסגות השלמות, נזקקנו לכל כך הרבה אנשים שימצאו את הבאגים.",
556,1,0,0,8,99,166,166,166,"Version %s  Copyright 1989, 1990, 1992  Sierra On-Line, Inc. ","גירסה %s כל הזכויות שמורות 1989, 1990, 1992 סיירה אונליין, בע""מ.",
557,1,0,0,1,99,112,97,115,You're about as stealthy as the average Goon.,אתה חמקמק כמו בריון ממוצע.,
557,1,0,0,2,99,117,101,115,"Sorry, there's not enough room to see that here.","מצטערים, אין מספיק מקום לראות את זה כאן.",
557,2,9,0,1,99,114,107,32,"To learn about the other icons, first click here, then pass the question mark over the other icons. ","כדי לעמוד על טיבו של כל אייקון ואייקון, תחילה לחץ כאן, ואז העבר את סימן השאלה מעל שאר האייקונים.",
557,3,9,0,1,99,101,32,111,Select this icon if you decide not to decide to select an icon.,בחר באייקון זה אם החלטת שלא להחליט באיזה אייקון לבחור.,
557,4,9,0,1,99,111,110,115,Select this icon to catch a little R&R.,בחר באייקון זה כדי לצאת לחופשה קצרה.,
557,5,9,0,1,99,100,105,100,Select this icon to run away.,בחר באייקון זה כדי לברוח.,
557,6,9,0,1,99,41,145,48,Select this icon to take a look at your current character's statistics.,בחר באייקון זה על מנת לסקור את סטטיסטיקת הדמות הנוכחית שלך.,
557,7,9,0,1,99,104,105,108,Select this icon to stealthily go where no one has lurked before.,בחר באייקון זה כדי ללכת בחשאיות למקום שבו איש לא ארב בעבר.,
557,8,9,0,1,99,116,105,108,"Say, kids!  What time is it?  ","תגידו, ילדים! מה השעה?",
557,9,9,0,1,99,116,115,32,Select this icon to resume walking normally.,בחר באייקון זה כדי לחזור להליכה נורמלית.,
558,1,0,0,1,99,122,20,0,Suddenly a feeling of peace and tranquility permeates the area.,לפתע תחושת שלווה מתפשטת בנינוחות על פני השטח.,
558,2,0,0,1,99,166,166,166,Calm Spell,לחש מרגוע,
558,3,0,0,1,99,166,166,166,You do not have any daggers.,אין לך פגיונות.,
558,3,0,0,2,99,143,8,0,Ouch!  You threw your dagger...  Now you're stuck with it!,אאוץ'! הטלת את פגיונך... עכשיו אתה תקוע איתו!,
558,4,0,0,1,99,71,0,0,Flame Dart Spell,לחש חץ להבה,
558,5,0,0,1,99,0,54,120,Dazzle Spell,לחש סנוור,
558,6,0,0,1,99,110,207,132,Detect Spell,לחש גילוי,
558,7,0,0,1,99,166,166,166,Fetch Spell,לחש תפיסה,
558,8,9,0,1,99,0,0,50,This icon tells you about other icons.,האייקון הזה מלמד אותך על שאר האייקונים.,
558,9,9,0,1,99,0,0,0,"To find out more about a spell, first click here, then click on the spell.","כדי לקבל פרטים נוספים על לחש מסויים, תחילה הקש כאן, ואז הקש על הלחש.",
558,10,9,0,1,99,122,3,0,Click here to close this window and return to the game.,לחץ כאן כדי לסגור את החלון ולחזור למשחק.,
558,11,0,0,1,99,132,166,166,The spell has no effect.,ללחש אין כל השפעה.,
558,12,0,0,1,99,166,32,13,Open Spell,לחש פתיחה,
558,13,0,0,1,99,56,49,52,You don't have any fruit.,אין לך שום אבנים.,
558,13,0,0,2,99,0,0,0,Ouch!  You always hurt the one you love!,אאוץ'! אתה תמיד פוגע ביקר לך ביותר!,
558,14,9,0,1,99,0,0,0,"To cast a spell, first click here, then click on the spell.","כדי להטיל קסם, תחילה לחץ כאן, ואז הקש על הלחש המבוקש.",
558,15,0,0,1,99,166,166,166,That spell is not useful here.,לחש זה אינו שימושי כאן.,
558,16,0,0,1,99,218,132,196,You possess the %s.<CRLF>Your expertise is %d.<CRLF>You will use %d Magic Points each time you cast this spell.,"אתה ניחן ב-%s.
המומחיות שלך היא %d.
אתה תנצל %d נקודות קסם בכל פעם שתטיל לחש זה.",
558,17,0,0,1,99,46,77,83,Trigger Spell,לחש התנעה,
558,18,0,0,1,99,0,99,101,Zap Spell,לחש זץ,
57,1,1,0,1,99,236,36,4,It's snow.,זה שלג.,
58,1,1,0,1,99,46,34,32,The cave looks very eerie and ominous.,המערה נראית מסתורית מאוד ומאיימת.,
58,1,4,0,1,99,34,11,31,Better watch out -- those icicles look sharp!,תשגיח טוב טוב -- נטיפי הקרח נראים חדים!,
58,1,57,0,1,99,114,116,0,"Although the cave mouth looks like a mouth, and opens and shuts like a mouth, I'm afraid it doesn't know how to talk like a mouth.","למרות שפי המערה נראה כמו פה, ונפתח ונסגר כמו פה, אני עדיין חושש שהוא לא יודע לדבר כמו פה.",
58,2,1,0,1,99,38,255,119,"From the blue color of his skin and his huge height, you can tell this is a Frost Giant.","על פי צבע עורו הכחול וגובהו העצום, ניתן לראות שזהו ענק כפור.",
58,2,1,9,1,99,0,0,27,The gem glows like an aurora in the night sky.,אבן החן מנצנצת כמו זוהר הקוטב בשמי הלילה.,
58,2,1,10,1,99,39,116,32,"The Giant looks at you in disgust.  Apparently, you did not offer what he desires. ",הענק מביט בך בתיעוב. נדמה כי אינך מספק לו את מבוקשו.,
58,2,2,1,1,32,34,153,33,Bargain,שודד,
58,2,2,2,1,32,0,0,0,Brauggi,ברוגי,
58,2,2,3,1,32,4,0,44,Fighting,לוחם,
58,2,2,4,1,32,34,255,32,Fruit,פרי,
58,2,2,5,1,32,121,3,0,Gem,אבן חן,
58,2,2,6,1,32,34,77,97,Hunger,רעב,
58,2,2,7,1,32,105,110,103,Mead,תמד,
58,2,2,8,1,32,73,39,118,Northlands,ארצות הצפון,
58,2,5,1,1,32,100,44,34,"""Find me some fruit<CRLF>for to mellow my mead horn,<CRLF>Gift I will give<CRLF>of a gem that now glows --""","""שום פרי אבקש את
שופרי להשקות,
אתן אבן חן
שזורחת באור --""",
58,2,5,1,2,32,0,0,0,"""Jewel from Jotunheim,<CRLF>flare of the frost flame,<CRLF>Fetch to me fruit that will<CRLF>fill up my fists!""     ","""יהלום מיוטונהיים,
אש שלהבת הכפור,
הבה לי פרי
שמתאים לכף ידי!""",
58,2,5,1,3,99,34,4,0,(It looks like it will take a lot of fruit to fill up THOSE fists!),(נראה שצריך הרבה מאוד פרי כדי למלא את כף היד הזאת!),
58,2,5,2,1,32,33,53,34,"""Brauggi I be,<CRLF>to boast of my boldness,<CRLF>Strong as the storm that<CRLF>sends forth the snow.""  ","""ברוגי אני,
מתרברב באומץ ליבי,
גיבור כסערה,
אשר שלג מורידה.""",
58,2,5,2,2,32,4,0,51,"""Fiercer in fighting than<CRLF>foes in their fury,<CRLF>Fear now this Frost Giant<CRLF>fighter and flee!""  ","""נלחם בחרי אף
אוייביו מחסל ביעף,
מפני ענק הכפור רעד,
נוסה הימלט לעד!""",
58,2,5,3,1,32,115,32,102,"""Fiercer than frost's bite,<CRLF>my fury is fearless,<CRLF>My axe it is edged as is the ice.""","""אכזרי מנשיכת כפור,
זעמי החל לבעור,
גרזני מחודד
כמו קרח עד.""",
58,2,5,3,2,32,0,48,34,"""This warrior is willing<CRLF>to wield now the war drum,<CRLF>The battleaxe blazes and bellows for blood.""   ","""הלוחם בליבו געגועים
בתופי המלחמה להרעים,
גרזן המלחמה נוצץ,
בדם הוא מתבוסס.""",
58,2,5,4,1,32,70,250,117,"""Highpoint of harvest,<CRLF>the finest of flavor,<CRLF>Apples or oranges,<CRLF>peaches or pears.""  ","""פסגת הפירות,
טעמם, מה טוב ומתוק,
תפוז או תפוח,
אגס, אפרסק.""",
58,2,5,5,1,32,115,50,34,"""Glow of the frost flame that fills up the night field,
A jewel that is flawless, the finest of gems.""","""שלהבת הכפור
ממלאה נופי הליל,
תכשיט ללא דופי,
הטוב שבמרגליות.""",
58,2,5,6,1,32,0,0,0,"""Hollow my food house,
        for my hunt has been hindered,
By having to hurry here from my home.""","""מזון אין במלאי
כי מן הציד נמנעתי,
הן מביתי נאלצתי
לצאת הנה פתאום.""",
58,2,5,7,1,32,34,4,0,"""Mead is the mother's milk, mighty yet mellow,
That brings joy to Giants and madness to men.""","""התמד, חלב אם הוא,
עז אך עדין,
שענקים ישמח,
ובחורים יבלבל.""",
58,2,5,8,1,32,33,58,34,"""Far from the frost field,<CRLF>fares forth this fighter,<CRLF>Hunger has hurled me<CRLF>hither from home.""<CRLF>","""מרחוק מגרש הכפור,
משייט זה הלוחם,
הרעב מבית,
השליכני הלום.""",
58,2,5,8,2,32,4,0,56,"""My name it is known<CRLF>in the Northlands as Brauggi,<CRLF>Barter with blade's clash,<CRLF>or bargain with me.""     ","""בארצות הצפון שמי נודע,
בתור ברוגי,
החלף הלמות חרב,
או עסוק עמדי.""",
58,3,1,0,1,99,32,32,73,The log is covered with a layer of late winter snow.,בול העץ מכוסה בשכבת שלג.,
58,3,4,0,1,99,0,53,34,Leave it alone; you don't know where that log's been.,הנח לבול העץ הזה; אתה לא יודע מה עבר עליו.,
58,3,57,0,1,99,103,114,105,I'm sure that was fun; why don't you talk to a twig next?,זה בטח היה כיף; למה שלא תפצח בשיחה קולחת עם זרד עכשיו?,
58,4,1,0,1,99,32,55,34,You can see a small patch of sky through the trees.,אתה רואה פיסת שמיים מבצבצת בין צמרות העצים.,
58,4,4,0,1,99,0,0,0,That's it; reach for the sky!,בדיוק ככה; ידיים לשמיים!,
58,5,1,0,1,99,34,4,0,It's a bit late in the season for skiing.,עונת הסקי כבר נגמרה.,
58,5,4,0,1,99,33,63,34,"Maybe if you reach those mountains, you'll become a true hero. ","אולי אם תטפס על ההרים הללו, תהפוך לגיבור אמיתי.",
58,5,57,0,1,99,4,0,61,I don't think talking to a mountain is healthy.,שיחות עם הרים זה לא הדבר הכי בריא בעולם.,
58,6,0,0,1,32,101,32,101,"""Fruit you have found,<CRLF>to fill all my food stores,<CRLF>Thus filled the bargain,<CRLF>my gem you have bought.""  ","""פרי הן מצאת,
למלא מחסניי,
גם חלקי אקיים,
האבן שלך.""",
58,6,0,0,2,32,0,58,34,"""Brauggi has bartered,<CRLF>and all has been answered;<CRLF>The mead it may mellow,<CRLF>and now I head home.""     ","""ברוגי תבע,
ומשאלתו נענתה,
התמד יתרכך,
והביתה אלך.""",
58,6,0,0,4,32,0,131,196,"""Courage you carry, but skill it is scanty;
Face not this foe before fiercer you fight.""","""אומץ בליבך,
אך מיומנותך קלושה;
בפני אויב אל תעמוד
פן אותך יעקוד.""",
58,6,0,11,1,99,117,60,34,Brauggi strides off through the cave on his way back to his Northern home.,ברוגי מתרחק דרך המערה בדרכו חזרה אל ארץ מולדתו בצפון.,
58,6,0,12,1,99,0,0,0,"Your fruit definitely makes a generous pile in the Giant's cupped hands, but they're not full yet.","פירותיך אכן נערמים לתל רחב ידים על גבי ידיו הקעורות של הענק, אך הסאה עדיין לא הוגדשה.",
58,6,0,13,1,99,34,4,0,Running on the ice is apparently not a very good idea.,ריצה על גבי הקרח אינה הרעיון הטוב ביותר בעולם.,
58,6,0,14,1,99,33,68,34,As you begin to cast your spell...,בעודך מתחיל להטיל את קסמיך...,
58,6,0,15,1,99,4,0,66,Oops.  You're not carrying any fruit for the Frost Giant.,אופס. אינך נושא אף פרי אל ענק הכפור.,
58,6,0,16,1,99,110,32,110,Your meagre selection of fruit makes a paltry pile at the bottom of the Giant's cupped hands.  You'll need to get quite a few more apples to fill THOSE hands!,מבחר הפירות הדל שלך יוצר ערימה רדודה על ידיו הפעורות של הענק. תצטרך להשיג כמות נכבדת של תפוחים כדי למלאות ידיים אלו!,
58,6,0,17,1,99,0,63,34,As you start to throw...,כשאתה מתחיל לזרוק...,
58,6,1,0,1,99,0,111,109,"The mountains rise quickly from this point and are covered with snow.  To the west, you can see that the snow has melted in most of the forest, but here it is still heavy. ","ההרים מתרוממים בחדות מנקודה זו ושלג עד עוטה את פסגותיהם. במערב, אתה רואה כי השלג נמס במרבית שטחי היער, אך כאן הוא עדיין בשיא תפארתו.",
58,6,1,18,1,99,139,65,34,Brauggi has departed on the long journey to his homeland.,ברוגי יצא למסע ארוך אל עבר מולדתו הרחוקה.,
58,6,1,19,1,99,0,0,0,Brauggi has become impatient with your questions and gone elsewhere.  You will have to return another time.,ברוגי נעשה חסר סבלנות משאלותיך הטורדניות והלך למקום אחר. תחזור במועד מאוחר יותר.,
58,6,50,0,1,99,34,4,0,The Giant (who does not seem pleased at your casting a spell in his presence) radiates a magical aura.  The strongest magic centers on the glowing gem at his belt.,הענק (שלא נראה שבע רצון מהעובדה שאתה מטיל כשפים בנוכחותו) מקרין הילה קסומה. הקסם החזק ביותר מתרכז באבן החן הזוהרת בחגורתו.,
58,7,1,0,1,99,33,88,34,"The blue in the sky is just like the blue sky of your home.  You feel a sudden pang of homesickness, and begin to understand Brauggi's loneliness.","תכול הרקיע דומה כשתי טיפות מים לשמים הכחולים בארץ מולדתך. געגועים עזים הביתה תוקפים אותך בפתאומיות, ואתה מתחיל להבין את בדידותו של ברוגי.",
58,7,4,0,1,99,4,0,71,"To touch the sky, what dreams you have! ","לגעת בשמים, אילו חלומות יש לך!",
58,8,1,0,1,99,33,101,32,"Snow covers rock, scissors cut snow, and rock breaks scissors.  It's very Zen. ","שלג מכסה אבן, מספריים גוזרות שלג, ואבן שוברת מספריים. זה מאוד זני.",
58,8,4,0,1,99,0,68,34,"Before you take that snow and put it in your mouth, ask yourself a question: ""Do I feel lucky?"" ","לפני שאתה לוקח את השלג ודוחס אותו לתוך פיך, שאל את עצמך שאלה: ""האם אני מרגיש בר מזל?""",
58,8,57,0,1,99,97,110,32,"The rock seems to listen patiently, but doesn't respond.","נדמה כי האבן מאזינה בסבלנות, אך לא מגיבה.",
58,9,1,0,1,99,115,70,34,Snow covers these rocks like a blanket.,השלג עוטף את הסלעים כמו שמיכה חמה.,
58,9,4,0,1,99,0,0,0,"It would be fun to make a snowball, but you really haven't time.","דוקא יכול להיות ממש כיף לשחק בכדורי שלג, אבל באמת שאין לך זמן.",
58,10,1,0,1,99,34,4,0,"There's snow all around this area.  In fact, it seems rather colder here than in the rest of the valley.","מעטה שלג מכסה את כל המקום. למעשה, נראה שהאזור כאן קפוא יותר משאר שטחי העמק.",
58,10,4,0,1,99,25,1,0,"It would be fun to make a snowball, but you really haven't time. ","דוקא יכול להיות ממש כיף לשחק בכדורי שלג, אבל באמת שאין לך זמן.",
58,11,1,0,1,99,76,34,0,It's a small patch of yellow snow.,חלקה קטנה של שלג צהוב.,
58,11,4,0,1,99,95,76,131,The last thing you need is a yellow snowball.,הדבר האחרון שאתה צריך זה כדור שלג צהוב.,
60,1,4,0,1,99,112,32,112,"You look at the apple cores, and quickly decide they are of no use to you. Besides, they look disgusting.","אתה מסתכל על ליבות התפוחים, ומהר מאוד מגיע להחלטה כי הם חסרי כל תועלת. וחוץ מזה, הם פשוט דוחים.",
60,2,4,0,1,99,112,32,112,"The baby Meep is just too quick for you.  Besides, they eat too much.","גור המיפ פשוט מהיר מדי בשבילך. וחוץ מזה, הם אוכלים המון.",
60,2,1,0,1,99,112,100,112,The baby Meep sure is cute.,המיפון התינוק מה זה חמוד.,
60,3,1,0,1,99,112,32,112,"You keep seeing differently-colored Meeps come out of each hole.  They either lead to large underground caverns, or they are all connected under the earth.","אתה ממשיך לראות מיפים בצבעים שונים בוקעים מכל אחד מהחורים. או שהם מובילים למנהרות תת קרקעיות ענקיות, או שכולם מחוברים מתחת לאדמה.",
60,4,1,0,1,99,112,32,112,There is a wad of bright green fur on the ground.,חבילת פרווה בצבע ירוק בהיר מונחת על הקרקע.,
60,5,1,0,1,99,127,186,127,"The meadow is covered with a light carpet of grass, broken up by the Meep holes. ","האחו מכוסה במרבד עלי עשב אחיד, מופר על ידי חורי המיפים.",
60,5,1,1,1,99,112,32,112,There is a wad of bright green fur on the ground.,חבילת פרווה בצבע ירוק בהיר מונחת על הקרקע.,
60,6,5,2,1,7,112,32,112,"""Hey, like, we eat them, you know.""","""הי, כאילו, אנחנו אוכלים אותם, אתה יודע.""",
60,6,5,3,1,7,112,32,112,"""Cute, huh?  The tunnels down here just crawl with those things.  Get in the way all the time, you know?""","""חמודים, אה? המנהרות למטה שורצים בדברים האלה. מפריעים בדרך כל הזמן, קולט?",
60,6,5,4,1,7,112,32,112,"""Gee, boss, I really don't know much about that at all.  Hey, sorry.""","נשבע לך גבר, לא ידוע לי שום דבר בנידון. היי, סליחה אחי.""",
60,6,5,5,1,7,112,32,112,"""Gee, boss, I really don't know much about that at all.  Hey, sorry.""","נשבע לך גבר, לא ידוע לי שום דבר בנידון. היי, סליחה אחי.""",
60,6,5,6,1,7,112,32,112,"""Hey, like fur is good stuff, keeps us warm.  Mine's the best -- it's like green, you know?""","""היי, כאילו פרווה זה חומר טוב, מחממת אותנו. שלי הכי טובה -- היא כאילו ירוקה, אתה יודע?""",
60,6,5,7,1,7,112,32,112,"""Oh, you want some green fur?  I think I have some somewhere.""","""הו, אתה רוצה פרווה ירוקה? אני חושב שיש לי קצת איפשהו.""",
60,6,5,8,1,7,127,186,127,"""We, like, live in tunnels under the ground, you know.""","""אנחנו, כאילו, חיים במנהרות מתחת לאדמה, אתה יודע.""",
60,6,5,9,1,7,112,32,112,"""I found a scroll lying around in the woods one day.  You want it?  It's yours."" ","""מצאתי מגילה מתגוללת ביער באחד הימים. רוצה אותה? היא שלך.""",
60,6,5,10,1,7,112,32,112,"""We are happy Meeps, living in our happy holes.  Don't worry.  Be happy!""  ","""אנחנו מיפים שמחים, חיים באושר בגומותינו העליזות. תן חיוך. הכול לטובה!""",
60,6,5,11,1,7,112,32,112,"""We use rocks for doors.  They keep us dry and warm in our holes.""","""אנו משתמשים בסלעים כדלתות. הם מגינים על מחילותנו מפני הגשם והקור.""",
60,6,5,12,1,7,112,32,112,"""That thing?  I found it lying around in the woods one day.  You want it? It's yours.""","""הדבר הזה? מצאתי אותו מתגולל ביער באחד הימים. רוצה אותו? הוא שלך.""",
60,6,4,0,1,99,112,32,112,The Meep scrambles back into its hole as you try to touch it.,המיפ מתכדרר בחזרה אל תוך מחילתו ברגע שאתה מנסה לגעת בו.,
60,6,1,0,1,99,112,32,112,You realize that you have never seen more than one green Meep at a time. Perhaps there is only one.,אתה קולט שאף פעם לא ראית יותר ממיפ אחד בכל רגע נתון. אולי באמת יש רק אחד.,
60,6,1,0,2,99,112,32,112,"There seems to be an abundant supply of blue and purple Meeps.  If only they'd stay still for a moment, perhaps you could count them.","נראה כאילו יש אספקה שוטפת של מיפים כחולים וסגולים. אם רק היו עומדים במקומם לכמה שניות, היית יכול לספור אותם.",
60,6,1,0,3,99,127,186,127,"The Meeps have brightly-colored, soft-looking fur. ",למיפים יש פרווה צבעונית רכה למראה.,
60,6,2,2,1,7,112,32,112,Apples,תפוחים,
60,6,2,3,1,7,112,32,112,Baby,גור,
60,6,2,13,1,7,112,32,112,"""Hey, just ask me about anything you want to know."" ","""היי, פשוט תשאל אותי כל מה שאתה רוצה לדעת.""",
60,6,2,4,1,7,112,32,112,Brigands,שודדים,
60,6,2,6,1,7,112,32,112,Fur,פרווה,
60,6,2,7,1,7,112,32,112,Green Fur,פרווה ירוקה,
60,6,2,8,1,7,112,32,112,Holes,גומות,
60,6,2,9,1,7,127,186,127,Magic,קסם,
60,6,2,10,1,7,127,32,127,Meeps,מיפים,
60,6,2,11,1,7,127,32,127,Rocks,סלעים,
60,6,2,12,1,7,127,32,127,Scroll,מגילה,
60,7,0,13,1,99,47,79,47,You hear squeaky muttering from beneath the ground.  It seems the Meeps are having quite a discussion about you.,אתה שומע מלמולים צווחניים מתחת לפני הקרקע. נשמע כאילו המיפים מנהלים דיון נוקב אודותיך.,
60,7,0,24,1,99,47,220,112,You don't need to do that.,אתה לא צריך לעשות את זה.,
60,7,0,14,1,99,127,32,127,You walk away from the hole to get out of the rock's way.,אתה מתרחק מהגומה כדי שלא לעמוד בדרכו של הסלע.,
60,7,0,15,1,99,127,32,127,You pick up the green fur.,אתה מרים את הפרווה הירוקה.,
60,7,0,16,1,99,127,186,127,The magical runes fade from the paper before your eye can focus on them.,הרונות הקסומות מתפוגגות מהדף בטרם הספקת למקד בהם את עיניך.,
60,7,0,17,1,99,127,32,127,"You pick up the Spell Scroll.  As the magical runes fade, you find you now know how to cast the ""Detect Magic"" spell.","אתה מרים את מגילת הלחש. בעוד הרונות הקסומות הולכות ונמוגות, אתה חש כי כעת אתה יודע כיצד להטיל את הלחש ""גלה קסם"".",
60,7,0,18,1,7,127,32,127,"Hiya, hiya.  Nice to seeya 'gain.","""היוש, היוש. נחמד לפגוש אותך שוב.""",
60,7,0,19,1,7,127,32,127,"Hiya, hiya.  Pleased to meetcha.","""היוש, היוש. נעים להכיר אותך.""",
60,7,0,20,1,99,112,223,112,"Hearing a rumble from the Meep hole, you quickly slip out of the way.","אתה שומע רעם מתגלגל מתוך מחילת המיפים, ומיד סוטה מן הדרך.",
60,7,50,0,1,99,112,223,112,You detect no other magic here.,אתה לא מזהה כאן קסמים נוספים.,
60,7,1,21,1,99,127,32,127,All of the Meeps are hiding deep within their holes.  Your vicious attack has them terrified.,כל המיפים מתחבאים עמוק בתור גומותיהם. התקפתך האכזרית הותירה אותם מבועתים.,
60,7,1,22,1,99,127,32,127,"You see blue Meeps, purple Meeps, and occasionally a green Meep.  They seem to be very shy; whenever you approach one, it hides under its rock.","אתה רואה מיפים כחולים, מיפים סגולים, ופה ושם גם מיפים ירוקים. נראה שהם ביישנים מאוד; כל אימת שאתה מתקרב לאחד, הוא נחבא מתחת לסלע שלו.",
60,7,1,23,1,99,127,186,127,"You are in the Meeps' Peep.  The colorful, furry Meeps timidly pop out of their holes from time to time.",אתה במצפה המיפים. המיפים הפלומתיים והצבעונים מציצים בביישנות מחוריהם מפעם לפעם.,
60,7,51,0,1,99,127,205,127,The Open spell only works on locks and small closed things.,לחש הפתיחה עובד רק על מנעולים ודברים סגורים קטנים.,
60,7,2,21,1,99,127,205,127,"You can't talk to any of the Meeps. They are all hiding deep within their holes, terrified after your vicious attack.","אינך יכול לדבר עם אף אחד מהמיפים. כולם מסתתרים עמוק בחוריהם, מבוהלים ממתקפתך המרושעת.",
60,8,1,0,1,99,127,205,127,The mountains are very steep here.,ההרים כאן מאוד תלולים.,
60,8,1,0,2,99,127,205,127,"Large, heavy-looking rocks cover the many holes.  The Meeps must be stronger than they look to lift these rocks so easily.",סלעים גדולים וכבדים למראה מחפים על הבורות הרבים. המיפים כנראה חזקים בהרבה מכפי שהם נראים אם הם מצליחים להרים את הסלעים בקלות שכזאת.,
60,8,12,0,1,99,127,205,127,No way!  Those Meeps are too fast and the rocks too hard for you to want to try that again!,אין סיכוי! המיפים זריזים מדי והסלעים קשים מדי מכדי שתרצה לנסות את זה שוב!,
60,9,1,0,1,99,127,205,127,It looks like a Spell Scroll.,נראה כמו מגילת לחש.,
60,10,1,0,1,99,127,205,127,The trees and bushes look much like those you've seen elsewhere in the valley.,העצים והשיחים נראים בדיוק כמו בכל מקום אחר על פני העמק.,
600,1,1,0,1,99,0,4,0,Arturo  Sinclair,ארתורו סינקלייר,
600,2,1,0,1,99,48,49,46,The Baron.,הברון.,
600,3,1,0,1,99,4,0,186,The bartender.,המוזג.,
600,4,1,0,1,99,10,151,56,The Baronet Barnard von Spielburg.,הבארונט ברנרד פון שפילבורג.,
600,5,1,0,1,99,0,180,39,Bob  Fischbach,בוב פישבך,
600,6,1,0,1,99,110,32,97,Bob  Mallory,בוב מלורי,
600,7,1,0,1,99,110,116,32,Carlos  Escobar,קרלוס אסקובר,
600,8,1,0,1,99,115,32,117,"Shema, Shameen, and Abdulla Doo. ","שימה, שאמין, ועבדאללה דו.",
600,9,1,0,1,99,109,97,105,The Centaurs.,הקנטאורים.,
600,10,1,0,1,99,104,101,32,Corey  Cole,קורי קול,
600,11,1,0,1,99,184,1,0,The Chief Thief and Crusher.,הרב גנב והמרסק.,
600,12,1,0,1,99,39,252,139,Diana  Wilson,דיאנה ווילסון,
600,13,1,0,1,99,39,4,0,Elsa von Spielburg.,אלסה פון שפילבורג.,
600,14,1,0,1,99,0,176,39,Eric  Kasner,אריק קסנר,
600,15,1,0,1,99,1,4,252,Erasmus and Fenrus.,ארסמוס ופנרוס.,
600,16,1,0,1,99,2,4,73,Gloria  Garland,גלוריה גרלנד,
600,17,1,0,1,99,3,4,195,The guildmaster.,מנהיג הגילדה.,
600,18,1,0,1,99,4,4,93,The hermit and the healer.,הנזיר והמרפאה.,
600,19,1,0,1,99,5,4,250,You're the real Hero of this game!  Congratulations!,אתה הגיבור האמיתי של המשחק! ברכות!,
600,20,1,0,1,99,1,99,20,Jeff  Crowe,ג'ף קרואו,
600,21,1,0,1,99,1,4,107,Jerry  Moore,ג'רי מור,
600,22,1,0,1,99,1,4,116,Jon  Bock,ג'ון בוק,
600,23,1,0,1,99,1,4,123,Karl the gatekeeper.,קארל שומר הסף.,
600,24,1,0,1,99,1,4,132,Granny and her kitty.,סבתא וחתלתולה.,
600,25,1,0,1,99,1,4,140,Lori  Ann  Cole,לורי אן קול,
600,26,57,0,1,99,1,4,147,"""You have defeated the brigands<CRLF>And become a true<CRLF>Hero of Spielburg.""","""הבסת את השודדים
והפכת לגיבורה האמיתי
של ממלכת שפילבורג.""",
600,27,1,0,1,99,1,4,154,The minotaur.,המינוטאור.,
600,28,1,0,1,99,1,4,160,Oliver  Brelsford,אוליבר ברלספורד,
600,29,1,0,1,99,1,4,169,The sheriff and Otto.,השריף ואוטו.,
600,30,1,0,1,99,1,4,178,Richard  Aronson,ריצ'רד ארונסון,
600,31,1,0,1,99,1,4,183,Richard  Powell,ריצ'רד פאוול,
600,32,1,0,1,99,1,4,191,Roger  Hardy,רוג'ר הארדי,
600,33,1,0,1,99,1,4,199,The swordmaster.,אמן החרב.,
600,34,1,0,1,99,1,4,207,Tom  DeSalvo,טום דסלבו,
600,35,1,0,1,99,1,4,213,Vana  Baker,וואנה בייקר,
600,36,1,0,1,99,1,4,220,Willis  Wong,וויליס וונג,
600,37,1,0,1,99,1,4,227,Yorick,יוריק,
600,38,1,0,1,99,2,4,112,Zara and the shopkeeper.,זארה והחנווני.,
601,1,0,1,1,99,117,116,32,"The save character file has been created.  Save this disk for use with ""Quest for Glory II:  Trial By Fire"" from Sierra On-Line. ","קובץ הדמות השמורה נוצר. שמור דיסקט זה לשימוש ב""הרצון לעוצמה 2: מבחן האש"" מאת סיירה אונליין.",
601,1,0,2,1,99,114,46,34,Could not create file.,שגיאה ביצירת הקובץ.,
601,1,0,3,1,99,12,1,0,   Wow!  You're Really A Hero!  [score %d of 500],וואו! אתה גיבור אמיתי! [ניקוד %d,
601,1,0,3,2,99,38,11,194,of 500],מתוך 500],
601,1,0,4,1,99,0,4,0,"Congratulations!  You have successfully completed ""Quest for Glory I:  So You Want To Be A Hero."" ","בשעה טובה ומוצלחת! סיימת בהצלחה את ""הרצון לעוצמה 1: אז אתה רוצה להיות גיבור.""",
601,1,0,5,1,99,0,205,38,"If you have not already done so, we encourage you to play ""Quest for Glory I"" again with the other two character types; many of the puzzles are different, or have alternate solutions.","אם טרם עשית זאת, אנו מפצירים בך לשחק שוב ב""הרצון לעוצמה 1"" עם שני טיפוסי האופי האחרים. רבים מהפאזלים שונים, או שיש להם פתרונות חלופיים.",
601,1,0,5,2,99,38,87,38,"In the meantime, you are already a winner!  Please insert a writeable disk in your floppy drive to save your winning Hero for use in ""Quest for Glory II: Trial By Fire"" (available at better software stores everywhere -- if you don't see it on the shelf, ask for it!) ","בינתיים, יש לנו כבר מנצח! נא הכנס דיסקט ניתן לכתיבה אל כונן התקליטונים כדי לשמור את הגיבור הזוכה שלך לשימוש חוזר ב""הרצון לעוצמה 2: מבחן האש"" (זמין בחנויות המובחרות בכל מקום -- אם לא ראית על המדף, בקש מהמוכר!)",
601,1,0,6,1,99,112,38,45,"The save character file has been created.  Save this disk for use with ""Quest for Glory II:  Trial By Fire"" from Sierra On-Line.","קובץ הדמות השמורה נוצר. שמור דיסקט זה לשימוש ב""הרצון לעוצמה 2: מבחן האש"" מאת סיירה אונליין.",
601,1,0,7,1,99,131,196,8,"Thank you for playing ""Quest for Glory I:  So You Want To Be A Hero,"" and congratulations again on winning.  We'll see you again soon in
""Quest for Glory II:  Trial By Fire.""","תודה ששיחקתם ב""הרצון לעוצמה 1: אז אתה רוצה להיות גיבור,"" ושוב הרבה מזל טוב על הניצחון. נתראה בשנית ב""הרצון לעוצמה 2: מבחן האש.""",
601,1,0,8,1,99,38,250,35,"CONGRATULATIONS!!  You have successfully completed ""Quest for Glory I:  So You Want To Be A Hero"" with the maximum possible score, 500 of 500!!  We welcome you to the ranks of the few, the proud, the True Heroes!","כל הכבוד!! סיימת בהצלחה את ""הרצון לעוצמה 1: אז אתה רוצה להיות גיבור"" עם הניקוד המקסימלי האפשרי, 500 מתוך 500!! אנו מברכים אותך לרגל קבלתך לשורות הגיבורים האמיתיים והגאים!",
601,1,0,8,2,99,114,121,32,"Congratulations!  You have successfully completed ""Quest for Glory I:  So You Want To Be A Hero.""  Your final score was %d","ברכות! סיימת בהצלחה את ""הרצון לעוצמה 1: אז אתה רוצה להיות גיבור."" ציונך הסופי הוא %d",
601,1,0,8,3,99,101,119,32,of 500 possible Puzzle Points.,מתוך 500 נקודות חידה אפשריות.,
601,1,0,9,1,99,111,114,110,"Please answer ""y"" or ""n"".","אנא השב ""כ"" או ""ל"".",
602,1,0,0,1,99,166,166,166,So You've Become A Hero!  [score %d of 500],אז הפכת לגיבור! [ציון %d מתוך 500],
602,1,0,1,1,99,114,111,109,"The brigand band has been dispersed
Their treasure has been reimbursed.","כנופיית השודדים התפזרה לכל עבר,
אוצרותיהם הוחזרו לבעליהם.",
602,1,0,2,1,99,32,67,111,"Marathon Coding
and Rude Puns:
Bob Fischbach",מרתון כתיבת קוד ומשחקי מילים גסים: בוב פישבך,
602,1,0,3,1,99,116,105,111,"You have defeated the brigands
And become a true Hero of Spielburg",הבסת את השודדים והפכת לגיבורה האמיתי של ממלכת שפילבורג.,
602,1,0,4,1,99,97,115,109,"Underground Art:
Cindy Walker",אמנות מחתרתית: סינדי ווקר,
602,1,0,5,1,99,116,105,110,"Insidious System
Software:
Corey Cole",תוכנת מערכת בוגדנית: קורי קול,
602,1,0,6,1,99,110,39,32,"Unfortunately, since the Baron is still cursed, and Baba Yaga remains to work her evil deeds, terror will continue to rule the land.","לרוע המזל, מאחר והברון עדיין מקולל, ובאבא יאגה ממשיכה במעשי הרשע שלה באין מפריע, הטרור ימשיך לשלוט בארץ.",
602,1,0,7,1,99,101,114,13,"Yogic Sympathy
and Support:
Guruka Singh Khalsa",סימפטיה יוגית ותמיכה: גורוקה סינג קאשה,
602,1,0,8,1,99,117,114,103,"Hey, where's Half Dome?! ","היי, איפה חצי הכיפה?!",
602,1,0,9,1,99,114,32,111,"Thus the hero from the East
Freed the man from form of beast
Saved beauty from the brigand's band
And forced the Ogress to flee the land.","מהמזרח יגיע גיבור
בעבור האדם על החיה יגבור
יציל את היפה מחבורת השרץ
ויגרש את העוגית מהארץ.",
602,1,0,10,1,99,114,99,101,"Silly Stuff:
Jeff Crowe",שטויות במיץ: ג'ף קרואו,
602,1,0,11,1,99,105,114,32,"Next Generation
Graphics:
Jerry Moore",גרפיקת הדור הבא: ג'רי מור,
602,1,0,12,1,99,97,114,112,"And so with Kattas and Abdulla Doo
You bid the valley a fond adieu.","ובלוויית עבדאללה דו והחתולאים
אתה נפרד לשלום מהעמק באיחולים חמים.",
602,1,0,13,1,99,115,13,10,"Vicious Art:
Kenn Nishiuye",אמנות אכזרית: קן נישיו,
602,1,0,14,1,99,65,100,118,"Algorithmic Gyrations:
Larry Scott",סיבובים אלגוריתמים: לארי סקוט,
602,1,0,15,1,99,39,115,32,"Script and Whip:
Lori Ann Cole",תסריט וכל השיט: לורי אן קול,
602,1,0,16,1,99,111,110,100,"Magical Mystical Music:
Mark Seibert",מוזיקה מסתורית קסומה: מרק זייברט,
602,1,0,17,1,99,99,104,111,"Promotional Considerations:

Erasmus' Rootin' Tootin' Root Beer
Spielburg Chamber of Commerce
Shapeir Magic Carpet Tours
Famous Adventurer's Correspondence
School for Heroes","מבצעי קידום מכירות:
ארסמוס בירת שורשים באסה סבבה
לשכת המסחר של שפילבורג
שאפיר מרבד קסמים תיירות ונופש
תכתובות הרפתקנים מפורסמים
בית ספר לגיבורים",
602,1,0,18,1,99,72,101,114,"Cameo Coding:
Jerry Shaw",תכנות בהופעת אורח: ג'רי שו,
63,1,1,0,1,99,71,36,4,"""I just flew in from the coast and BOY! are my arms tired."" ","""הרגע הגעתי בטיסה מהחוף ובחיי! הידים שלי גמורות.""",
63,2,1,0,1,99,46,0,255,"""Let us spin, then, you and I, when the evening is buried beneath the sky."" It must be Tease Eliot, the ghost poet! ","""בואי נסתחרר, אני ואת, בשנים, כשהערב נקבר תחת כיפת השמים."" זה בטח טיפקס אליוט, משורר הרפאים!",
63,3,1,0,1,99,89,1,0,"The lady is lovely as she lofts along, but beware her fatal touch!",,
64,1,1,0,1,99,31,32,31,The large stone you are facing has been engraved with this message:,על האבן הגדולה שניצבת מולך נחקקה ההודעה הבאה:,
64,1,1,0,2,99,127,32,127,"""Here lies Lester Moore
Gored six times by a wild boar.""","""פה נטמן פיליוס מינץ
ננגח שש פעמים על ידי חזיר בר.""",
64,1,1,0,3,99,127,32,127,"""No Les, no Moore."" ","""פלוס מינוס.""",
64,2,4,0,1,99,127,32,127,The grate is clearly rusted shut.  You won't be able to open it.,הסורג חלוד כולו. לא תצליח לפתוח אותו.,
64,2,1,0,1,99,127,32,127,"A massive grate covers a hole, keeping you from seeing the bottom. ","שבכה מסיבית מכסה על פני הבור, מונעת ממך לראות את התחתית.",
64,3,1,0,1,99,127,32,127,The large tombstone seems to have a barely legible epitaph:,הכתובת על המצבה הגדולה כמעט ולא ניתנת לקריאה:,
64,3,1,0,2,99,127,32,127,"""Here lies an atheist..."" ","""פה נטמן אתאיטס...""",
64,3,1,0,3,99,127,32,127,"""All dressed up
and nowhere to go.""","""לבוש חגיגי
אך אין לו לאן ללכת.""",
64,3,1,1,1,99,48,32,48,"Growing up out of the grave is an evil-looking plant with a slimy, poisonous sheen.",מתוך הקבר מלבלב צמח בעל מראה מרושע מבריק מרוב רעל ארסי.,
64,3,1,2,1,99,48,32,48,The carving on most of the gravestones seems to have been either intentionally defaced or worn with time.,הגילופים על פני המצבות או הושחתו בכוונה תחילה או דהו עם הזמן.,
64,4,1,0,1,99,48,32,48,"Growing up out of the grave is an evil-looking plant with a slimy, poisonous sheen.",מתוך הקבר מלבלב צמח בעל מראה מרושע מבריק מרוב רעל ארסי.,
64,4,1,3,1,99,48,32,48,The red root growing out of one of the graves has a strange and evil appearance.,השורש האדום הצומח מתוך אחד מהקברים מותיר רושם מוזר ומרושע.,
64,5,16,0,2,99,48,32,48,Everything here is already dead.,כולם כאן מתים מזמן.,
64,5,4,0,2,99,48,32,48,You don't get ghosts.  Ghosts get YOU!,אתה לא תופס רוחות רפאים. רוחות רפאים תופסות אותך!,
64,5,1,4,1,99,48,32,48,You recall from somewhere that the most likely time to find ghosts is at night.,זכור לך מאיפשהו שהזמן המתאים ביותר למציאת רוחות הוא בלילה.,
64,5,1,5,1,99,48,32,48,"It IS a ghost...a transparent, decaying, writhing, slimy, undead fragment of undulating ectoplasm!","אתה רואה רסיסי אלמוות של אקטופלזמה גלית שקופים, מנוונים, מתפתלים וחלקלקים!",
64,5,1,6,1,99,48,32,48,"I DO believe in spooks!  I DO believe in spooks!  I DO, I DO, I DO believe in spooks!!","אני מאמין ברוחות! אני מאמין ברוחות! אני מאמין, אני מאמין, אני מאמין ברוחות!!",
64,5,20,0,2,99,48,32,48,"Don't annoy the rock 'n roll ghosts, unless you want to twist and shout with them! ","אל תציק לרוחות הרוקנרול, אלא אם כן אתה רוצה לרקוד ולצעוק איתם!",
64,5,57,0,1,99,48,32,48,The ghost won't say boo to you.,הרוח לא מפחידה אותך.,
64,5,57,0,2,99,48,32,48,You can't seem to have a meaningful conversation with the ghosts.  Their thoughts are on another plane altogether.,אינך מצליח לנהל שיחה הגיונית עם הרוחות. הראש שלהם במישור אחר לגמרי.,
64,5,57,0,3,99,48,32,48,"But are they friendly spirits?  Just listen!<CRLF><CRLF>""Boo!""<CRLF><CRLF>Nope, guess not.","אבל הן רוחות ידידותיות? תקשיב שניה!

""בו!""

לא, כנראה שלא.",
64,5,57,0,4,99,48,32,48,"""Had I the ears to hear, or a mouth to speak, I'd do my best to make you shriek!""","""לו היו לי אוזנים לשמוע, או פה לפתוח, הייתי עושה כל שביכולתי לגרום לך לצרוח!""",
64,5,57,0,5,99,127,186,127,Casper he's not.,קספר הוא לא.,
64,5,57,0,6,99,48,32,48,"""Boo hoo, I'm so unhappy here,"" says the ghost with a grave demeanor.","""בו הו, אני כל כך לא שמח פה,"" אמר הרוח בקול חמור סבר.",
64,6,0,0,1,99,48,32,48,"Climbing this wall is too difficult for your current skill level, but keep practicing.  ","טיפוס על חומה זו אינו אפשרי ברמת כישוריך הנוכחית, אך תמשיך להתאמן.",
64,6,0,0,2,99,48,32,48,This must be the town graveyard.  What a run-down place!,זהו בטח בית הקברות העירוני. איזה מקום מוזנח!,
64,6,0,7,1,99,48,32,48,You wrench the mandrake plant free from the tombstone on which it has grown. You hear a scream like that of a dying child as you yank the root from the ground.,אתה מפתל את צמח הדודאים לחופשי מהמצבה שעליה הוא התעקל. אתה שומע צרחה כשל ילד גוסס בשעה שאתה עוקר את השורש מהאדמה.,
64,6,0,8,1,99,48,32,48,It appears that the spirits frolic here during the dark hours.,עושה רושם שהרוחות משתובבות כאן בשעות החשכה.,
64,6,0,9,1,99,48,32,48,You wrench the mandrake plant free from the tombstone on which it has grown.  Somehow you thought this would be a lot harder.  You wonder if you did this right.,אתה מפתל את צמח הדודאים לחופשי מהמצבה שעליה הוא התעקל. משום מה חשבת שזה יהיה הרבה יותר קשה. אתה תוהה אם עשית את זה נכון.,
64,6,0,9,2,99,48,32,48,"The root shrivels and twists in your hands until nothing is left. Astonished, you look at your empty hands. ","השורש מצטמק ומתעוות בתוך ידיך עד שדבר לא נותר. משתאה, אתה מביט בידיך הריקות.",
64,6,0,10,1,99,48,32,48,It's certainly creepy here even during the daylight hours.,בהחלט מפחיד כאן אפילו במהלך שעות היום.,
64,6,80,0,1,99,48,32,48,Your magical abilities are to no avail against the undead.,יכולותיך הקסומות חסרות כל תועלת כנגד האל-מתים.,
64,6,16,0,1,99,48,32,48,Practicing your knife throwing here could be a grave mistake.,"תרגול של השלכת הסכין במקום הזה, עשוי להתברר כטעות הרת אסון.",
64,6,70,0,1,99,48,32,48,Your magical abilities are to no avail against the undead.,יכולותיך הקסומות חסרות כל תועלת כנגד האל-מתים.,
64,6,78,0,1,99,48,32,48,Your magical abilities are to no avail against the undead.,יכולותיך הקסומות חסרות כל תועלת כנגד האל-מתים.,
64,6,50,0,1,99,48,32,48,You sense a spiritual coldness.,אתה חש בקרירות רוחנית.,
64,6,50,8,1,99,48,32,48,"What a surprise -- there's magic all around here!  (After all, SOMETHING is making those spirits fly around, and it isn't the wind.)  ","הפתעה הפתעה -- כל המקום אפוף בקסם! (אחרי הכל, משהו גורם לרוחות האלה לעוף מסביב, וזה לא הרוח.)",
64,6,4,0,1,99,127,186,127,"The valley floor is covered with fine, moist soil with few rocks.",קרקעית העמק מכוסה באדמה רכה ולחה וכמה סלעים גדולים.,
64,6,82,0,1,99,127,32,127,I wouldn't if I were you -- what if you actually managed to grab a ghost or fetch a fetch?  You'd feel foolish (if not downright ghoulish).,לא הייתי עושה זאת במקומך – מה אם באמת היית מצליח ללכוד רוח רפאים או לתפוס איזה טיפוס? היית מרגיש דביל (אם לא כסיל).,צריך לתרגם. לא הייתי עושה זאת אם הייתי אתה – מה אם היית באמת מצליח לתפוס רוח רפאים או XXXX? היית מרגיש מטופש...
64,6,1,11,1,99,127,32,127,It's certainly creepy here even during the daylight hours.,בהחלט מפחיד כאן אפילו במהלך שעות היום.,
64,6,1,12,1,99,127,32,127,It appears that the spirits frolic here during the dark hours.,עושה רושם שהרוחות משתובבות כאן בשעות החשכה.,
64,6,1,13,1,99,127,32,127,Nothing grows in the dirt of the old graveyard.  Some of the graves appear to have been disturbed.,דבר אינו גדל באדמת בית הקברות העתיק. נראה שכמה מהקברים חוללו.,
64,6,1,14,1,99,127,32,127,The graves seemed to be placed haphazardly in the tiny graveyard.  All appear to be old and poorly maintained.,נראה שהמצבות הונחו בחיפזון ובאנדרלמוסיה בבית הקברות הקטן. כולן נראות ישנות ובקושי מתוחזקות.,
64,6,51,0,1,99,127,32,127,"The only things that can be opened here are graves, and you don't want to open THOSE!","הדבר היחיד שאפשר לפתוח כאן הם הקברים, ואתה לא רוצה לפתוח אותם!",
64,6,77,0,1,99,127,32,127,Your magical abilities are to no avail against the undead.,יכולותיך הקסומות חסרות כל תועלת כנגד האל-מתים.,
64,6,20,0,1,99,127,32,127,"It just ghosts to show you, ""Sticks and stones may break YOUR bones""... but these ghosts haven't got any.","הוא רק שואף להראות לך, ""אבנים ומקלות עלולים לשבור עצמות""... אבל לרוחות רפאים אין כאלה בכלל.",
64,6,83,0,1,99,127,32,127,You feel a tingling sensation as you rub the unguent all over your body.,אתה חש בעקצוץ כאשר אתה מורח את המשחה על גופך.,
64,7,1,0,1,99,127,32,127,The grass glows ghostly.,הדשא זורח באופן מצמרר.,
64,7,1,15,1,99,127,32,127,The grass grows greener on the other side of the cemetery.,הדשא תמיד ירוק יותר בצד השני של בית הקברות.,
64,8,4,0,1,99,127,32,127,Sealed tombs are best left that way.,קברים חתומים הם במיטבם כאשר מניחים להם.,
64,8,1,0,1,99,127,32,127,This is the tomb in which the Spielburg nobility have traditionally been buried.,"זהו המאוזוליאום שבו, לפי המסורת, קוברים את בני האצולה משפילבורג.",
64,9,1,0,1,99,127,32,127,The evening is clear and the stars are bright. Dark clouds pass over the moon.,שמי הערב צלולים והכוכבים זוהרים. עננים כהים חולפים על פני הלבנה.,
64,9,1,15,1,99,19,32,127,The sky is a piercing blue with scudding white clouds.,השמיים בצבע כחול עז ועננים לבנים שטים להם.,
64,10,1,0,1,99,126,97,112,The forest surrounds the graveyard on three sides.,היער מקיף את בית הקברות בשלושה מצדדיו.,
64,11,4,0,1,99,112,32,112,"The wall is too difficult for your level of skill, but keep practicing.","כישורי הטיפוס שלך אינם מספיקים בשביל לטפס על החומה, אבל המשך לנסות.",
64,11,4,15,1,99,31,82,31,You would have trouble convincing people you are a Hero if you climbed the wall into town during the day.,לא יהיה פשוט לשכנע אנשים שאתה גיבור אם תטפס על החומה ותיכנס לעיר לאור יום.,
64,11,1,0,1,99,31,82,31,The town wall looks more massive from this side.,חומות העיר נראות יותר איתנות מהצד הזה.,
65,1,0,1,1,39,115,32,108,"""If ya want a good time, try the 'Dragon's Breath' at the bar."" ","""אם 'תה רוצה להשתחרר קצת, נסה את 'נשימת הדרקון' בבר.""",
65,1,0,2,1,39,115,32,111,"""I think I hear your momma calling you.""","""היה נדמה לי ששמעתי את אמאש'ך קוראת לך.""",
65,1,0,3,1,39,100,32,77,"""Bug off.""","""עוף מפה.""",
65,1,0,4,1,39,111,101,115,"""Why dontcha leave me alone?  I ain't done nothin'.""","""למה 'תה לא עוזב אותי בשקט? לא עשיתי שומדבר.""",
65,1,0,5,1,39,116,111,111,"""Your boot's untied.""","""השרוך במגף ש'ך פתוח.""",
65,1,0,6,1,39,100,118,101,"""You look nervous.  Why dontcha take a walk and cool off.""","""'תה נראה עצבני. למה שלא תלך לנקות ת'ראש ולהרגע.""",
65,1,0,7,1,39,32,97,110,"""Hey, I'm just trying to make a buck.  No need to give me a hard time.""","""היי, אני רק מנסה להרוויח כמה ג'ובות. 'תה לא צריך לעשות לי חיים קשים.""",
65,1,1,29,1,99,32,83,116,"Next to the town's wall, you notice a man who appears to be waiting for someone.  His dagger looks like a particularly deadly weapon, and the thief handles it with great skill.  ","על יד חומת העיר, אתה מבחין באיש שנראה כאילו מחכה למישהו. פגיונו קטלני למראה, והגנב אוחז בו במיומנות רבה.",
65,1,1,30,1,99,32,108,111,"Bruno looks very adept at throwing daggers, an altogether dangerous man.  You suspect he sees a lot through those shifty eyes.","ברונו נראה בקיא היטב במלאכת הטלת הפגיונות, ובסך הכול איש מסוכן עד למאוד. אתה חושד כי הוא ראה רבות דרך עיניו הערמומיות.","שיניתי בקי לבקיא, גם אם אולי שניהם תקניים"
65,1,2,8,1,39,101,32,104,Antwerp,אנטוורפ,
65,1,2,9,1,39,108,101,110,Baba Yaga,באבא יאגה,
65,1,2,10,1,39,104,32,105,Baron,ברון,
65,1,2,11,1,39,97,121,44,Dragon's Breath,נשימת דרקון,
65,1,2,12,1,39,32,112,114,Brigands,שודדים,
65,1,2,13,1,39,104,97,115,Cemetery,בית קברות,
65,1,2,14,1,39,32,116,97,Chief,גנב,
65,1,2,15,1,39,101,108,108,Crusher,מרסק,
65,1,2,16,1,39,28,18,2,Goblins,גובלינים,
65,1,2,17,1,39,4,0,128,Thieves' Guild,גילדת הגנבים,
65,1,2,18,1,39,86,0,87,Healer,מרפאה,
65,1,2,19,1,39,0,154,28,Yaga's Hut,בקתת יאגה,
65,1,2,20,1,39,158,37,4,Monsters,מפלצות,
65,1,2,21,1,39,1,2,2,Name,שם,
65,1,2,22,1,39,0,0,0,Otto,אוטו,
65,1,2,23,1,39,43,4,0,Password,סיסמה,
65,1,2,24,1,39,32,226,43,Sheriff,שריף,
65,1,2,25,1,39,4,0,224,Warlock,מכשף,
65,1,2,33,1,39,66,14,75,"""What's in it for me?  If ya give me a silver, I might have a bit of info you can use.""","""מה יוצא לי מזה? אם 'תה נותן לי כסף, אולי יהיה לי קצת מידע שימושי בשבילך.""",
65,1,2,34,1,99,0,221,43,"""For two gold, I'll tell ya how to get into old Baba Yaga's hut.""","""עבור שתי מטבעות זהב, אני אומר'ך איך להיכנס לבקתת באבא יאגה.""",
65,1,2,35,1,39,112,0,83,"""Give me dough- ya know.""","""תן לי כסף, באמאש'ך.""",
65,1,2,36,1,39,210,223,43,"""A little silver might loosen my lip.""","""קצת כסף ישחרר לי את השפתיים.""",
65,1,2,37,1,99,0,0,0,"""For ten golds, I'll even tell ya where to find some of the robbers what have been robbing people coming into the valley.""","""עבור עשר זהב, אני אומר'ך איפה למצוא חלק מהשודדים שגוזלים מהאנשים המגיעים לעמק.""",
65,1,4,26,1,39,43,4,0,"""Get outta my face.""","""עוף לי מהעיניים.""",
65,1,4,27,1,99,32,231,43,Bruno nods and makes the countersign.,ברונו מהנהן ומחווה את הסיסמה.,
65,1,4,27,2,39,4,0,229,"""Ya need ta talk to Sneak about the password.  Ya can find him in the alley at night.""","""אתה צריך לדבר עם גניבא על הסיסמה. תמצא אותו בסימטה בלילה.""",
65,1,4,28,1,39,0,211,46,"""Yeah, right, I already gave ya the sign once.  I don't like ta do things twice."" ","""כן, בטח, כבר נתתי לך את הסיסמה פעם אחת. אני לא אוהב לחזור על דברים פעמיים.""",
65,1,5,8,1,39,0,226,43,"""Hahahaha!  Yeh, the antwerp is a good monster for you to fight.  It loves to play.""","""חה חה חה חה! כן, האנטוורפ הוא מפלצת לחימה ממש טובה. הוא אוהב לשחק.""",
65,1,5,9,1,39,220,54,131,"""She's an ugly hag who lives in a weird house who knows some magic.  Her place is due west of the Baron's place.  Can't miss it.""","""היא מכשפה מכוערת שגרה לה בבית מוזר ומכירה כמה קסמים. משכנה נמצא מערבה לטירת הברון. אי אפשר לפספס אותו.""",
65,1,5,9,2,39,43,228,43,"""And for two gold, I'll tell ya how to get into her hut.""","""ותמורת שני זהב, אגלה לך כיצד נכנסים לבקתה שלה.""",
65,1,5,10,1,39,0,0,0,"""Ya just take the road north from here past the Healer's and go till ya get to his castle.""","""אתה לוקח מפה את השביל צפונה, עובר את המרפאה וממשיך עד שאתה מגיע לטירה שלו.""",
65,1,5,11,1,39,43,4,0,"""Everyone loves Dragon's Breath.""","""כולם אוהבים נשימת דרקון.""",
65,1,5,12,1,39,32,237,43,"""Go south and you'll see a hollow log.  Then head west until ya can go south again.  Then go east until you can go south again.  From there go west. Them brigands just love vistors.""","""לך דרומה עד שתראה גזע עץ חלול. פנה מערבה עד שיש לך שוב פניה לדרום. משם אתה הולך למזרח עד ששוב הדרך מצטלבת דרומה. משם לך לכיוון מערב. השודדים מתים על עוברי אורח.""",
65,1,5,13,1,39,4,0,235,"""It's due west of town.  Nice place to visit, but I wouldn't want to stay, if ya know what I mean.""","""זה נמצא ממערב לעיירה. מקום נחמד לבקר בו, אבל הייתי משתדל לקצר את הביקור ככל האפשר, אם אתה מבין למה אני מתכוון.""",
65,1,5,14,1,39,194,95,93,"""He's the only one in the valley who can beat me at daggers.""","""הוא היחיד בכל העמק שיכול לנצח אותי בפגיונות.""",
65,1,5,15,1,39,0,231,43,"""He's a pal of mine.  He usually hangs out in the bar.  A real sweet guy.  Give him a slap on the back for me.""","""הוא חבר טוב. בדרך כלל הוא מבלה בבר. בחור מתוק אמיתי. תן לו צ'פחה על הגב בשמי.""",
65,1,5,16,1,39,77,97,114,"""The little pests are just northwest of the cemetery.  They're a bunch of wimps.""","""המזיקים הקטנים יושבים ממש צפונה לבית הקברות. הם חבורה של סמרטוטים.""",
65,1,5,17,1,39,126,6,197,"""They hide it in the graveyard.  It's under one of the tombstones.  You can see the thieves if you go there at night.""","""הם הטמינו את זה בבית הקברות. מתחת לאחת המצבות. תוכל לראות שם גנבים מסתובבים בשעות הלילה.""",
65,1,5,18,1,39,0,0,0,"""She's got some good potions.  Her hut is just to the north of here.""","""יש לה כמה שיקויים לא רעים. הבקתה שלה מעט צפונה מכאן.""",
65,1,5,19,1,39,7,172,242,"""I seen her one time yelling out to the house, 'Hut of brown, now sit down.'  That's one spooky dame, let me tell you.""","""שמעתי אותה פעם צורחת על הבית, 'בקתה חומה, רדי לאדמה'. מה אני אגיד לך, האישה מטורפת.""",
65,1,5,20,1,39,0,231,43,"""Lots'a monsters in this valley.  Most of 'em are wimps, though.""  ","""מלא מפלצות בעמק הזה. אם כי רובם סתם נמושות.""",
65,1,5,21,1,39,43,5,0,"""Just call me Bruno."" ","""פשוט תקרא לי ברונו.""",
65,1,5,22,1,39,43,1,4,"""The Sheriff and the goon are pals.   Otto even lives with the Sheriff and his wife.""","""השריף והבריון חברים. אוטו אפילו מתגורר בביתם של השריף ואשתו.""",
65,1,5,23,1,39,55,1,9,"""The thieves' password?  Sorry, I can't risk losing my thief license.  Chief wouldn't like it if I blabbed that to the likes'a you.""","""סיסמת הגנבים? מצטער, אך לא אסכן את רשיון הגניבה שלי. הרב לא יאהב אם אפלוט אותה לחבר'ה כמוך.""",
65,1,5,24,1,39,41,223,137,"""The Sheriff and the goon are pals.   Otto even lives with the Sheriff and his wife.""","""השריף והבריון חברים. אוטו אפילו מתגורר בביתם של השריף ואשתו.""",
65,1,5,25,1,39,27,237,43,"""He's some kinda magic user.  And he laughs alot.  That's all I know.""","""הוא מעין עוסק בקסמים. והוא גם צוחק הרבה. זה כל מה שאני יודע.""",
65,1,10,0,1,99,2,1,86,How much silver will you pay?,כמה מטבעות כסף תסכים לשלם?,
65,1,10,9,1,39,154,205,89,"""Okay, whaddaya wanna know""","""טוב, מה אתה רוצה לדעת.""",
65,1,10,31,1,99,30,140,208,Don't mess around with Bruno.  You don't have a silver.,אל תשגע את השכל לברונו. אין לך מספיק כסף.,
65,1,10,32,1,39,118,90,0,"""For another silver, I can tell ya about where to go to find the Baron, Baba Yaga, or some goblins who have a lot of treasure.""","""תמורת מטבע כסף נוספת, אגלה לך היכן תוכל למצוא את הברון, באבא יאגה, וכמה גובלינים מפוצצים באוצרות.""",
65,1,10,32,2,39,43,247,43,"""So if ya want some information, hand me some cash.""","""אז אם 'תה רוצה מידע, שחרר כמה שקלים.""",
65,2,1,0,1,99,0,107,32,"A mapseller from Shapeir used to have his stand here, but he's moved on.","היה כאן פעם דוכן של סוחר מפות שהגיע משאפיר, אך הוא עזב והמשיך הלאה.",
65,3,1,38,1,99,245,43,4,The town gates are open.,שערי העיר פתוחים.,
65,3,1,39,1,99,65,38,138,The town gates are closed and barred at night.,שערי העיר סגורים ומוברחים בלילה.,
65,3,4,0,1,99,0,0,0,The gate is kept open during the day.,השער פתוח במשך שעות היום.,
65,4,0,40,1,99,114,0,166,"Climbing the wall proves too difficult for your current level of skill, but keep practicing.","טיפוס על חומות הינו צעד אחד רחוק מדי כשהכושר הגופני שלך אינו בשיאו, אבל תמשיך להתאמן.",
65,4,0,41,1,99,111,110,115,"After making sure nobody is watching, you climb over the town's wall.","לאחר שאתה מוודא שאיש אינו רואה, אתה מטפס מעל חומת העיר.",
65,4,0,42,1,99,69,1,0,"The breeze is cool, but you feel a shiver deeper than just the cold.  You are on your own in a very dangerous place.","רוח קרירה נושבת, אולם אתה מרגיש רעד עמוק בעצמותיך ולא מקור. אתה לגמרי לבדך עכשיו במקום מסוכן מאוד.",
65,4,1,0,1,99,43,252,43,Heavy forest looms to the south.  The trees are just ordinary trees.,יער עבות משתרג לדרום. העצים הם עצים רגילים לכל דבר ועניין.,
65,4,1,38,1,99,0,107,32,What can be seen of the sky through the trees is bright and clear.,פיסות השמים שמצליחות לחדור מבעד לחופת העצים בהירות וצלולות.,
65,4,1,43,1,99,250,43,4,The full moon portends dangerous times.,הירח המלא הוא אות מבשר רעות.,
65,4,1,44,1,99,85,139,236,The sign has been carved from local oak.,השלט גולף מאלון מקומי.,
65,5,1,45,1,99,0,0,0,"It's flat.  It's made of dirt.  Hey, maybe it's a road!","זה שטוח. זה עשוי מעפר. הי, אולי זה שביל!",
65,5,1,46,1,99,115,0,63,The north road winds its way through the woods.,הדרך צפונה מתפתלת ונעלמת לה בעומק היער.,
65,5,1,47,1,99,8,12,131,"The road from town branches here.  The north fork leads past the healer's hut to the Baron's castle.  You remember having entered the valley along the eastern road, just before a storm closed the pass. ","הדרך מהעיירה מתפצלת כאן. ההסתעפות הצפונית חולפת על פני בקתת המרפאה בדרכה אל טירת הברון. אתה נזכר כי כשהגעת לראשונה לעמק נסעת מכיוון מזרח, רגע לפני שהסערה חסמה את המעבר.",
65,5,1,48,1,99,196,1,0,You're on the road again!,אתה שוב בדרכים!,
65,5,1,48,2,99,43,1,44,Spielburg roads -- paving the way to a better future.  (Only they haven't gotten around to paving this one yet.),דרכי שפילבורג -- סוללים את הדרך לעתיד טוב יותר. (רק שאת השביל הזה עוד לא הספיקו לסלול.),
65,5,1,49,1,99,0,107,32,The main road by which you entered this valley winds its way through the dense forest.,הדרך הראשית שדרכה נכנסת לעמק מתפתלת לאורך יערות העד העבותים.,
65,5,1,50,1,99,255,43,4,The eastern fork is the road which brought you into this valley.,ההצטלבות המזרחית היא הדרך שהביאה אותך אל העמק.,
65,6,1,0,1,99,38,199,71,"It looks sort of grey, and sort of hard, actually quite a bit like a rock. Yep, that's what it is.","היא נראית די אפורה, ודי קשה, ולמעשה די דומה לאבן. כן, זה מה שהיא.",
65,7,1,0,1,99,0,0,0,"The carved wooden sign reads ""SPIELBURG.""","על שלט העץ המגולף נכתב ""שפילבורג.""",
65,8,1,0,1,99,11,246,117,The town gates are closed and barred for the night.,שערי העיר סגורים ומוברחים בלילה.,
65,8,4,0,1,99,233,85,3,The town gate is closed and locked for the night.,שערי העיר סגורים ונעולים בלילה.,
65,9,1,0,1,99,18,1,0,The town wall is made of very sturdy carved rock.,חומות העיר בנויות מאבנים חצובות ועמידות.,
65,9,4,0,1,99,43,6,44,The town gate is wide open.  You would look silly climbing the wall.,שערי העיר פתוחים לרווחה. יהיה זה טיפשי מצידך לטפס על החומה.,
65,10,1,45,1,99,0,107,32,"It used to be used for wheeling and dealing, but the wheels won't turn anymore.","בעבר יצאו עם זה לסבב הופעות, היום הגלגלים בקושי מסתובבים.",
65,10,1,46,1,99,4,44,4,Somebody left the cart before the horse.  (Maybe the horse wasn't quite as broken down.),מישהו זרק את העגלה לפני הסוסים. (אולי הסוס לא היה עד כדי כך מפורק.),
65,10,1,47,1,99,196,94,6,"It's an old, broken down cart.",עגלה ישנה ושבורה.,
65,10,1,48,1,99,0,0,0,"Well, it's broke, that seems to be about cart for the horse around here.","ובכן, היא שבורה, ממש זיווג משמים לסוס שרובץ שם.",
65,10,1,49,1,99,110,115,0,No one seems to care much about keeping the town clean any more.,לא נראה שמישהו ממש מזיז לו אם העיירה נקיה או לא.,
65,10,1,50,1,99,139,71,55,This cart has seen better days.  Now it's more like a pile of firewood.,העגלה הזאת ראתה ימים יפים יותר. עכשיו היא יותר דומה לערימה של עצי הסקה.,
67,1,1,0,1,25,34,4,0,"""My foot is caught in this trap.  If I had hands like you, instead of paws, I could free myself."" ","""כף רגלי נתפסה במלכודת. לו היו לי ידיים כמוך, במקום טלפיים, הייתי משחרר את עצמי.""",
67,1,4,0,1,99,34,87,34,"Walk around to the other side of the fox, where the trap is.","עבור לצד השני של השועל, שם נמצאת המלכודת.",
67,1,4,1,1,99,4,5,0,The key is gone.,השועל נעלם.,
67,1,57,0,1,25,34,101,32,"""My foot is caught in this cruel trap and I am in great pain.  Surely you could take a minute and set me free."" ","""כף רגלי נתקעה במלכודת מרשעת זו ואני סובל מכאבים עצומים. בטוח תוכל להקדיש לי דקה מזמנך ולשחרר אותי לחופשי.""",
67,1,57,1,1,25,111,104,32,"""I am in such pain and agony I cannot think.   Help me, good adventurer, please.""","""אני סובל מכאבים וייסורים איומים ולא מסוגל לחשוב. עזור לי, הרפתקן רחום, בבקשה.""",
67,1,70,0,1,25,115,97,105,"""You don't have to put me out of my misery, you just have to get me out of this trap."" ","""אינך צריך לגאול אותי מיסוריי, רק שחרר אותי מהמלכודת הזאת.""",
67,2,0,0,1,99,32,97,114,There seems to be a fox north of the road.,נראה שיש שם שועל מצפון לדרך.,
67,2,0,2,1,99,32,97,32,"That was strange, no sooner did you kill the fox than it vanishes.","מוזר, באותו רגע שהרגת את השועל הוא נעלם.",
67,2,0,3,1,25,72,101,114,"""My foot is caught in this cruel trap and I am in great pain.  Surely you could take a minute and set me free."" ","""כף רגלי נתקעה במלכודת מרשעת זו ואני סובל מכאבים עצומים. בטוח תוכל להקדיש לי דקה מזמנך ולשחרר אותי לחופשי.""",
67,2,0,4,1,99,114,101,46,Hmmm.  Perhaps it needed a stronger spell.,המממ. אולי דרוש לו קסם יותר חזק.,
67,2,0,4,2,99,4,2,0,Your powerful Open spell springs the trap.,לחש הפתיחה רב העוצמה שלך מנטרל את המלכודת.,
67,2,0,4,3,99,34,40,4,You spring the trap.,נטרלת את המלכודת.,
67,2,0,4,4,25,55,0,34,"""In exchange for your kindness, I will give you some advice and a bit of information.  First of all, it sometimes pays off to be polite, even to rude people."" ","""בתמורה לאבירות ליבך, אתן לך עצה טובה וכמה פיסות מידע. דבר ראשון, לעיתים משתלם להתנהג בנימוס, אפילו עם אנשים גסי רוח.""",
67,2,0,4,5,25,99,34,4,"""As for the amusing tidbit - Baba Yaga put an enchantment on the Baron's Daughter some years back.  To break the spell you need to talk to the Dryad.  Au Revoir, Ta-ta, see you sometime.""","""ונעבור לפינת הרכילות -- באבא יאגה הטילה כישוף על בת הברון לפני שנים מספר. כדי להסיר את הקללה עליך לשוחח עם הדריאדה. יאללה ביי, להת' לעת עתה, נשתמע.""",
67,2,0,5,1,25,34,93,34,"""Help me, Brave and Kind Hero."" ","""עזור לי, גיבור טוב לב ואמיץ.""",
67,2,0,6,1,25,0,0,0,"""Please help me, Brave and Kind Hero."" ","""עזור נא לי, גיבור אמיץ וטוב לב.""",
67,2,0,7,1,25,34,4,0,"""Please have mercy on a creature who is in great pain."" ","""אנא חוס ורחם על יצור המתייסר בכאב נורא.""",
67,2,0,8,1,99,34,19,30,The fox does not seem to want to fight.,השועל אינו מראה רצון להילחם.,
67,2,0,9,1,99,118,101,114,The trap seems to be caught on something.  You can't pull it loose.,נראה שמשהו נתפס במלכודת. אתה לא מצליח למשוך אותו החוצה.,
67,2,50,0,1,99,32,32,73,There is an aura of magic around the fox.,הילה קסומה זוהרת סביב השועל.,
67,2,50,1,1,99,32,116,104,There is no magic present.,אין קסם בסביבה.,
67,2,51,1,1,99,103,114,105,There is no point to that.,זה לא עושה כלום.,
67,2,78,0,1,99,32,105,110,The fox is in such pain that it's already dazzled.,השועל כבר מסונוור מרוב כאב.,
67,2,80,0,1,25,119,100,101,"""You realize, of course, I really find it hard to relax with this thing on my leg."" ","""אתה מבין, כמובן, שממש קשה לי להרגע עם הדבר הזה על הרגל.""",
67,3,1,0,1,99,34,4,0,It looks like a dinosaur trudging grumpily to work.,נראה כמו דינוזאור הגורר רגליו בעגמומיות לעבודה.,
67,3,1,1,1,99,28,6,40,It looks like a dinosaur skipping merrily back home from work.,נראה כמו דינוזאור המקפצץ בשמחה בדרכו הביתה מהעבודה.,
67,4,1,0,1,99,4,0,102,"This trap is an especially nasty piece of work.  Besides the inch-long spiky bits, it... well, never mind; suffice it to say that you would not enjoy being caught in it.","המלכודת היא חתיכת עבודה מרושעת. מלבד המסמרים הארוכים והחדים, היא... ובכן, לא משנה; מספיק לציין שלא יהיה לך סבבה להילכד בה.",
68,1,1,0,1,99,28,4,0,It appears that a very recent avalanche has sealed off the road leading out of the valley.,מפולות השלגים האחרונות חסמו את דרך היציאה מן העמק.,
7,1,0,0,1,99,104,105,110,10 minute rest,10 דקות מנוחה,
7,1,0,0,2,99,111,117,110,30 minute rest,30 דקות מנוחה,
7,1,0,0,3,99,105,110,103,60 minute rest,60 דקות מנוחה,
7,1,0,0,4,99,32,105,110,Sleep all night,לישון כל הלילה,
7,1,0,0,5,99,111,100,115,Stay awake,להישאר ער,
7,1,0,0,6,99,121,46,32,You just can't sleep during the daytime.,אתה פשוט לא יכול לישון בשעות היום.,
7,1,0,0,7,99,110,116,32,You awake as the sun begins to rise.,אתה מתעורר בדיוק בזמן הזריחה.,
7,1,0,1,1,99,115,32,121,"How long, Hero? ","כמה זמן, גיבור?",
70,1,1,0,1,99,38,4,0,It's a ring formed of large and rather unusual-looking mushrooms.,זהו מעגל המורכב מפטריות גדולות ודי מוזרות למראה.,
70,1,1,1,1,99,37,191,37,The fairy ring is luminous at night.,מעגל הפיות זוהר בלילה.,
70,2,0,0,1,99,37,6,0,You pick a handful of the smaller mushrooms and carefully put them away in your backpack.,אתה מלקט חופן מהפטריות הקטנות יותר ומניחן בזהירות בילקוטך.,
70,2,0,2,1,99,37,116,115,I'll bet you're sorry you said that.,בטח אתה מצטער שאמרת את זה.,
70,2,0,3,1,99,116,13,10,You don't need to do that.,אין צורך לעשות זאת.,
70,2,0,4,1,99,97,116,117,You place the dust carefully away in an empty flask.,אתה מניח את האבק בזהירות בתוך בקבוק ריק.,
70,2,0,5,1,99,66,111,103,You hold out your hand... what else could you do?,אתה מושיט את ידך... מה עוד תוכל לעשות?,
70,2,0,6,1,99,115,102,111,"As the fairy dust sifts through your fingers, you realize that you need something in which to hold it.  ","בעוד אבק הפיות הולך ומסתנן מבין אצבעותיך, אתה מבין שתזדקק לכלי שיאחסן אותו.",
70,2,0,7,1,99,117,101,115,The trees look more vibrant than most of the forest.,העצים נראים יותר מלאי חיים מאשר שאר חלקי היער.,
70,2,0,7,2,99,104,101,32,There is a ring of mushrooms on the northwest side of the clearing.,בלב קרחת היער נראה מעגל פיות.,
70,2,0,8,1,99,102,32,97,"As the fairy dust sifts through your fingers, you realize that you needed something to put it into.","בעוד אבק הפיות הולך ומסתנן מבין אצבעותיך, אתה מבין שתזדקק לכלי שיאחסן אותו.",
70,2,57,0,1,99,32,32,0,To whom are you talking?,עם מי אתה מדבר?,
70,2,57,0,2,99,0,154,28,You detect faint emanations of magic near the ring of mushrooms.,אתה מזהה הילה קלה של קסם בקרבת מעגל הפטריות.,
70,3,0,0,1,99,209,37,4,"It's either a stone, a pebble, a mass of stony material, a solid mineral deposit, a block, or a rock.  I'll let you decide for yourself.","או שזה אבן, או חלוק נחל, מסה של חומר מאובן, מרבץ מינרלים מוצק, לבנה, או סלע. אתן לך להחליט בעצמך.",
70,3,1,0,1,99,103,32,116,"This used to be a member of a famous rock group, but it decided to split the scene.","הוא היה פעם חבר בלהקת אבן נגילה, עד שהוא החליט להפריד כוחות.",
70,4,1,0,1,99,0,0,0,The trees seem more dense and lush than the rest of the woods.,דומה שהעצים כאן יותר עבותים ושופעים משאר חלקי היער.,
70,5,1,0,1,99,33,4,0,The trees here look thicker and healthier than in other parts of the forest.,על פי מראם העצים כאן יותר סמיכים ובריאים מאזורים אחרים ביער.,
73,1,1,0,1,99,254,131,62,"This man looks very tough.  From his clothing, you guess him to be a member of the Thieves' Guild. ","האיש נראה חזק מאוד. על פי מלבושיו, אתה מניח כי הוא חבר בגילדת הגנבים.",
73,1,2,0,1,99,36,42,228,Dead men tell no tales.,אנשים מתים אינם מספרים סיפורים.,
73,1,4,0,1,99,232,152,250,"You're kidding, right?","אתה מתלוצץ, נכון?",
73,1,16,0,1,99,14,160,21,He's dead already; don't dull your daggers!,הוא כבר מת; אל תקהה את הפגיונות שלך!,
73,1,50,0,1,99,205,36,162,You detect no magic here.,אתה לא מזהה כאן שום קסם.,
73,1,51,0,1,99,36,235,9,You've wasted a spell.,בזבזת לחש.,
73,1,51,0,2,99,173,2,232,There's nothing here to open.,אין כאן מה לפתוח.,
73,1,77,0,1,99,116,5,190,Your weapon is now magically charged.,הנשק נטען בכוח קסם.,
73,1,77,3,1,99,255,118,6,You don't seem to have a weapon to charge.,לא נראה שיש לך נשק להטעין.,
73,1,78,0,1,99,196,6,11,You waste a spell.,אתה מבזבז לחש.,
73,1,80,0,1,99,7,139,94,You've wasted a spell.,בזבזת לחש.,
73,1,80,0,2,99,228,138,14,The brigand is too angry to make calm.,השודד מדי כועס ואינו מסוגל להירגע.,
73,1,82,1,1,99,3,211,224,"You waste a spell. Fetch is only good for fetching small, visible objects.",אתה מבזבז קסם. לחש התפיסה מתאים רק לתפיסת עצמים קטנים ונראים לעין.,
73,1,82,2,1,99,30,255,118,Just wait. The nice brigand will throw you his knife.,פשוט תחכה. השודד נעים ההליכות יזרוק לעברך את סכינו.,
73,2,1,0,1,99,131,196,6,The dead brigand lies very still.,השודד המת שוכב בשקט.,
73,2,1,2,1,99,192,64,139,You see a hard-looking character who appears to be a thief.  He must be one of the Brigands!,אתה רואה טיפוס מחוספס שנראה כגנב. הוא בוודאי אחד מהשודדים!,
73,2,4,1,1,99,255,54,42,Get closer to him.,התקרב אליו.,
73,2,4,2,1,99,163,42,37,"You're kidding, right?","אתה מתלוצץ, נכון?",
73,2,50,0,1,99,94,95,139,You detect no magic here.,אתה לא מזהה כאן שום קסם.,
73,2,77,0,1,99,236,86,139,Your weapon is now magically charged.,הנשק נטען בכוח קסם.,
73,2,77,3,1,99,118,6,232,You don't seem to have a weapon to charge.,לא נראה שיש לך נשק להטעין.,
73,2,78,0,1,99,117,3,190,You waste a spell.,אתה מבזבז לחש.,
73,2,80,0,1,99,116,7,255,You've wasted a spell.,בזבזת לחש.,
73,2,80,0,2,99,198,94,93,The brigand is too angry to calm.,השודד מדי כועס ואינו מסוגל להירגע.,
73,2,81,0,1,99,236,12,87,Your Flame Dart streaks towards the startled brigand.,חץ הלהבה טס לעבר השודד המבוהל.,
73,2,82,1,1,99,6,139,63,"You waste a spell.  Fetch is only good for fetching small, visible objects. ",אתה מבזבז קסם. לחש התפיסה מתאים רק לתפיסת עצמים קטנים ונראים לעין.,
73,2,82,2,1,99,71,70,138,Just wait.  The nice brigand will throw you his knife.,פשוט תחכה. השודד נעים ההליכות יזרוק לעברך את סכינו.,
73,3,1,0,1,99,4,139,198,The buildings of Spielburg can be seen beyond the town wall.,גגות בנייני שפילבורג נראים מאחורי חומת העיר.,
73,4,0,4,1,34,41,7,139,"""So what's this about, anyway?""","""אז מה אתה רוצה מהחיים שלי בכלל?""",
73,4,0,4,2,35,43,192,80,"""Her Nibs is starting to get suspicious about us.""","""הוד מעלתה מתחילה לחשוד בנו.""",
73,4,0,4,3,34,196,4,139,"""What's the bee in her bonnet?""","""איזה ג'וק יש לה בראש?""",
73,4,0,4,4,35,86,154,190,"""Seems the 'hero' wandering around here has her leery.""  ","""נראה שה'גיבור' המשוטט לו בסביבה מגביר את סף חשדנותה.""",
73,4,0,4,5,34,240,137,118,"""She thinks he's going to go for the gold on her head.""","""היא חוששת כי יש לו תוכניות לזכות בזהב שהוצע על ראשה.""",
73,4,0,4,6,34,117,10,57,"""What's it ta do with us?""","""איך זה קשור אלינו?""",
73,4,0,4,7,35,118,238,139,"""She's been asking too many questions 'bout us.""","""היא שואלת עלינו יותר מדי שאלות.""",
73,4,0,4,8,35,198,137,7,"""And the laughing jackass' eyeing me.  I had to sneak out.""","""והחמור המתלוצץ נעץ בי מבטים. נאלצתי להתגנב.""",
73,4,0,4,9,34,5,0,139,"""Then we got to avoid the ambush and use the back for a bit, 'til the heat is off.""","""ואז נאלצנו להיזהר מליפול למארב ולהשתדל לפעול מאחורי הקלעים, עד שהעניינים נרגעו מעט.""",
73,4,0,5,1,99,195,85,139,You retrieve your daggers.,אתה אוסף מחדש את פגיונותיך.,
73,4,0,6,1,99,62,18,37,You retrieve your dagger.,אתה מרים את פגיונך.,
73,4,0,7,1,35,37,0,116,"""Hey, watchu doin' here? Spyin', I'll wager!""","""היי, מה 'תה עושה פה? מרגל, על בטוח!""",
73,4,0,8,1,34,80,141,70,"""And remember the 'word'.""","""וזכור את ה'מילה'.""",
73,4,0,8,2,35,131,196,6,"""What Word?""","""איזו מילה?""",
73,4,0,8,3,34,25,2,11,"""The 'word' what lets ya in so that Fred goes away.""","""ה'מילה' שמאפשרת לך להיכנס פנימה כשפרד מפנה את השטח.""",
73,4,0,8,4,35,116,73,71,"""Oh yeah, sure.  What is it?""","""אה כן, ברור. מהי?""",
73,4,0,8,5,34,246,117,9,"""Hiden Goseke.  Ya better learn it.""","""מעך בוהים. כדאי שתתאמן על זה.""",
73,4,0,8,6,35,235,53,71,"""You think I'm a dummy or somethin'?""","""אתה חושב שאני מפגר או משהו?""",
73,4,0,8,7,34,160,206,36,"""Say the 'word' before ya open the door or ya might make Fred mad.""","""תגיד את ה'מילה' בטרם תיכנס בדלת, אחרת פרד מאוד יתעצבן.""",
73,4,0,8,8,34,118,28,138,"""Ya don't want Fred ta get mad.""","""ואתה לא רוצה שפרד יתעצבן.""",
73,4,0,8,9,35,117,187,138,"""Hey, no problem.  What's the 'word' again?""","""הי, שום בעיה. תזכיר לי שוב מה ה'מילה'?""",
73,4,0,8,10,34,42,255,139,"""Hiden Goseke.""","""מעך בוהים.""",
73,4,0,8,11,35,184,44,0,"""Hiden Goseke.  Got it.""","""מעך בוהים. הבנתי.""",
73,4,0,8,12,34,195,85,139,"""I gotta get back before the Chief misses me.  Be back in a bit.""","""אני חייב לחזור לפני שהרב יתחיל להתגעגע אלי. חוזר לפה תוך דקה.""",
73,4,0,8,13,35,192,137,70,"""Hiden Goseke.  See ya.""","""מעך בוהים. נתראה.""",
73,4,0,9,1,35,37,86,144,"""Maybe we should just make our move now.""","""אולי כדאי שנבצע את המהלך שלנו עכשיו.""",
73,4,0,9,2,34,137,70,248,"""Naw, let's wait for the creep to go first.""","""לא, בוא נחכה קודם שהשרץ יילך.""",
73,4,0,9,3,34,207,36,0,"""While she's busy with him, we take over.""","""בזמן שהיא עסוקה איתו, אנחנו נשתלט.""",
73,4,0,9,4,34,42,228,139,"""She'll take him out easy, then we take her out.""","""היא תיפטר ממנו בקלות, ואז אנחנו ניפטר ממנה.""",
73,4,0,9,5,35,116,22,87,"""Where's the back door, then?""","""היכן הדלת האחורית, אם כן?""",
73,4,0,9,6,34,6,153,45,"""Where the bouncer hops around.  Ya got your key still?""","""ליד המוזג המקפץ. המפתח עדיין אצלך?""",
73,4,0,9,7,35,248,17,86,"""Yeah.""","""כן.""",
73,4,0,9,8,34,190,25,2,"""Don't lose it.  I got the only other one.""","""לא לאבד אותו. יש לי רק עוד אחד.""",
73,4,0,9,9,34,246,117,200,"""You'll haveta search the rock for the keyhole.  It's hidden good."" ","""תצטרך לחפש בחורי ובסדקי הסלע את חור המנעול. הוא מוסתר היטב.""",
73,4,1,0,1,99,7,129,126,The forest is very overgrown near here.,היער מסביבך סבוך ופראי.,
73,4,4,0,1,99,114,37,154,"You search around this area for a bit, but you don't find anything very useful.","אתה סורק את המקום במשך זמן מה, אך לבסוף אינך מוצא שום דבר בעל ערך.",
73,4,50,0,1,99,8,139,70,You detect no magic here.,אינך מזהה כאן שום קסם.,
73,4,51,0,1,99,95,139,229,You've wasted a spell.,בזבזת לחש.,
73,4,51,0,2,99,2,86,232,There's nothing here to open.,אין כאן מה לפתוח.,
73,4,77,0,1,99,11,246,116,Your weapon is now magically charged.,הנשק כרגע טעון בכוח קסם.,
73,4,77,3,1,99,255,54,18,You don't seem to have a weapon to charge.,לא נראה שיש לך נשק להטעין.,
73,4,78,0,1,99,1,255,14,The branches of the brush block the spell from the brigand.,ענפי השיח חוסמים את הקללה שהטיל השודד.,
73,4,80,0,1,99,117,18,128,You've wasted a spell.,בזבזת לחש.,
73,4,80,10,1,99,32,37,235,The brigand is too angry to calm down.,השודד יותר מדי עצבני מכדי שיוכל להירגע.,
73,4,82,0,1,99,255,118,4,"You waste a spell. Fetch is only good for fetching small, visible objects.",אתה מבזבז קסם. לחש התפיסה מתאים רק לתפיסת עצמים קטנים ונראים לעין.,
73,4,82,2,1,99,37,80,232,Just wait.  The nice brigand will throw you his knife.,פשוט תחכה. השודד נעים ההליכות יזרוק לעברך את סכינו.,
73,4,86,7,1,99,198,94,139,You find nothing else on the brigand's body.,אינך מוצא דבר מלבד גופת השודד.,
73,4,86,11,1,99,64,80,232,"You find a single key on the brigand's body, and put it away.","אתה מוצא מפתח בודד על גופת השודד, ומניח אותו בין מטלטליך.",
73,5,1,12,1,99,16,37,80,The old archery target looks as though it has not been used in quite some time.,דומה כי מטווח הקשתים הישן לא היה בשימוש מזה רבות בשנים.,
73,5,1,13,1,99,4,195,85,You are using the old archery target for dagger practice.,אתה משתמש במטווח הקשתים הישן לצורכי אימון בהטלת כידונים.,
73,5,4,0,1,99,54,226,36,You can feel the holes where daggers and arrows once hit the target.,אתה יכול לחוש את החורים שהותירו אחריהם בעבר הכידונים והחיצים כשפגעו במטרה.,
73,5,16,0,1,99,252,36,161,There are too many bushes between you and the target.,ישנם יותר מדי שיחים בינך לבין המטרה.,
73,6,1,0,1,99,162,254,42,The trees of the forest make this a pleasantly shady archery range.,צמרות העצים הופכים את המקום למטווח קשתים מוצל ונעים.,
73,6,1,14,1,99,206,36,232,"This tree is covered with old, dried fruit from last year.",העץ טעון בפירות ישנים ויבשים מהעונה הקודמת.,
73,6,4,0,1,99,44,0,80,You're sharp enough to realize that climbing over these bushes could result in some thorny problems.,אתה מספיק חריף בשביל להבין שטיפוס על השיחים הללו עלול להסתיים בכמה בעיות קוצניות ולא נעימות.,
73,6,4,14,1,99,4,43,139,"The fruit on this tree is withered, and swarming with hornets.  You think better about picking it.",הפירות על העץ מצומקים ושורצי צרעות. אתה חושב טוב האם כדאי לבצור אותם.,
73,7,1,0,1,99,163,252,42,This is the South wall of Spielburg.  An old target leans against the wall.,זו החומה הדרומית של שפילבורג. מטרה עתיקה נשענת על החומה.,
73,7,4,15,1,99,43,64,64,Climbing this wall is too difficult for your level of skill.  Keep practicing.,טיפוס על חומות הינה פעולה סבוכה מדי עבורך ברמת המיומנות הנוכחית שלך. תמשיך להתאמן.,
73,7,4,16,1,99,36,254,192,"After making sure nobody is watching, you climb over the town's wall.","לאחר שאתה מוודא שאיש אינו רואה, אתה מטפס מעל חומת העיר.",
73,7,4,17,1,99,192,80,232,You would have trouble convincing people you are a Hero if you climbed the wall into town during the day.,יהיה לך קשה לשכנע אנשים בגבורתך אם תטפס על החומה ותיכנס לעיר בעוד החמה זורחת.,
76,1,1,0,1,99,127,205,127,There are acorns here and there on the ground.,בלוטים מפוזרים פה ושם על פני האדמה.,
76,1,1,1,1,99,127,205,127,"There is a large, slightly glowing acorn on the ground.",בלוט גדול וזוהר קלות מוטל על הקרקע.,
76,2,34,0,1,99,127,205,127,No thanks; the tree already has plenty of acorns.,לא תודה; העץ כבר מלא בבלוטים.,
76,2,16,0,1,99,127,32,112,You needn't dull your blade playing woodsman.,חבל שתשחית את להבך על כריתת עצים עלובה.,
76,2,16,2,1,99,112,32,112,As you begin to form thoughts of violence...,כשמחשבות אלימות מתחילות להתגבש בתוכך...,
76,2,4,0,1,99,31,55,31,Something about the old oak tree makes you reluctant to climb upon it.,משהו בעץ האלון העתיק הזה גורם לך להסתייג מלטפס עליו.,
76,2,1,0,1,99,31,32,31,"The large, gnarled oak seems to draw your attention.",האלון העתיק והמסוקס מושך את תשומת ליבך.,
76,2,2,0,1,99,31,32,31,"You'd better alder your strategy -- the trees mostly just beech about their more poplar neighbors, or pine fir the fjords.  Oak-ay?","מוטב שתמשיך עם האסטרטגיה שלך -- עצי האשור בעיקר מתנשאים על שכניהם הצפצפיים יותר, או על אורן הפיורדים. עץ-לחת להבין?","צריך לתרגם - מוטב שתמשיך עם האסטרטגיה שלך – עצי האשור בעיקר מתנשאים על שכניהם הצפצפיים יותר, או על אורן הפיורדים (???) עץ-לחת להבין?"
76,3,4,0,1,99,31,222,114,The ancient bark crumbles beneath your fingers where thousands of tiny forest denizens have chewed their way towards the heart of this tree.,הקליפה העתיקה מתפוררת תחת אצבעותיך במקום שבו אלפי שוכני יער כרסמו את דרכם לעבר ליבת העץ.,
76,3,1,0,1,99,127,32,127,"In decay, this ancient tree lies as a bleak reminder that you really shouldn't have missed that last dentist appointment.","ברקבונו ובניוונו, העץ העתיק משמש כתזכורת כואבת ועגמומית לכך שלא היית צריך לפספס את התור האחרון אצל רופא השיניים.",
76,3,2,0,1,99,127,32,127,The old log is too broken up to talk to you.,בול העץ העתיק אינו מסוגל לדבר מרוב שהוא שבור ורצוץ.,
76,4,1,0,1,99,127,32,127,Most of the bushes around here seem to be bramble and are very thorny.,רוב השיחים בסביבה קוצניים ודוקרניים.,
76,5,0,3,1,42,127,32,127,"""You did WHAT???""","""אתה עשית מה???""",
76,5,16,4,1,99,127,32,127,She's beyond your reach.,היא מחוץ להישג ידך.,
76,5,4,2,1,99,127,32,127,She's rooted to the ground.,היא נטועה בקרקע.,
76,5,4,4,1,99,127,32,127,The Dryad is not in at the moment.  Please leaf a message with your species name and branch.,הדריאדה אינה נמצאת כרגע. אנא עלעל הודעה עם שם המין והזן.,
76,5,4,5,1,99,127,32,127,The stag remains out of your reach.,הצבי נותר רחוק מהישג ידך.,
76,5,1,0,1,99,127,32,127,Does a Dryad bark?,האם דריאדה צומחת?,
76,5,1,0,2,99,127,186,127,"No, but she's a real birch.","לא, אבל היא פרח אמיתי.",
76,5,1,0,3,99,112,98,112,Don't make an ash of yourself.,אתה ממש שרוף על עצמך.,
76,5,1,2,1,99,31,76,31,The Dryad appears to be a woman made of wood and leaves.,הדריאדה נראית כאישה העשויה עץ ועלים.,
76,6,4,0,1,99,31,32,31,The hills are far too far to finger.,הגבעות רחוקות מדי מכדי שתוכל למשש אותן.,
76,6,1,0,1,99,31,32,31,Majestic mountains rising in the north are silhouetted against the crystal blue sky.,"הרים נשגבים מתנשאים בצפון, צלליותיהם משתקפות בשמי הבדולח הצלולים כיין.",
76,7,0,6,1,99,31,32,31,You see an acorn fall slowly to the ground.,אתה רואה בלוט נושר באיטיות על פני הקרקע.,
76,7,0,7,1,42,127,32,127,"""Then you shall aid me, and I shall aid you in your quest.""","""והיה אם תסייע לי, אף אני אעזור לך במסעך.""",
76,7,0,7,2,42,127,32,127,"""Bring me a seed from the Spore Spitting Spirea of the North that I may plant it elsewhere in order to preserve these rare and magical plants.""","""הבא בפניי זרעון של ספיראה יורקת נבטים מהצפון למען אשר אוכל לזורעו במקום אחר ולשמר את אותם צמחים קסומים נדירים.""",
76,7,0,7,3,42,127,32,127,"""Thus will you become a true friend of the forest.""","""בכך תהפוך לידיד אמת של היער.""",
76,7,0,8,1,99,127,32,127,You pick up the Dryad's gift of a Magic Acorn.,אתה מרים את הבלוט הקסום מתנת הדריאדה.,
76,7,0,9,1,99,127,32,127,You drop the seed into the Dryad's limbs.,אתה זורק את הזרעון על גפיה של הדריאדה.,
76,7,0,10,1,42,127,32,127,"""Until you have done so, you are only intruding on my concentration.""","""עדי תעשה כאשר שאלתי מעמך, הינך אך מפריע את מנוחתי.""",
76,7,0,11,1,99,127,32,127,That acorn tasted awfully bitter... just like an ordinary acorn.,טעמו של הבלוט מריר ביותר... בדיוק כמו כל בלוט באשר הוא.,
76,7,0,12,1,99,127,32,127,You find an ordinary acorn on the ground.,אתה מוצא בלוט רגיל על הקרקע.,
76,7,0,12,2,42,127,32,127,"""You dare to harm the Dryad of this forest!  You must be made less dangerous.""","הכיצד תעז להרע לדריאדת היער! עליך לנהוג בעדינות יתרה.""",
76,7,0,13,1,42,127,186,127,"""Heed now my words, friend of the forest, and heed them well.""","""האזינה לדברי, ידיד היער, ושמע נא אמרי פי.""",
76,7,0,13,2,42,112,115,112,"""Friend, you must know that there is an evil in this valley which perverts the ways of nature.  The prophecy says that a hero will bring a young human from out this darkness.""","""חבר, ידוע תדע כי ישנו רשע אשר שוכן ביער ומעוות את דרכי הטבע. הנבואה אומרת כי גיבור יבוא ויושיע איש צעיר מציפורני האפילה.""",
76,7,0,13,3,42,31,80,31,"""If you are the one to accomplish this task, there is a potion to break enchantments which you must have the Healer make.""","""אם אתה האיש שנועדת למשימה, קיים שיקוי המסוגל לשבור את הכישוף שאותו המרפאה תשמח לרקוח למענך.""",
76,7,0,13,4,42,31,84,31,"""You must gather these ingredients:""","""עליך ללקט את הרכיבים הבאים:""",
76,7,0,13,5,42,31,32,31,"""Flowers from Erana's Peace,""","""פרחים ממנוחת אראנה,""",
76,7,0,13,6,42,31,32,31,"""Green Fur,""","""פרווה ירוקה,""",
76,7,0,13,7,42,112,83,126,"""Fairy Dust,""","""אבק פיות,""",
76,7,0,13,8,42,112,110,112,"""a Magic Acorn,""","""בלוט קסום,""",
76,7,0,13,9,42,31,49,31,"""and Flying Water.""","""ומים מעופפים.""",
76,7,0,13,10,42,127,32,127,"""Farewell, friend.  I must return to my concentration.  May the forest forever surround you.""","""שא ברכה, חבר. עלי לשוב להתרכזותי. מי יתן והיער יחבק אותך לנצח.""",
76,7,0,14,1,99,127,32,127,You follow the stag into this forest corner.  You feel as though the eyes of the forest are watching you.,אתה רודף אחר הצבי עד לפינת יער נידחת. אתה מרגיש כאילו ליער יש עיניים שצופות בך.,
76,7,0,15,1,99,127,32,127,What a beautiful animal!,איזו חיה יפייפיה!,
76,7,0,16,1,42,127,32,127,"""You need to become a friend of the forest.  Harm not the gentle creatures or plants. See with all your senses the magic of the trees and wild places.""","""צור קשרי חברות עם היער. בל תפגע בעדינים שביצורים או בצמחים. ראה בכל חושיך את קסם העצים ואזורי הפרא.""",
76,7,0,16,2,42,127,32,127,"""Wander and learn.  Then you too will be in harmony with the forest.""","""צא ולמד. או אז תחיה בהרמוניה עם היער.""",
76,7,0,17,1,42,127,32,127,"""Give the seed to me.""","""הבה לי את הזרעון.""",
76,7,0,18,1,42,19,32,127,"""Now this will boldly grow where none has grown before!""","""עתה יצמח הוא בעוז במקום שדבר לא גדל לפניו!""",
76,7,0,19,1,42,48,32,48,"""You have destroyed the plant that was to be preserved!""","""הרסת את הצמח אשר נועד להשתמר!""",
76,7,0,19,2,42,48,32,48,"""As you have destroyed, so shall you now become!""","""כאשר הרסת, ככה ייעשה לך!""",
76,7,0,20,1,42,48,32,48,"""You have attempted to harm a free creature of the forest!""","""ניסית להרע ליצור יער בן חורין!""",
76,7,0,20,2,42,48,32,48,"""You shall now become a part of the forest!""","""מעתה תהפוך להיות חלק מהיער!""",
76,7,0,21,1,42,48,32,48,"""You have misused your skills, oh Magician!  You have used the Flame Dart on my forest.""","""ניצלת לרעה את כישוריך, הו קוסם! ירית את חץ הלהבה על יערותי.""",
76,7,0,21,2,42,48,32,48,"""You must be made less dangerous.""","""עליך לנהוג בזהירות יתרה.""",
76,7,0,22,1,99,48,32,48,You are forced to confess that you lied to the Dryad.  You don't have the magic seed.,נאלצת להתוודות כי שיקרת לדריאדה. אין לך את זרע הקסם.,
76,7,0,22,2,42,48,32,48,"""It's not nice to fool Mother Nature.""","""לא יפה להתל באמא טבע.""",
76,7,0,23,1,99,48,32,48,Yes,כן,
76,7,0,23,2,99,48,90,0,No,לא,
76,7,0,24,1,99,48,32,48,"You tell the Dryad:  ""No amount of persuasion could convince the flowers to relinquish their seed easily, so I was forced to hack my way to the seed with my weapon.""","אתה אומר לדריאדה:
""שום שידול שבעולם לא הצליח לשכנע את הפרחים לוותר על זרעיהם, אז נאלצתי לפלס את דרכי אל הזרע בכוח הנשק.""",
76,7,0,25,1,99,48,32,48,You pick it up and eat it.,אתה מרים אותו ואוכל אותו.,
76,7,0,26,1,99,48,32,48,The acorn appears too ordinary.  You drop it back on the ground.,הבלוט נראה שגרתי מדי. אתה שומט אותו על הקרקע.,
76,7,0,27,1,42,48,32,48,"""I detect that you have in your possession such a seed.  Are you willing to give me the seed?""","""זיהיתי כי יש ברשותך זרע שכזה. התואיל בטובך לתת לי אותו?""",
76,7,0,28,1,99,48,178,19,"""Have you brought the seed I requested?""","""היש באמתחתך את הזרע אשר ביקשתי?""",
76,7,0,29,1,99,127,32,48,"""Well, Hero-to-be!  Are you yet a friend of the woods?""","""ובכן, גיבור לעתיד! העודך חבר היערות?""",
76,7,0,30,1,99,48,32,48,"The tree-woman speaks:  ""I am the Dryad, keeper of the woods.  Are you one with the woods?""","ותדבר אשת העץ לאמר: ""אני היא הדריאדה, שומרת היערות. האם נפשך נקשרה בנפש היער?""",
76,7,0,31,1,99,48,32,48,"Again, you feel a sense of closeness with nature.","שוב, אתה חש קרבה אל הטבע.",
76,7,0,32,1,99,48,32,48,You sleep comfortably and well in this quiet and protected corner of the woods.,אתה יודע שתישן שנת ישרים בפינת יער שקטה ומוגנת זו.,
76,7,0,33,1,99,48,32,48,The stag is startled by your action.,הצבי מבוהל מהפעילות שלך.,
76,7,0,34,1,99,48,32,48,"You watch the stag, fascinated with his grace and beauty.  There is something special about this place.","אתה צופה בצבי, מוקסם מחינו ויופיו. יש משהו מיוחד במקום הזה.",
76,7,50,0,1,99,48,32,48,The oak tree radiates magic.,עץ האלון מקרין קסם.,
76,7,50,35,1,99,48,32,48,The Dryad radiates magic.,הדריאדה מקרינה קסם.,
76,7,4,0,1,99,48,32,48,You can feel a gentle breeze wafting its way between the woods.  The scent of fresh flowers and green growing things fills you with a sense of peace.,אתה חש במשב רוח קל נישא בינות לעצים. ניחוחם העז והמשכר של פרחים רעננים ומעטה צמחיה ירוק ממלא אותך בתחושת שלווה.,
76,7,1,0,1,99,48,32,48,You are in a strange and beautiful part of the forest.  There is something special about this place.,אתה מוצא את עצמך באזור משונה אך מקסים של היער. יש משהו מיוחד במקום הזה.,
76,7,1,0,2,99,48,32,48,The forest becomes so lush and thick that it is difficult to see far.,היער נעשה כה שופע ועשיר למערב שקשה מאוד לראות למרחוק.,
76,7,1,0,3,99,48,32,48,The brush and undergrowth has formed an impassable thicket to the south.,השיחים ומעבה הקוצים יצרו סבך בלתי עביר לכיוון דרום.,
76,7,1,0,4,99,48,32,48,"You see thick brush, rocks, and heavy woods to the north.","אתה רואה שיחים בשרניים, סלעים, ויער עבות לכיוון צפון.",
76,7,1,0,5,99,48,32,48,You sense a certain magic about the huge oak tree that dominates the clearing.,אתה חש בקסם ממשי הבוקע מעץ האלון העצום ומקרין על קרחת היער.,
76,7,51,0,1,99,48,32,48,"That was interesting, but there's nothing here to open.","זה היה מעניין, אבל אין כאן מה לפתוח.",
76,7,52,36,1,99,127,32,127,You just can't sleep during the daytime.,אתה לא יכול סתם לנמנם בשעות היום.,
76,8,4,0,1,99,127,32,127,The rocks are much to heavy to move.,הסלעים לא ניתנים להזזה מרוב כובדם.,
76,8,1,0,1,99,127,32,127,The rocks to the north look steep.  There is a rock wall northeast of the large oak tree.,הסלעים בצפון נראים תלולים. קיר סלע מתנשא מצפון מזרח לעץ האלון.,
76,8,2,0,1,99,127,32,127,Don't be ridiculous; you can't talk to a rock.  Try the trees instead.,אל תהיה מגוחך; אתה לא יכול לדבר אל הסלע. נסה לדבר עם העצים במקום.,
76,9,0,0,1,99,127,32,127,The stag looks more surprised than hurt.,הצבי נראה יותר מופתע מאשר פצוע.,
76,9,4,0,1,99,127,32,127,He's beyond your reach.,הוא בלתי ניתן להשגה.,
76,9,1,0,1,99,127,32,127,The majestic white stag is an outstanding example of the beauty of the animal kingdom.,הצבי הלבן המלכותי הוא דוגמה יוצאת מן הכלל ליופי של ממלכת החיות.,
77,1,50,0,1,99,105,110,103,"You detect a strange, magical aura in this place.",אתה מזהה במקום הילה קסומה ולא מוכרת.,
77,1,78,0,1,99,104,114,111,Your spell had no effect.,ללחש שלך אין כל השפעה.,
77,2,1,0,1,99,122,1,0,Bushes solidly block your way south -- no shortcuts here.,שיחים חוסמים בהרמטיות את המעבר דרומה -- אין קיצורי דרך.,
77,3,1,0,1,99,50,15,85,You seem to have startled the white stag.,נראה שהפחדת כהוגן את הצבי הלבן.,
77,3,1,1,1,99,0,4,0,The beautiful white stag is foraging for food.,הצבי הלבן הנאה תר אחרי מזון.,
77,3,1,2,1,99,0,72,50,The white stag takes a mighty leap.,הצבי הלבן מנתר בזינוק אדיר.,
77,3,81,0,1,99,0,78,50,The stag looks more surprised than hurt.,הצבי נראה יותר מופתע מאשר פצוע.,
78,1,1,0,1,99,11,196,94,You seem to have caused an Antwerp POPulation EXPLOSION!,נראה שגרמת לפיצוץ אוכלוסין בקרב האנטוורפים!,
78,1,4,0,1,99,139,86,254,"The bouncing baby Antwerps are all so cute, you can't bring yourself to interfere with their playing. ","גורי האנטוורפים הקופצניים כל כך חמודים, אינך מסוגל להפריע להם באמצע המשחק.",
78,1,12,0,1,99,139,236,129,"The bouncing baby Antwerps are all so cute, you can't bring yourself to interfere with their playing. ","גורי האנטוורפים הקופצניים כל כך חמודים, אינך מסוגל להפריע להם באמצע המשחק.",
78,1,16,0,1,99,8,139,86,"The bouncing baby Antwerps are all so cute, you can't bring yourself to interfere with their playing. ","גורי האנטוורפים הקופצניים כל כך חמודים, אינך מסוגל להפריע להם באמצע המשחק.",
78,1,20,0,1,99,254,254,196,"The bouncing baby Antwerps are all so cute, you can't bring yourself to interfere with their playing. ","גורי האנטוורפים הקופצניים כל כך חמודים, אינך מסוגל להפריע להם באמצע המשחק.",
78,1,78,0,1,99,128,61,47,"The bouncing baby Antwerps are all so cute, you can't bring yourself to interfere with their playing. ","גורי האנטוורפים הקופצניים כל כך חמודים, אינך מסוגל להפריע להם באמצע המשחק.",
78,1,81,0,1,99,38,128,61,"The bouncing baby Antwerps are all so cute, you can't bring yourself to interfere with their playing. ","גורי האנטוורפים הקופצניים כל כך חמודים, אינך מסוגל להפריע להם באמצע המשחק.",
78,2,1,0,1,99,140,134,254,"Looking up, you can see a small, blue dot in the sky, getting bigger... and bigger... and BIGGER! ","אתה מביט מעלה, ורואה נקודה כחולה קטנה בשמים, שגדלה... וגדלה... וגדלה!",
78,2,12,0,1,99,255,118,10,Too late!,מאוחר מדי!,
78,2,70,0,1,99,24,131,196,There's no time for that!,אין זמן לזה!,
78,3,50,0,1,99,254,254,128,"You detect a strange, magical aura in this place.",אתה מזהה במקום הילה קסומה ולא מוכרת.,
78,3,78,0,1,99,126,6,0,Your spell had no effect.,ללחש שלך אין כל השפעה.,
78,4,1,0,1,99,142,135,22,You seem to have startled the white stag.,נראה שהפחדת כהוגן את הצבי הלבן.,
78,4,1,1,1,99,134,178,253,The beautiful white stag is foraging for food.,הצבי הלבן הנאה תר אחרי מזון.,
78,4,1,2,1,99,141,134,180,The white stag takes a mighty leap.,הצבי הלבן מנתר בזינוק אדיר.,
78,4,81,0,1,99,22,80,255,The stag looks more surprised than hurt.,הצבי נראה יותר מופתע מאשר פצוע.,
79,1,1,0,1,99,63,46,252,Thick thorn bushes seal off the way south.,סבך שיחים קוצניים חוסם את הדרך דרומה.,
8,1,0,0,1,99,252,46,4,You're too impatient to rest right now.,אתה יותר מדי קצר רוח מכדי לנוח עכשיו.,
8,1,0,0,2,99,49,240,39,"After %d minutes rest, you feel better.  ","לאחר %d דקות מנוחה, אתה מרגיש יותר טוב.",
80,1,1,0,1,99,97,108,108,"This man looks very tough.  From his clothing, you guess him to be a member of the Thieves' Guild.","האיש נראה חזק מאוד. על פי מלבושיו, אתה מניח כי הוא חבר בגילדת הגנבים.",
80,2,1,0,1,99,46,32,0,"Like a floral alliance of the Mason-Dixon and Maginot lines, a row of bushes prevent you from moving south. ","כמו ברית פרחונית של הקו הירוק והקו הסגול, שורה של שיחים חוסמים בפניך את התנועה דרומה.",
804,1,1,0,1,99,139,119,2,"Pine needles, small moss-covered rocks, and early spring grasses cover the forest floor. ","מחטי אורן, סלעים מכוסים אזוב, ודשא אביבי מוקדם מצפים את אדמת היער.",
804,1,1,1,1,99,209,225,3,The clearing in which you stand is grassy and littered with blown pine needles and small mossy rocks.,קרחת היער שעליה אתה ניצב מכוסה בעשב ומנוקדת בנשורת של מחטי אורן ובאבנים קטנים מלאי טחב.,
804,2,0,2,1,99,4,137,70,Nothing happens.,שום דבר לא קורה.,
804,2,0,3,1,99,116,30,139,Hey!  This is a CLEAN game.  Don't be a litterbug!,היי! זה משחק נקי. אל תטנף!,
804,2,0,4,1,99,141,70,246,You'd better not drop that if you ever want to become a hero.,כדאי לך לא לזרוק את זה אם יש ברצונך להפוך אי פעם לגיבור.,
804,2,1,0,1,99,4,86,87,The late frosts of winter give way to to the greenery of spring. There is the crisp smell of cedar in the air. This forest seems to be unusually still and quiet.,קרת החורף מפנה את דרכה ללבלוב האביב. ריח מתוק של ארז נישא באוויר. היער נראה שקט ושליו באופן יוצא דופן.,
804,2,1,1,1,99,95,94,131,"You are in a clearing at the edge of the forest.  You are faced with impassably steep, rocky escarpments on two sides.",אתה בקרחת יער שבקצה החורשה. משני צדדיך ניצבים מדרונות אבן תלולים ובלתי עבירים.,
804,2,48,0,1,99,94,95,139,"The forest smells alive with spring, but beware!  You, too, could be part of the food chain. ","היער כולו פורח ושופע בעונת האביב, אך היזהר! אתה, גם, עלול להפוך לחלק משרשרת המזון.",
804,2,58,0,1,99,236,131,236,"Although that spell is not useful here, you at least had a chance to practice it.","למרות שהקסם אינו שימושי כאן, לפחות היתה לך הזדמנות להתאמן עליו.",
804,2,58,0,2,99,228,139,240,You don't see anything closed around here.,אתה לא רואה שום דבר סגור בסביבה.,
804,2,58,0,3,99,37,141,68,You sense no magic here.,אינך חש כאן בכל קסם.,
804,2,58,0,4,99,226,2,11,"Although that spell is not useful here, you at least had a chance to practice it.","למרות שהקסם אינו שימושי כאן, לפחות היתה לך הזדמנות להתאמן עליו.",
804,2,58,0,5,99,68,1,80,Your weapon is now magically charged.,הנשק כרגע טעון בכוח קסם.,
804,2,58,0,6,99,141,68,1,You don't seem to have a weapon to charge.,לא נראה שיש לך נשק להטעין.,
804,2,58,0,7,99,232,195,2,"Good practice, but there's nothing worth Fetching here.","יופי של תרגול, אבל באמת שאין כאן שום דבר ששווה תפיסה.",
804,3,0,5,1,99,141,68,1,The rocks don't want that.,הסלעים אינם רוצים את זה.,
804,3,1,6,1,99,232,175,2,"Mt. Everest, circa 8 zillion BC.  (It gets bigger). ","הר האוורסט, בסביבות 8 זיליון לפני הספירה. (הוא הולך וגדל).",
804,3,1,7,1,99,128,62,237,Boulder Colorado.  Or Dam.,אבן ירושלמית. או סכר.,
804,3,1,8,1,99,235,2,43,Gibraltar they ain't.,גיברלטר הם לא.,
804,3,1,9,1,99,37,235,3,"There are gallons of rocks here (more than quartz, eh?) ","יש כאן גלונים של סלעים (יותר מאשר בלונים, אה?)",צריך לתרגם - לא מבין את ההקשר
804,3,1,10,1,99,86,87,232,Oliver Stone.,גאולה אבן.,
804,3,1,11,1,99,4,0,141,Those rocks look solid enough to be taken for granite.,האבנים האלה נראות מוצקות מספיק כדי שיחשבו שהן גרניט.,תרגמתי - לוודא שבסדר
804,3,1,12,1,99,62,146,37,You don't WANT to see the kidneys these stones came out of.,לא היית רוצה לראות את הכליות שמהן יצאו האבנים האלו!,
804,3,1,13,1,99,250,0,116,"Stone-age basketballs, perhaps. ","כדורי-סל מתקופת האבן, אולי.",
804,3,1,14,1,99,131,199,8,Rock Hudson.,רותם סלע.,
804,3,1,15,1,99,139,4,139,Those aren't the marbles you lost.,לא כדאי לאכול חצץ.,
804,3,1,16,1,99,43,192,137,Pebble Beach.,חוף הטוף.,
804,3,1,17,1,99,95,139,229,Roc's eggs?  Or rock eggs?,ביצי צוק? או ביצי שוק?,
804,3,1,18,1,99,8,87,86,Corning never made these hunks of silicon.,גרוטאות הסיליקון האלה אינן מתוצרת עמק הסיליקון.,צריך לתרגם - לא מבין את ההקשר
804,3,2,0,1,99,37,177,3,You hear a stony silence.,הדממה כבדה כאבן.,
804,3,4,0,1,99,70,252,139,That rock's too big to budge.,הסלע הזה כבד מכדי שתזיז אותו.,
804,3,16,0,1,99,226,36,42,That's not a whetstone.,זה לא אבן משחזת.,
804,4,0,5,1,99,70,250,196,Why waste that on a tree?,למה לבזבז את זה על עץ?,
804,4,1,6,1,99,240,246,6,"Maple.  Fortunately for it, you're not a sapsucker (regardless of your tummy color). ","אדר. למזלו, אתה לא נקר אדום חזה (בלי קשר לצבע הכרס שלך).",
804,4,1,7,1,99,211,231,131,Elmer Gantree.,בן-עץ תבורי.,
804,4,1,8,1,99,0,139,198,Ash.  Christmas.  Or maybe scrub oak.  Do you really care what kind of tree this is?,מילה. חג המולד. או אולי נובי גוד. באמת אכפת לך איזה סוג עץ זה?,
804,4,1,9,1,99,94,95,139,Redwood.,סקויה.,
804,4,1,10,1,99,139,236,128,Gazebo on the hoof.,בית קיץ על פרסה.,
804,4,1,11,1,99,94,4,136,Larch.,לגש.,
804,4,1,12,1,99,255,183,50,Ponderosa Pine.,אורן מפותל.,
804,4,1,13,1,99,194,2,0,Spruce.,אשוחית.,
804,4,1,14,1,99,177,3,211,"Careful!  If it floats, it could be a witch. ","זהירות! אם זה צף, זו עלולה להיות מכשפה.",
804,4,1,15,1,99,78,4,128,Scotch pine.,אורן יערות.,
804,4,1,16,1,99,93,194,4,George Bush.,רב שיח.,
804,4,1,17,1,99,87,86,139,Fir.,אשוח.,
804,4,1,19,1,99,70,254,128,It's a logic tree.,עצה הגיונית.,
804,4,1,20,1,99,148,0,254,Refugees from Beirut (Cedars of Lebanon).,פליטים מביירות (ארזי הלבנון).,
804,4,1,21,1,99,60,88,117,Buddha-free bodhi tree.,עץ קפה נטול קפאין.,
804,4,1,22,1,99,28,138,71,Tree House.,בית על העץ.,
804,4,1,23,1,99,246,135,17,Shoe tree.,עץ נעליים.,
804,4,1,24,1,99,139,28,138,Family tree.,אילן יוחסין.,
804,4,1,25,1,99,216,246,135,"Congratulations!  You have found the world famous money tree!  In but forty-seven years it will be ripe for harvest and you will be wealthy beyond your wildest dreams, unless changes in the tax code make it prohibitively expensive to harvest it.  On second thought, better leave it alone, while you still have the shirt on your back.","מזל טוב! מצאת את עץ הכסף המפורסם! בעוד ארבעים ושבע שנים בלבד הוא יבשיל ואתה תהיה עשיר מעבר לכל חלומותיך הפרועים. אלא אם כן שינויים בגובה המס יהפכו את הקטיף ליקר בצורה מחרידה. במחשבה שניה, אולי כדאי שתניח לעץ הכסף, כל עוד יש לך חולצה ללבוש.",
804,4,1,26,1,99,252,131,126,Birnam Wood (not yet marching).,עץ בירנם (עוד לא התחיל לצעוד).,
804,4,1,27,1,99,198,67,248,Norwegian wood.,עץ נורווגי.,
804,4,1,28,1,99,70,252,80,The undiscovered countree.,הארעץ הלא נודעת.,
804,4,1,29,1,99,80,14,232,Woodrow Wilson.,יועץ סתרים.,
804,4,1,30,1,99,70,252,136,Are those a lumberjack's discarded unmentionables in that tree?,האם זאת הלבשה תחתונה של חוטב עצים זרוקה בעץ ההוא?,
804,4,1,31,1,99,80,232,51,The Treety of Versailles.,עצכם וורסאי.,
804,4,1,32,1,99,138,70,254,Daventree.,מועצה אזורית.,
804,4,1,33,1,99,84,0,116,Not a mallorn.,לא עץ זהוב.,
804,4,2,0,1,99,116,0,116,"I talk to the trees, but they don't listen to me. ","אני מדבר אל העצים, אבל הם לא מקשיבים לי.",
804,4,4,0,1,99,138,70,254,"No, that's not a palm tree.  ","לא, זה אינו עץ ה-גע-ת.",
804,4,12,0,1,99,198,70,254,"That's a sword, not an axe, fellow. ","זוהי חרב, לא גרזן, בחורצ'יק.",
804,4,16,0,1,99,93,195,85,The trees don't appreciate being used for target practice.,העצים לא אוהבים שמשתמשים בהם כמטרות אימונים.,
804,4,32,0,1,99,139,94,8,"No, that's not a fruit tree. ","לא, זה לא עץ פרי.",
81,1,1,0,1,99,109,98,101,The hollow log looks somberly back with it's single giant eye and you know at once that nothing is to be gained by investigating this gaunt relic of a more vertical past.,"הגזע החלול משיב לך מבט נוגה בעינו הענקית האחת, ומיד מחלחלת בך ההבנה כי לא תשיג דבר מלחקור שריד עתיק זה מעידן שהיה ואיננו.",
81,2,1,0,1,99,101,32,84,"Besides that huge hollow log, there's nothing particularly special about this part of the forest (unless you count the sound of rushing water to the east). ","מלבד הגזע החלול הענקי, אין שום דבר מיוחד במינו באזור זה של היער (אלא אם כן אתה מחשיב את המים הגועשים בשצף קצף בצד מזרח).",
811,1,81,0,1,99,0,0,0,The spell refuses to fire.,הלחש מסרב לפתוח באש.,
811,1,17,2,1,99,0,0,0,"The door is securely barred from the inside, but you do get some practice.","הדלת נעולה היטב מבפנים, אבל לפחות צברת ניסיון.",
811,1,17,6,1,99,0,0,0,There are no doors within reach.,אין שום דלתות בהישג יד.,
811,1,17,4,1,99,0,0,0,You don't know how to pick locks.,אין לך מושג איך פורצים מנעולים.,
811,1,17,7,1,99,0,0,0,In broad daylight?  You've got to be kidding!  You'd be arrested for certain.,לאור יום? אתה צוחק עלי! יעצרו אותך בוודאות.,
811,1,20,0,1,99,0,0,0,"Despite your intentions, you feel a calmness and a sense of peace descend upon you as you even consider thoughts of violence.","למרות כוונותיך, אתה מרגיש כי ננסכים בך רוגע ותחושת שלווה כשאתה רק שוקל לחשוב על אלימות.",
811,1,52,0,1,99,0,0,0,You really can't sleep here.,באמת שאי אפשר לישון כאן.,
811,1,52,5,1,99,0,0,0,This doesn't look like a good place to curl up.,זה לא נראה כמו מקום טוב להתכרבל בו.,
811,1,52,7,1,99,0,0,0,You're too awake to sleep now.,אתה יותר מדי עירני כרגע בשביל ללכת לישון.,
811,1,52,8,1,99,0,0,0,You curl up on the hard ground and try to get some rest.,אתה מתכרבל על הרצפה הקרה ומנסה לתפוס תנומה קלה.,
814,1,0,0,1,99,105,110,103,Restore,טעינה,
814,1,0,0,2,99,117,115,116,Restart,התחלה מחדש,
814,1,0,0,3,99,116,101,100,Quit,יציאה,
814,1,0,0,4,99,111,109,101,You can't do that now.,אינך יכול לעשות זאת עכשיו.,
814,1,0,0,5,99,46,0,0,You have already done that.,כבר עשית את זה.,
814,1,0,0,6,99,3,233,0,You can't do that now.,אינך יכול לעשות זאת עכשיו.,
814,1,0,0,7,99,118,83,24,You don't have any.,אין לך את זה.,
814,1,0,0,8,99,0,0,0,You are getting tired.,אתה מתחיל להתעייף.,
814,1,0,0,9,99,24,4,0,You are exhausted from lack of sleep.,אתה גמור מחוסר שינה.,
814,1,0,0,10,99,23,96,24,You are so exhausted that everything you do hurts.  Better get some rest.,אתה כל כך מותש שכל מה שאתה עושה מכאיב לך. כדאי שתלך לנוח.,
814,1,0,0,11,99,4,0,94,You don't have enough Magic Points to cast that spell.,אין לך מספיק נקודות קסם כדי להטיל כישוף זה.,
814,1,0,0,12,99,184,1,0,You just ate your last ration; you'd better get some more food soon.,הרגע אכלת את מנת המזון האחרונה שלך. כדאי שתשיג מעט אוכל במהרה.,
814,1,0,0,13,99,0,89,24,You're starving.  Better find some food *soon*!,אתה גווע מרעב. השג אוכל בדחיפות!,אולי השג במקום תשיג
814,1,0,0,14,99,111,110,32,You're really getting hungry.,תחושת רעב אמיתי מתעוררת בך.,
814,1,0,0,15,99,109,97,103,You sense no magic in this area.,אינך חש בשום קסם באזור זה.,
814,1,0,0,16,99,99,104,97,There is no response to your spell.,אין תגובה ללחשך.,
814,1,0,0,17,99,86,184,2,Everything here must be bolted down somehow.,איכשהו הכול כאן מוברג לרצפה.,
814,1,0,0,18,99,54,156,46,Your weapon is now magically charged.,נשקך נטען בכוח הקסם.,
814,1,0,0,19,99,118,1,0,You don't have a weapon to charge.,אין לך נשק להטעין.,
814,1,0,0,20,99,23,102,24,Cast what???,להטיל מה???,
815,1,0,0,1,99,127,205,127,Restore,טעינה,
815,1,0,0,2,99,127,205,127,Restart,התחלה מחדש,
815,1,0,0,3,99,127,87,127,Quit,יציאה,
815,1,0,0,4,99,127,110,127,You can't do that now.,אינך יכול לעשות זאת עכשיו.,
815,1,0,0,5,99,127,205,127,You have already done that.,כבר עשית את זה.,
815,1,0,0,6,99,127,205,127,You can't do that now.,אינך יכול לעשות זאת עכשיו.,
815,1,0,0,7,99,127,205,127,You don't have any.,אין לך את זה.,
815,1,0,0,8,99,127,32,127,You are getting tired.,אתה מתחיל להתעייף.,
815,1,0,0,9,99,127,32,127,You are exhausted from lack of sleep.,אתה גמור מחוסר שינה.,
815,1,0,0,10,99,127,32,127,You are so exhausted that everything you do hurts.  Better get some rest.,אתה כל כך מותש שכל מה שאתה עושה מכאיב לך. מוטב שתשכב לנוח.,
815,1,0,0,11,99,127,32,127,You don't have enough Magic Points to cast that spell.,אין לך מספיק נקודות קסם כדי להטיל כישוף זה.,
815,1,0,0,12,99,127,32,127,You just ate your last ration; you'd better get some more food soon.,הרגע אכלת את מנת המזון האחרונה שלך. כדאי שתשיג מעט אוכל במהרה.,
815,1,0,0,13,99,127,32,127,You're starving.  Better find some food *soon*!,אתה גווע מרעב. תשיג אוכל בדחיפות!,
815,1,0,0,14,99,127,32,127,You're really getting hungry.,תחושת רעב אמיתי מתעוררת בך.,
815,1,0,0,15,99,127,32,127,You sense no magic in this area.,אינך חש בשום קסם באזור זה.,
815,1,0,0,16,99,127,32,127,There is no response to your spell.,אין תגובה ללחשך.,
815,1,0,0,17,99,112,32,112,Everything here must be bolted down somehow.,איכשהו הכול כאן מוברג לרצפה.,
815,1,0,0,18,99,112,32,112,Your weapon is now magically charged.,נשקך נטען בכוח הקסם.,
815,1,0,0,19,99,112,32,112,You don't have a weapon to charge.,אין לך נשק להטעין.,
815,1,0,0,20,99,112,98,112,Cast what???,להטיל מה???,
815,1,0,1,1,99,112,109,112,Perhaps you shouldn't explore dark alleys at night unless you are looking for trouble.  Or perhaps you should look in your manual to learn how to deal with thieves.,אולי מוטב שתתרחק מסימטאות חשוכות בלילה אלא אם כן אתה מחפש צרות. או שתעיין תחילה במדריך למשתמש ותלמד כיצד מתמודדים עם גנבים.,
815,1,0,2,1,99,112,105,112,Erana missed this spot.,אראנה פספסה את הנקודה.,
815,1,0,3,1,99,112,32,112,Talk about an unpleasant trip to Belgium.  Next time avoid antwerp (and the trip rope) altogether.,דבר איתי על הטיול המזעזע לבלגיה. בפעם הבאה תשתדל להתרחק מאנטוורפים (ומחבלי סנפלינג) ככל האפשר.,
815,1,0,4,1,99,127,32,127,You hit some lousy fall weather....,אתה נקלע למזג אוויר מחורבן...,
815,1,0,5,1,99,112,32,112,You're obviously in no shape to continue the game.,ברור שאתה לא במצב להמשיך במשחק.,
815,1,0,6,1,99,112,32,112,Trounced by a bounce!,הובס על ידי דרדס!,
815,1,0,7,1,99,112,32,112,"Congratulations!  Thanks to your efforts as a moving target, the Spielburg Bandits are a cinch to win the archery contest in next year's Brigandiad.  ","ברכות! הודות למאמציך כמטרה ניידת, כנופיות שפילבורג הם הפייבוריטים לזכייה בגביע הקשתים בטורניר השודדיה שיתקיים בשנה הבאה.",
815,1,0,8,1,99,112,32,112,Next Stop:  Pincushion City.,תחנה הבאה: עיירת כרית סיכות.,
815,1,0,9,1,99,112,32,112,"That's funny.  I could have sworn I warned you about eating too many Magic Mushrooms.  Your mind permanently warped, you die a garishly polka-dotted death.",מוזר. הייתי בטוח שהזהרתי אותך מפני אכילה מוגזמת של פטריות קסומות. דעתך נטרפה באופן בלתי הפיך. אתה מת מוות מנוקד. ,
815,1,0,10,1,99,112,32,112,Where did all the pretty horses go?,לאן כל הסוסים היפים נעלמו?,
815,1,0,11,1,99,112,32,112,"It was a tough battle, and you lost.
Never fear!  All you have to do is restore your game, and...
What do you mean, ""Restore WHAT game?""","זה היה קרב קשה, ואתה הפסדת. אל חשש! כל שעליך לעשות זה לטעון את המשחק מהשמירה האחרונה ו... רגע, מה זאת אומרת, ""על איזו שמירה אתה מדבר?""",
815,1,0,12,1,99,127,32,127,What a monster!,איזו מפלצת!,
815,1,0,13,1,99,112,32,112,"Too late, you remember... bear claws weren't on your diet. ","מאוחר מדי, רק תזכור... טפרי דובים לא נכללו בתפריט התזונתי שלך.",
815,1,0,14,1,99,112,32,112,Realty Whirled,"סחרחורת נדל""נית",
815,1,0,15,1,99,112,119,112,The brigands have an even temperament...all bad!   You seem to have a knack for doing the wrong thing.,לשודדים יש מזג אפילו... יותר גרוע! נראה שיש לך כשרון מיוחד לעשות את כל הדברים הלא נכונים.,
815,1,0,16,1,99,112,116,112,You ring the bell and your bell gets rung.,נתת בראש וחטפת בומבה בראש.,
815,1,0,17,1,99,112,118,112,"At least you could have said ""Yes"" before you croaked! ","לפחות היית אומר ""כן"" לפני שהתפגרת!",
815,1,0,18,1,99,112,63,112,Breakfast of Champions?,ארוחת בוקר של אלופים?,
815,1,0,19,1,99,112,32,112,"Now you've done it!  It's hard to be a hero when you're locked up for breaking and entering (or entering and breaking, as the case may be).  Be a little more intelligent (and a lot quieter) if you ever try something like this again.","עשית את זה! קשה להיות גיבור כשאתה עצור על פריצה ואיומים (או איומים בפריצה, כמו במקרה שלנו). תהיה טיפה יותר אינטליגנט (והרבה יותר שקט) אם אתה מתכוון לנסות משהו דומה בעתיד.",
815,1,0,20,1,99,127,32,127,"Otto and the Sheriff rise with the dawn, and find you in their house.  Be a little more intelligent (and a lot faster) if you ever try something like this again.","אוטו והשריף השכימו עם שחר, ומצאו אותך בביתם. תהיה טיפה יותר אינטליגנט (והרבה יותר מהיר) אם אתה מתכוון לנסות משהו דומה בעתיד.",
815,1,0,21,1,99,112,32,112,Up Past Your Bedtime,ער עד מאוחר,
815,1,0,22,1,99,112,32,112,Criminal carelessness.,רשלנות פושעת.,
815,1,0,23,1,99,112,32,112,Die drei Knochelkopfen grab you off the table.  You should have waited until they were out of reach.,שלושת הקנוכלקופפן גוררים אותך מהשולחן. היית צריך לחכות עד שהם יתחפפו מהאזור.,
815,1,0,24,1,99,112,32,112,Nyuk Nyuk Nyuk -- Mee Mee Mee Mee Mee...,ניוק ניוק ניוק -- מי מי מי מי מי...,
815,1,0,25,1,99,112,32,112,There are still too many brigands for you to fight in here.  You need to find some way to block one of the doors.,עדיין יש כאן יותר מדי שודדים להיאבק בהם. עליך למצוא דרך לחסום את אחת הדלתות.,
815,1,0,26,1,99,112,32,112,You're half right but completely dead.,אתה חצי צודק אבל מת לגמרי.,
815,1,0,27,1,99,112,32,112,You'd better find a way to prevent the brigands from getting at you from all sides if you want to survive this.,כדאי שתמצא דרך למנוע מהשודדים לתקוף אותך מכל הכיוונים אם אתה רוצה להמשיך לחיות.,
815,1,0,28,1,99,127,32,127,Don't you feel a draft?,אתה לא מרגיש רוח פרצים?,
815,1,0,29,1,99,47,89,46,You're hopelessly surrounded.  You should have stopped those brigands somehow.  Maybe you'll see the light.,אתה מכותר מכל עבר. היית צריך לעצור את השודדים איכשהו. אולי יום אחד תראה את האור.,
815,1,0,30,1,99,47,32,47,Those guys look familiar.,החבר'ה האלה נראים מוכרים.,
815,1,0,31,1,99,112,32,32,Done in by poisoned daggers and desperate desperadoes!  Try to avoid annoying that deadly duo next time.,בוצע על ידי פגיונות מורעלים ופושעים נואשים! בפעם הבאה תנסה לא לעצבן את הצמד הקטלני הזה.,
815,1,0,32,1,99,32,32,32,Timing is everything.,עיתוי זה הכול בחיים.,
815,1,0,33,1,99,127,32,127,Whoops!  Who'd have thought that guys that look that stupid could figure out to go around the table beFORE they ran all the way up to the fallen candelabra.,אופס! מי היה מאמין שהחבר'ה הפסיכים האלה מסוגלים להבין איך לעקוף את השולחן לפני שהם רצים ישירות אל זרועותיה של מנורת הקנים הקורסת.,
815,1,0,34,1,99,32,110,32,Timing is everything.,עיתוי זה הכול בחיים.,
815,1,0,35,1,99,32,220,112,Hmm...  Maybe letting the brigands see you block the door with the chair wasn't a good idea.,הממ... אולי זה לא היה רעיון טוב לתת לשודדים לראות איך אתה חוסם את הדלת עם הכסא.,
815,1,0,36,1,99,127,32,127,One peek is worth two finesses.,הצצה אחת שווה שני קנסות.,הצצה אחת שווה שתי... ???
815,1,0,37,1,99,112,223,112,You could not withstand the force of the blast from the Kobold's magically protected chest.,גופך לא עמד בהדף הפיצוץ מתיבת הקובולד שמולכדה באורח קסם.,
815,1,0,38,1,99,112,223,112,Blast!,פיצוץ!,
815,1,0,39,1,99,112,32,112,Didn't anyone ever tell you that a hero is supposed to be brave even when he isn't?  Looks like you found the coward's way out...sauteed in wine sauce.,מישהו אמר לך פעם שגיבור אמור לנהוג באומץ גם כשהוא לא מרגיש ככה? נראה שנמלטת כאחרון הפחדנים... עם קצפת ודובדבנים לקינוח.,
815,1,0,40,1,99,112,223,112,Shame on you!,בושה וחרפה!,
815,1,0,41,1,99,127,32,127,"This was not the ending you had in mind when you read the manual on ""How to be a Hero"".  Either you just aren't ready to take on this situation, or there is a better way to accomplish your mission.","זה לא היה הסוף שעבר לך בראש כשקראת את חוברת ההדרכה ""איך להיות גיבור"". או שאתה עדיין לא בנוי להתמודד עם המצב, או שיש דרך יותר טובה לבצע את המשימה.",
815,1,0,42,1,99,112,223,112,You knew this job was dangerous...,ידעת שהעבודה הזאת מסוכנת...,
815,1,0,43,1,99,112,223,112,You're not a quick learner.  Now you known why the grass grows so well around the portcullis.,אינך מהיר תפיסה במיוחד. עכשיו אתה מבין למה הדשא כל כך ירוק מסביב לשער.,
815,1,0,44,1,99,127,205,127,OH NOOOOOOO!,הוי לאאאאאאא!,
815,1,0,45,1,99,127,205,127,Done in by daggers and a desperate desperado!  Try to avoid annoying that deadly duo next time.,בוצע על ידי פגיונות מורעלים ופושעים נואשים! בפעם הבאה תנסה לא לעצבן את הצמד הקטלני הזה.,
815,1,0,46,1,99,127,205,127,Daggered to death.,נדקר למוות.,
815,1,0,47,1,99,127,205,127,You can't believe the Chief Thief's reflexes as he instantly reacts to your intention to pull a fast one.  A dagger flies like lightning and...,אתה המום מהרפלקסים של הרב גנב שמגיב מיידית לנסיונך לתחמן אותו. פגיון טס במהירות הבזק ו...,
815,1,0,48,1,99,127,205,127,These guys are MEAN!,החבר'ה האלה קשוחים!,
815,1,0,49,1,99,94,40,127,"For such wimpy-looking creatures, those fairies sure can play rough!  You never danced so hard in your entire life, which is now over.","יחסית לחבורת חננות שכזאת, הפיות בהחלט יודעות לשחק אותה קשוחות! מעולם לא רקדת כל כך הרבה במהלך חייך (שכרגע הגיעו לקיצם).",
815,1,0,50,1,99,127,205,127,Land of 1000 Dances,ארץ 1000 הריקודים,
815,1,0,51,1,99,127,205,127,"I don't mean to throw this in your face, but why did you throw that in your face?  ",אני לא רוצה להטיח את זה בפניך אבל למה הטחת את זה בפניך?,
815,1,0,52,1,99,48,32,48,"The Little Old Lady's screams finally brought the sheriff and Otto.  Next time you'd better finish your ""work"" before dawn!","זעקותיה של הסבתא הזקנה מזעיקים סוף סוף את השריף ואוטו. פעם הבאה סיים את ה""עבודה"" שלך לפני עלות השחר!",
815,1,0,53,1,99,48,32,48,You Hate Morning People,אתה שונא אנשים של בוקר,
815,1,0,54,1,99,48,32,48,"Four brigand archers, shooting at close range from cover, was too much for even a correspondence-school Hero like you to survive.  There are times to fight, and there are times to run.  This was one of the latter.","ארבעה קשתים מזויינים, יורים מטווח קצר מאחורי מחסה, היו אפילו יותר מדי בשביל גיבור בוגר בית-ספר-בלמידה-מרחוק כמוך. עת מלחמה, ועת מנוסה. זה היה מקרה מהסוג השני.",
815,1,0,55,1,99,48,32,48,You're All a-Quiver,נוקבת ככברה,
815,1,0,56,1,99,127,32,127,The brigands were waiting for you to come back.  They expected you to make another try for some of their treasure.,השודדים מחכים לך שתחזור. הם מצפים שתעשה נסיון נוסף לקחת את אוצרותיהם.,
815,1,0,57,1,99,48,32,48,Greedy Greedy Greedy,חמדן חמדן חמדן,
815,1,0,58,1,99,48,32,48,"Yes, it was possible that this drunkard would somehow regain his senses, leap to his feet, realize that you didn't belong there, and do you in.  On the other hand, you might have done a little better worrying about the wide-awake brigands closing in on you with their spears.","כן, היתה אפשרות שהשתיין הזה ישוב איכשהו לעשתונותיו, יזנק על רגליו, יבין שאתה לא שייך לשם, ויכניס אותך פנימה. אולם מאידך גיסא, היית צריך להיות קצת יותר מוטרד מהשודדים העירניים לחלוטין הסוגרים עליך עם חניתותיהם הארוכות.",
815,1,0,59,1,99,48,32,48,The lesser of two evils.,הרע במיעוטו.,
815,1,0,60,1,99,48,32,48,Thinking about all that treasure cost you time and more.  Some folks just don't know when to leave.,הרדיפה האובססיבית אחרי האוצרות עולה לך בדם ויזע. יש חבר'ה שפשוט לא יודעים מתי לפרוש.,
815,1,0,61,1,99,48,32,48,Wearing out your welcome,ממאיס את עצמך,
815,1,0,62,1,99,48,32,48,The brigand leader is deadly with a sword.  The magic spell that possesses her makes her an invincible warrior.,מנהיגת השודדים קטלנית עם חרבה. לחש הקסם שאופף אותה הופך אותה ללוחמת בלתי מנוצחת.,
815,1,0,63,1,99,48,32,48,One thrust... and that's it???,דחיפה אחת... וזה הכל???,
815,1,0,64,1,99,48,32,48,That was a little too much for you.  You collapse from exhaustion and die.,זה היה יותר מדי בשבילך. אתה קורס מתשישות יתר ומת.,
815,1,0,65,1,99,48,32,48,Death from Overwork,מוות מעומס עבודה,
815,1,0,66,1,99,48,32,48,You need to guard your flanks before a frontal assault is possible.,עליך לאבטח את האגפים לפני שתצא למתקפה חזיתית.,
815,1,0,67,1,99,48,32,48,A side of Hero,הצד השני של הגיבור,
815,1,0,68,1,99,48,32,48,"Had you been healthier, you probably could have survived that fall. In your weakened condition, however, you succumbed to your injuries.","לו היית בריא יותר, היית שורד את הנפילה. עם זאת, במצבך הרעוע, נכנעת לפצעיך.",הייתי מחליף בין עם זאת ובמצבך הרעוע (את הסדר)
815,1,0,69,1,99,48,32,48,Your figure remains still and silent.,שרידי גזרתך שקטים ודוממים.,
815,1,0,70,1,99,48,32,48,I score that about a 3.  Those diving lessons were a complete waste.  Maybe you should have taken up bowling.,אני נותן לזה ציון 3. שיעורי הצלילה האלה היו בזבוז אחד גדול. היית צריך להשקיע בבאולינג.,
815,1,0,71,1,99,127,186,127,An abridged ending....,סוף מקוצר...,
815,1,0,72,1,99,127,32,127,... as you realize those large porcupines down here are really other heroes who collected arrows the hard way.,...הרגע שאתה קולט שהקיפודים הגדולים כאן למטה הם בעצם גיבורים אחרים שאספו חיצים מהצד הלא נכון.,
815,1,0,73,1,99,127,32,127,Quills run up your spine....,אתה מרגיש עקצוצים בעמוד השדרה...,
815,1,0,74,1,99,127,32,127,"A small sign reads ""Booby Trap.""  The brigands approach to see the booby they've caught.  You think to yourself, ""If it looks like a trap, and it feels like a trap, maybe it IS a trap.""    ","על שלט קטן נכתב ""מלכודת פתאים"". השודדים ניגשים לראות מי הפתי שעלה ברשת. אתה חושב לעצמך, ""אם זה נראה כמו מלכודת, ומרגיש כמו מלכודת, אולי זה באמת מלכודת.""",
815,1,0,75,1,99,127,32,127,"The old ""rug over the pit"" trick. ","הטריק הישן והטוב ""שטיח מעל הבור"".",
815,1,0,76,1,99,127,32,127,You're hopelessly outnumbered.  You should have left this room when you had a chance.,אתה בנחיתות מספרית מייאשת. היית צריך לעזוב את החדר כשעוד היתה לך הזדמנות.,
815,1,0,77,1,99,127,32,127,Molasses in January.,הצבי של הדואר.,
815,1,0,78,1,99,127,32,127,It seems a shame to have such a promising career go up in flames (assuming she decides to flambe you).   Wouldn't it have been better just to do a small favor for such a sweet little old Ogress?,חבל על קריירה כל כך מבטיחה שעולה בלהבות (בהנחה שהיא תחליט לבשל אותך). לא היה עדיף פשוט לעשות טובה קטנה לזקנה עוגית כל כך נחמדה?,
815,1,0,79,1,99,127,32,127,Of all the lazy...!,מכל העצלנים...!,
815,1,0,80,1,99,127,32,127,"Next time you are asked a question by someone who has just turned you into a frog, perhaps you should be more polite.  It's better than being fricasseed!","בפעם הבאה שמישהו שהרגע הפך אותך לצפרדע שואל אותך שאלה, תנסה להיות יותר מנומס. עדיף מלהפוך לקציצה מטוגנת!",
815,1,0,81,1,99,127,32,127,Now you're really in the soup!,עכשיו אתה באמת בתוך המרק!,
815,1,0,82,1,99,127,32,127,Was it something I said?,זה היה משהו שאמרתי?,
815,1,0,83,1,99,127,32,127,The End of the Trail...,סוף המסלול...,
815,1,0,84,1,99,127,32,127,"As the ghosts suck the life out of your body, and you crumple into the dust of the old graveyard, you think unspeakable thoughts of torture and torment directed at vicious programmers and insidious game designers.  (But please buy our next game anyway!) ","בעוד רוח הרפאים מוצץ את נשמתך מגופך, ואתה מתכווץ על אדמת בית העלמין הישן, אתה מאחל את כל העינויים והסבל שבעולם למתכנתים המרושעים ולמעצבי חוויית המשתמש הבוגדניים. (אבל בבקשה אל תשכח לקנות את המשחק הבא שלנו!)",
815,1,0,85,1,99,127,32,127,Oh-h-h-h-h-h-h!,הו-ו-ו-ו-ו-ו-ו-ו!,
815,1,0,86,1,99,127,186,127,"Next time, pick on someone your own size.","בפעם הבאה, תתחיל עם מישהו בגודל שלך.",
815,1,0,87,1,99,112,108,112,"The bigger they come, the harder they hit","ככל שהם גדולים יותר, כך הם מכים חזק יותר.",
815,1,0,88,1,99,112,32,112,"Obviously, getting in the goon's way was not one of your brighter ideas. You've had it now!","איך שזה נראה, ההצקה לבריון היתה אחת מהרעיונות הפחות מוצלחים שלך. קיבלת את עונשך!",
815,1,0,89,1,99,31,82,31,Criminal carelessness.,רשלנות פושעת.,
815,1,0,90,1,99,31,32,31,"You hear a guard yell for help.  Four guards inside the barracks grab their weapons and overwhelm you.  As they drag you into the castle and down into the dungeon, you realize that was not quite the right thing to do.    ","אתה שומע שומר קורא לעזרה. ארבעה שומרים בתוך הבסיס מכתפים את נשקיהם וגוברים עליך. בעוד הם גוררים אותך לתוך הטירה ובמורד המדרגות אל המרתפים החשוכים, אתה מבין שזה לא היה הדבר הכי חכם שעשית.",
815,1,0,91,1,99,114,25,32,Good Guard!,שומר טוב!,
815,1,0,92,1,99,127,32,127,"No sooner do you draw your weapon than the guards have their weapons out and quickly disarm you.  They promptly drag you into the castle and down into the dungeon, which is not a very likely spot for the attainment of hero status.","בעודך מנסה לשלוף את נשקך השומרים כבר עומדים בנשקים שלופים ומנטרלים אותך בזריזות. ללא היסוס הם גוררים אותך לתוך הטירה ובמורד המדרגות אל עבר המרתף, שאינו נחשב למיקום סביר לרכישת מעמד של גיבור.",
815,1,0,93,1,99,127,32,127,En Garde!,עמדו על המשמר!,
815,1,0,94,1,99,127,32,127,"And dead...you feel dead, too.  In your weakened condition, you succumbed to a mild-mannered hermit's propensity for Tarzan imitations.  Back up and play it again, Sam.","ומת... אתה גם מרגיש מת. במצבך המוחלש, נכנעת לנטייה של נזיר מתון לחקות את טרזן. שחק את זה שוב, סם.",תרגמתי - צריך לבדוק
815,1,0,95,1,99,127,32,127,... and thin...,... ורזה...,ורזה?!
815,1,0,96,1,99,127,32,127,"Next time you swing at innocent inanimate objects, make sure you are strong enough to survive when they swing back at you!","בפעם הבאה שאתה מנפנף בחפצים דוממים תמימים, תוודא שאתה חזק מספיק כדי לשרוד חבטה שלהם ישר בפנים!",
815,1,0,97,1,99,127,32,127,Your plan seems to have backfired,התוכנית שלך חזרה אליך בבומרנג,
815,1,0,98,1,99,127,32,127,"It's hard to be a hero when you're sitting in a jail cell.  The Sheriff apologized for your broken arm, but he did warn you (didn't he?) that Otto was only partly trained.  In the future, you'll probably be more careful when you're robbing someone.","קשה להיות גיבור כשאתה יושב כלא. השריף מתנצל על ידך השבורה, אבל הוא הזהיר אותך (לא כך?) שאוטו מאולף חלקית בלבד. כעת, תשתדל להיות יותר זהיר כשאתה שודד מישהו.",
815,1,0,99,1,99,127,32,127,Criminal carelessness.,רשלנות פושעת.,
815,1,0,100,1,99,127,32,127,"Well, it looks like the Dryad really made you eat dirt.  You're the spitting image of a Spirea plant, and you'll be hanging around for a long, long time.","ובכן, נראה שהדריאדה באמת גרמה לך לאכול חצץ. אתה דומה שתי טיפות מים לצמח הספיראה, ואתה תהיה תקוע פה לעוד המון, המון זמן.",
815,1,0,101,1,99,127,32,127,"Plant it, fella!","שתול אותו, חבר!",
815,1,0,102,1,99,126,101,112,You are staggered by the Dryad's spell.  She appears to enjoy having lots of bucks.,ברכיך פקות מקללת הדריאדה. נראה שהיא אוהבת חיות.,
815,1,0,103,1,99,112,101,112,"Oh, deer.","הוי, אילי!",
815,1,0,104,1,99,127,32,127,It takes too long to draw your weapon against someone with a dagger in his hand.  It doesn't pay to try to fight someone who uses poisoned daggers.,לוקח לך יותר מדי זמן לשלוף נשק מול מישהו שאוחז פגיון בידו. אין טעם לנסות להילחם באדם שמשתמש בפגיונות רעילים.,
815,1,0,105,1,99,127,32,127,Your figure remains still and silent.,שרידי גזרתך שקטים ודוממים.,
815,1,0,106,1,99,127,32,127,"Unfortunately, you push it in too far, causing yourself a cerebral hemorrhage.  Guess you should have practiced some more on less difficult locks.",לרוע המזל דחפת אותו עמוק מדי וגרמת לעצמך לדימום פנימי במוח. כנראה שהיית צריך להתאמן על מנעולים פחות קשים.,
815,1,0,107,1,99,127,32,127,The surgeon general warns . . .,המנתח הראשי הזהיר...,
815,1,0,108,1,99,127,32,127,Congratulations!  You've just won a gold medal in the log jump. Posthumously.,איחולינו! זה עתה זכית במדליית זהב על קפיצה בדוחק. לאחר מותך.,
815,1,0,109,1,99,127,32,127,So much for your endorsements....,הלך על נותני החסות...,
815,1,0,110,1,99,127,32,127,"When the Little Old Lady awakes to see what's going on, you have to concede to her (through lips that are as raw as hamburger) that you've been licked!  She summons the Sheriff and his goon, Otto.","כשהזקנה מתעוררת כדי לראות מה קורה, אתה נאלץ להתוודות בפניה (דרך שפתיים מנופחות כמו המבורגר) כי הובסת עד עפר! היא מזמנת את השריף ואת בריונו, אוטו.",
815,1,0,111,1,99,127,32,127,What a cute little kitty!,איזה חתלתול מתוק!,
815,1,0,112,1,99,127,32,127,"The Little Old Lady's cries finally bring the Sheriff and Otto to her rescue. They find you pinned to the floor, unconscious, dreaming deliriously of death by sandpaper.  ","זעקות הזקנה מזעיקות לבסוף את השריף והבריון והם נחלצים לעזרתה. הם מוצאים אותך מוצמד לרצפה, חסר הכרה, שקוע בהזיות על מוות בידי נייר זכוכית.",
815,1,0,113,1,99,127,32,127,Better stay downstairs next time.,פעם הבאה פשוט תישאר בקומה הראשונה.,
815,1,0,114,1,99,127,32,127,"You're mad as heck, and you just won't take it anymore.  As a matter of fact, you CAN'T take it anymore.  Keep up your strength and health and try again.","אתה עצבני בטירוף, ואתה לא מוכן לסבול את זה יותר. למעשה, אתה לא מסוגל לסבול את זה יותר. שקם את כוחך ובריאותך ונסה שנית.",
815,1,0,115,1,99,127,32,127,You're the Fall Guy again.,אתה שוב פעם השעיר לעזאזל.,
815,1,0,116,1,99,127,32,127,"""In matters of magic,<CRLF>I am your master<CRLF>Seek not to slay me with<CRLF>Sendings so small."" ","""במונחים של קסם,
אני האדון שלך
אינני מבקש כי אם שלא תחסלני
באמצעות שליחים כה קטנים.""",
815,1,0,117,1,99,127,78,48,Just because he's big doesn't mean he's stupid!,זה שהוא גדול זה לא אומר שהוא טיפש!,
815,1,0,118,1,99,48,111,48,"Because you failed to meet Baba Yaga's DEADline, her curse turns you into a frog on the spot, and you are forced to live out your years dodging Sauruses (Saurii?) with large feet.","מכיוון שלא עמדת בלוחות הזמנים של באבה יאגה, הקללה שלה הופכת אותך במקום לצפרדע, ואתה נאלץ לחיות את המשך חייך במנוסה מזאורסים עם כפות רגליים גדולות.",תרגמתי
815,1,0,119,1,99,48,100,48,Curses!,קללות!,
815,1,0,120,1,99,48,117,48,"That's funny.  I could have sworn I warned you about eating too many Magic Mushrooms.  Your mind permanently warped, you die a garishly polka-dotted death.",מוזר. הייתי בטוח שהזהרתי אותך מפני אכילה מוגזמת של פטריות קסומות. דעתך נטרפה באופן בלתי הפיך. אתה מת מוות מנוקד. ,
815,1,0,121,1,99,48,119,48,Where did all the pretty horses go?,לאן כל הסוסים היפים נעלמו?,
815,1,0,122,1,99,48,114,48,"While you were asleep, something decided to make a meal of you.  You're not sure what it was, but you don't really care at this point.  You shouldn't go to sleep where the creatures of the night can get you.","בשעה שישנת, מישהו החליט להכין ממך סעודת מלכים. אתה לא בטוח מי זה היה, וזה גם לא מעניין אותך בשלב זה. לא היית צריך לישון במקום שבו מסתובבים יצורי לילה מורעבים.",
815,1,0,123,1,99,48,112,48,Night Gaunt Got Ya.,שדוף לילה תפס אותך.,
815,1,0,124,1,99,48,104,48,You're hopelessly surrounded.  You should have taken quicker action against these Knochelkopfs.  Elevate your thoughts to a higher plane.,הוקפת מכל הכיוונים. היית צריך לנקוט בפעולות מהירות יותר כנגד הקנוכלקופפים. תרחיב את האופקים שלך למקום נעלה יותר.,
815,1,0,125,1,99,48,104,48,Woo Woo Woo -- Ruff Ruff Ruff.,הב הב הב -- ראף ראף ראף.,
815,1,0,126,1,99,48,97,48,"Caught in combat with neither sword nor dagger, you are unable to resist the monster's fierce onslaught.  Try to be better equipped in your next life. ","כשאתה נקלע לקרב ללא חרב או פגיון, אינך מסוגל להגן על עצמך מפני מתקפות מפלציות רצחניות. נסה לבוא מצוייד יותר בחיים הבאים.",
815,1,0,127,1,99,48,104,48,"Caught in combat with neither sword nor dagger, you are unable to resist the monster's fierce onslaught. Try to be better equipped in your next life.","כשאתה נקלע לקרב ללא חרב או פגיון, אינך מסוגל להגן על עצמך מפני מתקפות מפלצתיות רצחניות. נסה לבוא מצוייד יותר בחיים הבאים.",
815,1,0,128,1,99,48,116,48,"Bare Hands vs. Teeth and Claws, etc.","ידים חשופות מול שיניים וצבתות, וכו'.",
815,1,0,129,1,99,48,32,48,"Bare Hands vs. Teeth and Claws, etc.","ידים חשופות מול שיניים וצבתות, וכו'.",
815,1,0,130,1,99,48,111,48,"When it comes to breaking in, it looks like the only thing broken is your head!  When at last you come to your senses, you find yourself in a jail cell.  By the time you get out of here, you'll be too old to be a hero.","בכל מה שקשור לפריצות, נראה שהדבר היחיד שפרוץ הוא הראש שלך! כשלבסוף אתה שב להכרתך, אתה מוצא את עצמך בכלא. ביום שתצא משם, אתה תהיה זקן מדי בשביל להיות גיבור.",
815,1,0,131,1,99,48,32,48,Criminal carelessness,רשלנות פושעת,
815,1,0,132,1,99,127,32,127,You are overcome by the power of the Kobold Wizard's magic.  You need to either practice your skills more or plan a better attack strategy.,כוחו העצום של אשף הקסמים הקובולדי מכריע אותך. או שתשפר את היכולות שלך או שתתכנן טוב יותר את אסטרטגיית התקיפה.,
815,1,0,133,1,99,48,97,48,Struck By Lightning,נפגע מברק,
815,1,0,134,1,99,48,117,48,You never dreamed a feather pillow could be so HARD!  Or was it the floor?  You also didn't realize how hard it is for a thief to be a Hero.  The Thief of Baghdad should have this kind of luck!,אף פעם לא חלמת שכרית נוצות יכולה להיות כל כך קשה! או שמא היתה זו הרצפה? גם לא העלית בדעתך כמה קשה להיות גנב גיבור. לגנב מבגדד מעולם לא היה כזה מזל!,
815,1,0,135,1,99,48,121,48,Criminal carelessness,רשלנות פושעת,
815,1,0,136,1,99,48,97,48,The old ticker just couldn't keep going.  Maybe you shouldn't have missed the annual visit with your local Healer.,הלב הזקן עצר מלכת. אולי לא היית צריך לדלג על הביקור השנתי אצל רופא המשפחה.,
815,1,0,137,1,99,48,111,48,Your figure remains still and silent.,שרידי דמותך שקטים ודוממים.,
815,1,0,138,1,99,48,84,48,"Before you confront someone who is obviously more powerful than you are, give yourself a chance to reflect. ","לפני שאתה מתעמת עם מישהו שבודאות כוחו רב משלך, קח כמה דקות להרהר בדבר.",
815,1,0,139,1,99,48,112,48,Baba Yaga says you have good taste.,באבא יאגה מוסרת שיש לך טעם טוב.,
815,1,0,140,1,99,48,116,48,"Maybe you really shouldn't have tried the Dragon's Breath!  Better luck next time, and we hope you saved your game.","אולי היתה זו טעות לנסות את נשימת הדרקון! בהצלחה בפעם הבאה, ומקווים ששמרת את המשחק.",
815,1,0,141,1,99,48,114,48,"Talk about a ""fiery brew"" ","דבר איתי על ""חליטה לוהטת""",
815,1,0,142,1,99,48,111,48,That's it!!!  You've hurt you for the last time!,זהו זה! זאת הפעם האחרונה שאתה פוגע בעצמך!,
815,1,0,143,1,99,48,116,48,"You searched for silver, but all you found was iron.  Iron arrowheads, that is. ","ביקשת כסף, ומצאת ברזל. ראשי חץ מברזל, כמובן.",
815,1,0,144,1,99,48,101,48,"Greedy, greedy... ","חמדן, חמדן...",
815,1,0,145,1,99,48,116,48,"Naughty, naughty.  The Sheriff and Otto arrive on the scene and arrest you for ""blatant power-gaming"".  You have to *work* at it to become a *real* hero!","שובב, שובב. השריף ואוטו מגיעים לזירה ועוצרים אותך בעוון ""שימוש בכוח מוגזם במשחקי מחשב"". תצטרך *לעבוד* על זה אם אתה רוצה להפוך לגיבור *אמיתי*.",
815,1,0,146,1,99,48,32,48,"Try to stay ""in character"" next time  ","נסה ""להיכנס לדמות"" בפעם הבאה",
815,1,0,147,1,99,127,186,127,The Brigands oblige you by making your pleasant rest permanent!,השודדים רוצים לפנק אותך והופכים את המנוחה הקצרה שלך לקבועה.,
815,1,0,148,1,99,48,32,48,Z-Z-Z-Z-Z-Z-Z-Z-Z-Z,Z-Z-Z-Z-Z-Z-Z-Z-Z-Z,
815,1,0,149,1,99,48,32,48,"You curl up for a nice little nap.
The brigands break down the door.
You wake up dead.",אתה מצטנף ותופס תנומה קלה. השודדים פורצים את הדלת. אתה מתעורר מת. ,
815,1,0,150,1,99,48,32,48,He who hesitates...,האיש אשר היסס...,
815,1,0,151,1,99,48,90,0,"Uh oh.  You made too much noise.  The Sheriff and Otto arrive on the scene and arrest you for ""criminal carelessness"".  Work a little faster next time! ","הו הו. הקמת יותר מדי רעש. השריף ואוטו מגיעים לזירה ועוצרים אותך בגין ""רשלנות פושעת"". פעם הבאה תעבוד טיפה יותר מהר!",
815,1,0,152,1,99,48,111,48,Nobody said this job was easy,אף אחד לא הבטיח לך עבודה קלה,
815,1,0,153,1,99,48,104,48,"He saw you casting a spell, and he already had a dagger in his hand.  It doesn't pay to try to fight someone who uses poisoned daggers. ","הוא ראה אותך מטיל קסם, ומיד שלף את פגיונו. אין לך סיכוי להילחם במישהו שמחזיק בפגיון מורעל.",
815,1,0,154,1,99,48,105,48,"Hold the arsenic, please","חכו עם הרעל, בבקשה",
815,1,0,155,1,99,48,116,48,"There must be reasons to stop and let five archers draw beads on you while you attempt to cast a spell, but none come to mind.  ","חייבים להיות הרבה סיבות למה לעצור ולתת לחמישה קשתים לירות בך צרורות בעוד אתה מנסה להטיל כישוף, אבל אף אחת לא עולה בדעתך כרגע.",
815,1,0,156,1,99,48,101,48,Wear any targets lately?,ציירת מטרות על המצח לאחרונה?,
815,1,0,157,1,99,48,105,48,You really brought down the house!  Too bad you were under it at the time.,הפלת את כל הבית על יושביו! חבל מאוד שגם אתה היית בפנים.,
815,1,0,158,1,99,48,32,48,Bad strategy!,אסטרטגיה גרועה!,
815,1,0,159,1,99,48,32,48,That's it!  You've hurt you for the last time!,זהו זה! פעם אחרונה שאתה פוגע בעצמך!,
815,1,0,160,1,99,48,116,48,"They say that the cops don't catch any rocket scientists.  Well, they sure didn't this time!  ","אומרים שהמשטרה לא מצליחה לתפוס מדעני טילים. ובכן, הפעם הם באמת לא הצליחו!",
815,1,0,161,1,99,48,32,48,Criminal stupidity,אווילות פושעת,
815,1,0,162,1,99,127,186,127,"Hey, man, like, when it's time to swing, it's time to SWING! ","היי, גבר, כאילו, כשמגיע הזמן להניף, אז מניפים!",
815,1,0,163,1,99,48,116,48,No sense of rhythm,אין חוש קצב,
815,1,0,164,1,99,48,101,48,"That hermit seems to know his ""Trigger"" spells pretty well.  He sure pulled the trigger on you (not to mention the plug) by teleporting you to the top of the falls without a barrel.","נראה שהנזיר מכיר היטב את קסם ה""התנעה"". הוא מתניע אותך (כאילו היית מטוס סילון) ומשגר אותך לראש המפלים בלי חבית.",
815,1,0,165,1,99,48,102,48,You're all wet,אתה רטוב לגמרי,
815,1,0,166,1,99,48,111,48,Didn't anyone warn you about eating other people's food?  Death by Toadstools doesn't leave mushroom for improvement.,אף פעם לא הזהירו אותך לא לאכול אוכל של אחרים? מוות מפטריות רעל אינו פוטר אותך מאחריות.,
815,1,0,167,1,99,48,116,48,"It was a tough battle, and you lost.  But never fear!  All you have to do is restore your game, and...  What do you mean, ""Restore WHAT game?"" ","היה זה קרב קשה, ואתה הפסדת. אך אל חשש! כל שעליך לעשות זה לטעון את המשחק מהשמירה האחרונה ו... רגע, מה זאת אומרת, ""על איזו שמירה אתה מדבר?""",
815,1,0,168,1,99,48,32,48,What a monster!,איזו מפלצת!,
815,1,0,169,1,99,48,32,48,This time the joke fell flat.  That was a truly dirty trick.  Too bad you won't have a chance to get even...or will you?,הפעם הבדיחה היתה על חשבונך. זה היה תרגיל ממש מסריח. חבל מאוד שלא נותנים לך הזדמנות להשיב לה כגמולה... או שכן?,
815,1,0,170,1,99,48,32,48,This way to the Egress,הדרך אל העוגית,
82,1,1,0,1,99,0,32,105,The water seems to be trying to fly as it leaps from the mountain above.,המים נראים כאילו הם מנסים לעוף תוך כדי שהם מזנקים מההרים שממעל.,
82,2,1,0,1,99,97,110,100,"A river plunges for more than a hundred feet down the face of a cliff.  You see slick, vertical cliff walls.  A doorway has been built into the side of the cliff.","נהר צולל לעומק של יותר ממאה רגל מתחת לפני המצוק. אתה רואה דפנות צוקים אנכיים, חלקלקים. דלת נחצבה בצידו של הצוק.",
82,3,1,0,1,99,32,97,110,The grass is green with the freshness of new spring.,הדשא הירוק מדיף ניחוח אביבי רענן.,
82,4,1,0,1,99,101,108,108,The door is built into the face of the mountainside.  You suspect that the person who lives behind it treasures privacy.,הדלת נחצבה על פני צלע ההר. אתה חושד כי האדם שמתגורר מאחוריה הוא שוחר פרטיות נלהב.,
82,4,1,2,1,99,109,105,108,It's a large door.  It must open pretty wide.,זו דלת גדולה. היא בטח נפתחת לרווחה.,
82,4,4,0,1,99,32,119,101,It's a little hard to knock on the door from where you're standing.,קצת קשה לדפוק על הדלת מהמקום שבו אתה עומד.,
82,4,17,0,1,99,97,105,114,The door is so securely locked that it defies your abilities to unlock it. (You might have had an easier time if it had a keyhole.),הדלת נעולה כל כך חזק עד שהיא קוראת תיגר על האימונים המפרכים שעברת. (החיים שלך היו יותר קלים אם רק היה לה חור מנעול.),
82,4,17,1,1,99,101,33,32,You can't do that from here.,אינך יכול לעשות זאת מכאן.,
82,4,18,0,1,99,108,108,115,The door is so securely locked that it defies your abilities to unlock it. (You might have had an easier time if it had a keyhole.),הדלת נעולה כל כך חזק עד שהיא קוראת תיגר על האימונים המפרכים שעברת. (החיים שלך היו יותר קלים אם רק היה לה חור מנעול.),
82,4,18,1,1,99,118,101,114,You can't do that from here.,אינך יכול לעשות זאת מכאן.,
82,4,20,0,1,99,32,112,104,You're too close to throw a rock.,אתה קרוב מדי בשביל לזרוק אבן.,
82,5,1,0,1,99,115,99,101,It's an iridescently shimmering magical ladder!,זה סולם קסום מנצנץ בשלל צבעי הקשת!,
82,5,1,3,1,99,117,115,46,You don't see a gem here.,אתה לא רואה כאן סולם.,
82,5,4,0,1,99,117,110,103,You don't see a gem here.,אתה לא רואה כאן סולם.,
82,6,1,0,1,99,115,32,101,There is a narrow ledge in front of the wide door.,מול הדלת הרחבה ישנו מדף סלע צר.,
82,7,1,0,1,99,110,32,116,The water seems to be trying to fly as it leaps from the mountain above.,המים נראים כאילו הם מנסים לעוף תוך כדי שהם מזנקים מההרים שממעל.,
82,8,0,4,1,99,39,115,32,You don't have an empty flask.,אין לך בקבוקון ריק.,
82,8,1,0,1,99,104,116,46,The water gracefully flows towards Mirror Lake.,המים זורמים בחינניות לכיוון אגם המראה.,
82,8,21,0,1,99,32,68,0,You already have some.  Don't be greedy.,יש לך כבר כמה. אל תהיה חמדן.,
82,8,39,0,1,99,64,4,116,Your flask is already full of water.,הבקבוקון שלך כבר מלא במים.,
82,9,0,0,1,99,161,4,121,The rocks are too slick from the spray of the waterfall for your limited climbing skill.,האבנים חלקלקות מדי מרסס המים הניתז מהמפל בשביל כישורי הטיפוס המוגבלים שלך.,
82,9,0,0,2,99,198,4,100,"Flat...you feel very, very flat.","שטוח... אתה מרגיש מאוד, מאוד שטוח.",
82,9,0,0,3,99,75,5,32,You pick up a few small rocks.,אתה חופן כמה אבנים קטנות.,
82,9,0,0,4,99,119,5,117,"""'ello?""  ","""שלום?""",
82,9,0,0,5,99,148,5,8,Wow!,וואו!,
82,9,0,0,6,99,189,5,121,Wheeee!,וויייי!,
82,9,0,5,1,99,239,5,117,"""You again?  Either come up, or go away.   I really doesn't cares which.""","""שוב אתה? או שתעלה או שתסתלק. באמת שלא משנה לי.""",
82,9,0,6,1,99,254,5,110,You'll have to climb down if you want to get water.,עליך לרדת למטה אם ברצונך להשיג מים.,
82,9,0,6,2,99,115,6,32,"The water comes from melting snow.  This early in the season, it's much too cold to swim.  Besides, you don't have a suit. ","המים מגיעים מהשלגים הנמסים. בשלב כל כך מוקדם של העונה, קר מדי לשחות. וחוץ מזה, אין לך בגד ים.",
82,9,0,7,1,99,197,6,32,"""Oh.  'ello!    Go on in.""  ","""הוי. שלום לך! היכנס.""",
82,9,0,8,1,99,206,6,109,BOY!  You must have really been thirsty!,בואנה! בטח היית מה זה צמא!,
82,9,0,9,1,99,211,6,101,"The roar of the waterfall fills your ears, and the cold spray dampens your face as you approach.","שאון המפל מחריש את אוזניך, והנתזים הקפואים מרטיבים את פניך ככל שאתה מתקרב יותר.",
82,9,0,10,1,99,220,6,118,You fill an empty flask with crystal-clear water from the waterfall.,אתה ממלא בקבוקון ריק במים צלולים מהמפל.,
82,9,0,11,1,99,228,6,111,You look for a good place to climb.,אתה מחפש מקום טוב לטפס עליו.,
82,9,0,12,1,99,234,6,101,"""Mpfph..  grumble..  nobody 'ere, I guess.""  ","""מפף.. רטינה.. אפ'חד לא כאן, אני מניח.""",
82,9,0,13,1,99,241,6,117,"""All right, already!""  ","""בסדר, הבנו!""",
82,9,0,14,1,99,248,6,97,The rock makes a sharp sound as it hits the door.,האבן משמיעה צליל חד כשהיא פוגעת בדלת.,
82,9,0,15,1,99,254,6,102,RAP!,ראפ!,
82,9,0,16,1,99,5,7,105,"Man, that's a narrow ledge up there!","בחיי, איזה מדף סלע צר!",
82,9,0,17,1,99,12,7,32,You knock three times.,אתה דופק שלוש פעמים.,
82,9,0,17,2,99,19,7,99,"A voice from inside says, ""Just a minute!  Just a minute!"" ","קול מבפנים קורא, ""רק רגע! רק רגע!""",
82,9,0,17,3,99,24,7,32,"""Please move away from the door.""","""בבקשה זוז מהדלת.""",
82,9,0,18,1,99,31,7,111,That was as easy... as climbing up a ladder.,זה היה קל...  כמו לטפס על סולם.,
82,9,0,19,1,99,39,7,32,That spell doesn't seem to work at this time.,לא נראה שהלחש עובד כרגע.,
82,9,0,20,1,99,46,7,101,"""Is someone there?""  ","""מישהו שם?""",
82,9,0,21,1,99,52,7,102,"""Oh, 'ello.  Come right up.""  ","""אה, שלום. תעלה ישר למעלה.""",
82,9,0,21,2,99,59,7,104,"""Just climb the ladder.""  ","""פשוט טפס על הסולם.""",
82,9,0,22,1,99,67,7,46,You take another drink of water.  You were thirsty!,אתה לוגם עוד שלוק מהמים. היית ממש צמא!,
82,9,0,23,1,99,75,7,4,That was almost too easy...almost like climbing a ladder.,זה היה יותר מדי קל... כמו לטפס על סולם.,
82,9,0,24,1,99,207,7,1,Missed,החטאה.,
82,9,0,25,1,99,98,8,1,You take a drink of water from the icy mountain river.  It refreshes you.,אתה שותה מלוא לוגמך מים מהנהר הקפוא היורד מן ההר. רעננות פושטת בך.,
82,9,1,0,1,99,132,8,2,"To the west, you see the forest.","בצד מערב, אתה רואה את היער.",
82,9,2,29,1,99,203,8,3,The shopkeeper doesn't seem to hear you.,הנזיר כנראה לא שומע אותך.,
82,9,51,26,1,99,3,9,1,The door is already open.,הדלת פתוחה ועומדת.,
82,9,51,27,1,99,51,9,1,"The only thing you can open here is the door, and you're not skilled enough to do that.","הדבר היחיד שאפשר לפתוח כאן זה דלת, ועדיין לא רכשת את המיומנות הנדרשת.",
82,9,51,28,1,99,198,9,1,As you prepare your spell...,תוך כדי שאתה מכין את הלחש...,
82,10,1,0,1,99,236,9,1,The water is white as it splashes against the rocks with great force and purpose and disappears into a narrow canyon to the south.,"המים קוצפים וגועשים כשהם ניתזים על הסלעים בכוח ובעוצמה רבה, ואז נעלמים לתוך קניון צר המתחתר לכיוון דרום.",
82,11,1,0,1,99,25,10,1,The water seems to be trying to fly as it leaps from the mountain above.,המים נראים כאילו הם מנסים לעוף תוך כדי שהם מזנקים מההרים שממעל.,
82,12,1,0,1,99,123,10,1,The water seems to be trying to fly as it leaps from the mountain above.,המים נראים כאילו הם מנסים לעוף תוך כדי שהם מזנקים מההרים שממעל.,
82,13,1,0,1,99,205,10,1,The water seems to be trying to fly as it leaps from the mountain above.,המים נראים כאילו הם מנסים לעוף תוך כדי שהם מזנקים מההרים שממעל.,
82,14,1,0,1,99,12,11,1,The water seems to be trying to fly as it leaps from the mountain above.,המים נראים כאילו הם מנסים לעוף תוך כדי שהם מזנקים מההרים שממעל.,
82,15,1,0,1,99,132,11,1,The water seems to be trying to fly as it leaps from the mountain above.,המים נראים כאילו הם מנסים לעוף תוך כדי שהם מזנקים מההרים שממעל.,
82,16,1,0,1,99,27,12,1,The water seems to be trying to fly as it leaps from the mountain above.,המים נראים כאילו הם מנסים לעוף תוך כדי שהם מזנקים מההרים שממעל.,
83,1,1,0,1,99,127,32,127,It's the hermit's staff.  (He needs a large staff to help him record his memoirs for posterity.),חפציו של הנזיר. (הוא זקוק להרבה חפצים לצורך תיעוד זכרונותיו לדורות הבאים.),
83,2,4,0,1,99,127,32,127,It's not polite to steal from your 'airy little 'ost.  You seem to have made the 'ermit un'appy.,לא מנומס לגנוב מהמארח החביב שלך. נראה שהעכרת את רוחו של הנזיר.,
83,2,1,0,1,99,127,186,127,A single candle sits upon the table.,נר בודד מונח על השולחן.,
83,3,4,0,1,99,127,32,127,You'll have to get up first.,תצטרך לקום קודם.,
83,3,1,0,1,99,127,32,127,"That's the swinging, rocking cave entrance.",דלת המערה חבוטה ומתנודדת.,
83,4,1,0,1,99,127,32,112,It's a chair carved out of rough stone.,הכיסא גולף מאבן גולמית.,
83,5,1,0,1,99,112,223,112,The fire is down to a set of dimly glowing coals.,האש דעכה לקבוצה של גחלים לוחשות בזוהר עמום.,
83,6,1,0,1,99,112,32,127,You see a cot.,אתה רואה ערסל.,
83,7,1,0,1,99,127,32,127,The fire has mostly burned down.  It doesn't seem to be accomplishing much in the way of heat or light for the cave.,האש כבתה כמעט כליל. לא נראה שהיא מצליחה במיוחד לחמם או להאיר את המערה.,
83,8,34,0,1,43,127,32,127,"""No thanks.  I'm not much o' one for those tree snacks.""","""לא תודה. אני לא בנוי לנשנושי העצים האלה.""",
83,8,5,1,1,43,127,200,127,"""Nasty sorts, they is.  I sees them sneaking arund the woods all the times.  Uther then the Warlock, I 'as nothing to do with them""","""חבר'ה מגעילים, זה מה שהם. אני רואה אותם מתגנבים דרך היער כל הזמן. חוץ מהמכשף אין לי שום קשר אליהם.""",
83,8,5,2,1,43,127,205,127,"""Well, it's dark and damp and the waters roars sos there's not a moment's quiet.  The ceiling drips and the walls are slimy and it's always cold.  But, oh well, sez I, it's 'ome.""","""ובכן, חשוך פה ולח והמים גועשים כך שאין רגע אחד של שקט. התקרה מטפטפת והקירות חלקלקות ותמיד קר נורא.""",
83,8,5,2,2,43,127,205,127,"""But, oh well, sez I, it's 'ome.""","""אבל, מילא, כמו שאומרים, אין כמו בבית.""",
83,8,5,3,1,43,127,205,127,"""I likes to play the game.  I can show you how to play, if you likes.""","""אני אוהב לשחק משחקים. אוכל להראות לך איך משחקים, אם תרצה.""",
83,8,5,4,1,43,127,205,127,"""E's me friend, 'e and Fenrus.  Powerful wizard 'e is.""","""הוא חבר שלי, הוא ופנרוס. מכשף גדול הוא כבודו.""",
83,8,5,4,2,43,127,205,127,"""I 'ere 'is 'ouse is sumthin' to see up north.""","""שמעתי שהבית שלו אחד השווים בצפון.""",
83,8,5,4,3,43,127,205,127,"""I don't make it out much, and 'e's pretty busy, sos I don't see 'em too often.  But when we do all get together, you can be sure we'll 'ave fun.""","""אני לא יוצא הרבה, והוא מאוד עסוק, אז לא יוצא לי ממש לראות אותו. אבל יום אחד שניפגש כולנו ביחד, תהיה בטוח שנעשה מה זה כיף.""",
83,8,5,4,4,43,127,205,127,""" 'E loves to play 'is games, 'e do.""","""הוא אוהב לשחק ת'משחקים שלו.""",
83,8,5,5,1,43,127,32,127,"""This 'ere's wot's called the Flying Falls.""","""זה פה מה שקוראים המפלים המעופפים.""",
83,8,5,5,2,43,127,32,127,"""I've doon sum flying falls arund 'ere meself. That porch gets slippery sumtimes.  He, heh, he.""","""גם לי יש מפלים מעופפים משלי. האכסדרה הזאת מחליקה לפעמים. חי, חי, חי.""",
83,8,5,6,1,43,127,32,127,"""Me family lives pretty far apart from each other. We're all 'ermits, you know.""","""בני משפחתי חיים במרחק עצום אחד מהשני. כולנו נזירים, אתה יודע.""",
83,8,5,7,1,43,112,67,112,"""Fenrus is Erasmus' familiar or is that the other way around?""","""פנרוס הוא בן הלוויה של ארסמוס או להיפך?",
83,8,5,8,1,43,112,110,112,"""Erasmus' favorite game is the Mage's Maze.  'Ave to be a magic user to play it, though.  Erasmus is awful good at it.""","""המשחק החביב על ארסמוס הוא מבוך המכשפים. עם זאת, עליך להיות עוסק בקסמים כדי לשחק בו. ארסמוס הוא אחד האלופים.""",
83,8,5,9,1,43,112,120,112,"""An 'ermit is one wot lives alone, far away from them wot talks too much or asks too many questions.  'Ermits are shy, quiet types wot don't say much.""","""נזיר הוא אחד שגר לבדו, הרחק מאלה שמדברים הרבה או שואלים יותר מדי שאלות. נזירים הם ביישנים, ושתקנים.""",
83,8,5,9,2,43,31,32,31,"""Me brother 'Arry 'ardly says a word in a year.  Me sister 'Ortense 'asn't spoken since she were six.  I never talks at all.  Yes, we 'ermits nose how to keep a mouth shut.""","""אחי ארי בקושי מוציא מילה בשנה. אחותי אורטנס לא דיברה מאז שהיתה בת שש. אני לא מדבר אף פעם. כן, אנחנו הנזירים יודעים איך לסתום את הפה.""",
83,8,5,10,1,43,105,20,105,"""I nose sum magic.  Erasmus the wizard tot me sum spells.""","""אני מבין קצת בקסם. ארסמוס המכשף לימד אותי כמה לחשים.""",
83,8,5,10,2,43,166,166,166,"""He's wot put the spell on me ladder sos the brigands don't get up.  Them wot climbs th' rocks gets a door opening in their nose.""","""הוא הטיל קסם על הסולם שהשודדים לא יוכלו לעלות. אז הם מטפסים על הסלעים והדלת נפתחת להם בפרצוף.""",
83,8,5,11,1,43,116,104,101,"""A magic mirror of reflection, it was.  If you use it, when a nasty spell was cast at you, it was wot sent it back at the one wot cast it.  Do un to others, I sez.  Heh, he, he.""","""מראת השתקפות קסומה, זה מה שהיא. אם משתמשים בה, כשכישוף מרושע נשלח אליך, היא שולחת אותו בחזרה לעבר המכשף. אל תעשה לחברך, אני אומר. חי, חה, חה.""",
83,8,5,12,1,43,39,115,32,"""I'm 'Enry.  'Enry the eighth I is.  Me farther was an 'Enry and 'is farther was an 'Enry and 'is farther was an 'Enry and 'is farther was an 'Enry...""","""אני הנרי. הנרי השמיני קוראים לי. אבא ש'לי היה הנרי ואבא ש'לו היה הנרי ואבא ש'לו היה הנרי ואבא ש'לו היה הנרי...""",
83,8,5,12,2,43,32,40,72,"""... and 'is farther was an 'Enry and 'is farther was an 'Enry and 'is farther was an 'Enry.  And every one was an 'ermit."" ","""...ואבא ש'לו היה הנרי ואבא ש'לו היה הנרי ואבא ש'לו היה הנרי. וכולם היו נזירים.""",
83,8,5,13,1,43,32,97,32,"""Yes, I still have me magic scroll, but you didn't seem to want it. 'Ave you changed your mind?""","""כן, יש לי עדיין מגילה קסומה, אבל לא היה נראה שאתה מתעניין בה. שינית את דעתך?""",
83,8,5,14,1,43,116,97,102,"""You already 'ave me only scroll."" ","""המגילה היחידה שלי כבר נמצאת אצלך.""",
83,8,5,15,1,43,108,112,32,"""If you be wanting to learn the spell, I'll be pleased to share it to you. It's just getting molding in me 'iding place.  Do you want it?""","""אם ברצונך ללמוד את הלחש, אחלוק אותו עמך בחפץ לב. הוא סתם מעלה חלודה במקום המסתור שלי. אתה רוצה אותו?""",
83,8,5,16,1,43,111,114,100,"""Me guest bed is the straw in the corner over there. You're welcome to stay if you share some rations and play some cribbage.""","""מיטת האורחים שלי זו ערימת הקש שם בפינה. אתה מוזמן להישאר אם תשתתף בהוצאות המזון ותשחק איתי קלפים.""",
83,8,5,17,1,43,109,111,105,"""The spells wot I nose is pretty simple maybe, but I like 'em.""","""הלחשים שאני מכיר אולי הם פשוטים מאוד, אבל אני אוהב אותם.""",
83,8,5,17,2,43,112,111,115,"""I can make me ladder show up and me door close and even get rid o' pests using the trigger spell, you see.""","""אני יכול לגרום לסולם להופיע ולדלת להיסגר ואפילו להיפטר ממזיקים על ידי קסם ההתנעה, אתה מבין.""",
83,8,5,18,1,43,41,0,127,"""It's the spell wot sets off uther spells.""","""זה קסם שמפעיל קסמים אחרים.""",
83,8,5,18,2,43,127,32,127,"""Like when you wants to see the ladder, you casts a trigger and there you 'ave it, large as life.""","""נגיד כשאתה רוצה לראות את הסולם, אתה מטיל התנעה והנה הוא מולך, גדול מהחיים.""",
83,8,5,18,3,43,127,32,127,"""Course, you gots to 'ave a spell on the invisible ladder to make it visible first.  But it 'as its uses.""","""כמובן, קודם כל צריך שיהיה לך קסם על הסולם הבלתי נראה כדי להפוך אותו לנראה. ככה זה עובד.""",
83,8,5,18,4,43,127,32,127,"""I thinks I 'ave a scroll with the spell, if you be knowing sum magic, that is.""","""אני חושב שיש בידי מגילה עם הלחש, אם אתה מבין קצת בקסם, כמובן.""",
83,8,5,19,1,43,127,32,112,"""E's not so bad.  Got a good sense o' 'umor, 'e 'as. I get the giggles just to think of 'im.  He heh he heh he.""","""הוא לא כזה נורא. יש לו חוש הומור מפותח, לבחור. אני מתפקע מצחוק רק מהמחשבה עליו. חה חי חה חי חה.""",
83,8,5,19,2,43,112,99,112,""" 'E's come by at times to chat.  Borrowed the mirror wot I borrowed from Erasmus 'e did.""","""הוא מגיע מדי פעם לדבר. הוא השאיל ממני את המראה שאני השאלתי מארסמוס.""",
83,8,16,0,1,99,127,32,127,You seem to have made the 'ermit un'appy.,נראה שהעכרת את רוחו של הנזיר.,
83,8,1,0,1,99,127,32,127,"You see the shaggiest little man (you think it's a man, anyway) you've ever seen.",אתה רואה את האיש הכי קטן ומדובלל (לפחות אתה חושב שזה איש) שראית אי פעם.,
83,8,11,20,1,99,127,32,127,"'Enry is wide awake, and that makes it impossible for you to sleep.","הנרי ער לחלוטין, וזה מקשה עליך להירדם.",
83,8,11,21,1,43,112,101,112,"""Me guest bed is the straw in the corner over there.  You're welcome to stay the night since you've shared your rations.  When you want to sleep, just say so.""","""מיטת האורחים שלי זו ערימת הקש שם בפינה. אתה מוזמן לעשות כאן את הלילה שכן חלקת עמי את מזונך. כשאתה רוצה לישון, רק תגיד.""",
83,8,11,22,1,99,112,32,112,You can't offer what you don't have.,אינך יכול לחלוק במה שאין לך.,
83,8,11,23,1,99,112,99,112,You can't sleep in this old rickety chair.  Get up and sleep on the bed of straw.,אין לך סיכוי להירדם בכיסא הישן והחורק. קום ולך לישון על מצע הקש.,
83,8,2,1,1,43,127,32,127,Brigands,שודדים,
83,8,2,2,1,43,127,32,127,Cave,מערה,
83,8,2,3,1,43,127,186,127,Cribbage,קלפים,
83,8,2,4,1,43,48,32,48,Erasmus,ארסמוס,
83,8,2,5,1,43,48,108,48,Falls,מפלים,
83,8,2,6,1,43,48,116,48,Family,משפחה,
83,8,2,7,1,43,48,32,48,Fenrus,פנרוס,
83,8,2,8,1,43,31,42,31,Games,משחקים,
83,8,2,9,1,43,31,32,31,Hermit,נזיר,
83,8,2,10,1,43,31,32,31,Ladder,סולם,
83,8,2,11,1,43,31,32,31,Mirror,מראה,
83,8,2,12,1,43,31,32,31,Name,שם,
83,8,2,13,1,43,127,32,127,Scroll,מגילה,
83,8,2,14,1,43,127,32,48,Scroll,מגילה,
83,8,2,15,1,43,48,67,48,Scroll,מגילה,
83,8,2,16,1,43,48,110,48,Sleep,שינה,
83,8,2,17,1,43,48,108,48,Spells:,לחשים,
83,8,2,18,1,43,127,32,127,Trigger,התנעה,
83,8,2,19,1,43,127,32,127,Warlock,מכשף,
83,9,1,0,1,99,127,32,127,It's a round chair.,זה כיסא עגול.,
83,10,1,0,1,99,127,32,127,"It's a relic from India, a snake charmer's basket. ","שריד מהודו, סלסלת מהפנטי נחשים.",
83,11,1,0,1,43,127,32,127,"""Every 'ermit ought to 'ave a few urns around, sez I.""","""כל נזיר חייב להחזיק כמה כדים בהישג יד, אני אומר.""",
83,12,1,0,1,99,127,32,127,It's an ancient Egyptian pot from the tomb of Anon-Ha.,קנקן מצרי עתיק מקברו של ענון-אה.,
83,13,1,0,1,99,127,32,127,A place to keep grain for 'ermit's ale.,מקום אחסון הדגן עבור שיכר הנזיר.,
83,14,1,0,1,99,127,32,127,'Enry always keeps a good supply of coal on hand.,הנרי תמיד דואג לאספקה סדירה של פחם.,
83,15,1,0,1,99,127,32,127,What's left of 'Enry's dinner.,מה שנשאר מארוחת הערב של הנרי.,
83,16,1,0,1,99,127,32,127,The remains of a Navaho ceremonial bridal pot.,שרידי אגרטל כלולות של שבט הנאוואחו.,
83,17,0,24,1,43,127,32,127,"""Do you want it?""","""אתה רוצה את זה?""",
83,17,0,25,1,43,127,32,127,"""Ello.  'Ow are you?  'Ave we met before?""","""הי. מי אתה? אנחנו מכירים?""",
83,17,0,26,1,43,127,32,127,"""Come in, come in.  Good to see you again.   Get's kind o' tiresome sitten here an' thinken by meself all the time.""","""בוא, תיכנס. טוב לראות אותך שוב. די נמאס לי לשבת פה לבד כל היום.""",
83,17,0,27,1,43,127,32,127,"""Let's see.  'Ow does Erasmus do it?  Oh, yes.""","""בוא נראה. איך ארסמוס עושה את זה? אה, כן.""",
83,17,0,28,1,99,127,32,127,"Unfortunately, since the fungus on the walls shines at night so the room doesn't get dark, and the fact the hermit talks most of the night, you only get five hours rest.","לרוע המזל, מאחר והפטריות על הכתלים מאירות בלילה כך שהחדר לא מחשיך, והעובדה שהנזיר ממלמל רוב הלילה, הצלחת לישון רק חמש שעות.",
83,17,0,29,1,99,127,32,127,"After having traded a ration, which the 'ermit promptly swallowed, and spending a rather boring hour of cribbage and listening to 'Enry chatter, you hit the hay.","לאחר שסחרת במנת מזון, שאותה הנזיר בלע בבת אחת, ובילית שעה משמימה במשחק קלפים ובהאזנה לפטפטת הבלתי פוסקת של הנרי, אתה זז לישון.",
83,17,0,30,1,43,127,186,127,"""You already 'ave me only scroll.""","""המגילה היחידה שלי כבר נמצאת אצלך.""",
83,17,0,31,1,43,48,91,48,"""If you be ever needen a place to stay the night and you're in the area, I could be willen to put you up for the night for sum rations and a couple o' games o' cribbage.""","""אם אי פעם תזדקק למקום לינה ואתה באזור, אשמח להציע לך את ביתי תמורת מעט מזון וכמה משחקי קלפים.""",
83,17,0,32,1,43,48,97,48,"""Oh well, maybe sumone else can use it sumtime.""","""נו מילא, אולי מישהו אחר יפיק מזה תועלת ביום מן הימים.""",
83,17,0,33,1,99,48,101,48,"""You can't sleep here, you got's no rations to give me.""","""אתה לא ישן כאן, אין לך מנות מזון לתת לי.""",
83,17,0,34,1,43,48,105,48,"""I think you be 'avin too little magic for it to be any use to you.""","""אני חושב שעם מעט הקסם שיש בך לא יהיה לך מה לעשות עם זה.""",
83,17,0,35,1,99,127,32,127,Yes,כן,
83,17,0,35,2,99,127,32,127,No,לא,
83,17,0,36,1,43,127,32,127,"""I'm 'Enry the 'ermit, that's me.  Me Farther was an 'ermit and me Murther was an 'ermit sos I come by me job rightly.""","""אני הנרי הנזיר, זה אני. אבא ש'לי היה נזיר ואמא ש'לי היתה נזירה אז התפקיד בא לי בטבעיות.""",
83,17,0,37,1,43,127,32,127,"""Don't 'ave too many visitors.  'Ermits don't, you know.  (Part o' the job description.) I likes to see a new face, though.""","""אין יותר מדי מבקרים. נזירים, אתה יודע. (חלק מדרישות התפקיד.) אני נהנה לראות פנים חדשות, עם זאת.""",
83,17,0,38,1,43,127,32,127,"""Good to 'ear anurther's speaking besides meself.  Sos wot can I do for you?""","""נחמד לשמוע עוד מישהו מדבר חוץ ממני. אז מה אפשר לעשות בשבילך?""",
83,17,0,39,1,43,127,32,127,"""If you be wanting to learn the spell, I'll be pleased to share it to you. It's just getting molding in me 'iding place.""","""אם ברצונך ללמוד את הלחש, אחלוק אותו עמך בחפץ לב. הוא סתם מעלה חלודה במקום המסתור שלי.""",
83,17,0,40,1,43,127,32,127,""" 'E summons it with a Trigger.  'Ere goes!""","""הוא מזמן אותו עם מתניע. בבקשה!""",
83,17,0,41,1,43,127,32,127,"""There you 'as it.""","""יש'ך את זה.""",
83,17,50,0,1,99,127,32,127,You can detect a faint aura of magic here.,אתה מזהה במקום הילה קלושה של קסם.,
83,17,4,0,1,99,127,32,127,You should wait until the hermit is asleep to check his place out.,עליך להמתין עד אשר יפלו חבלי שינה על עיניו של הנזיר בטרם תתחיל בסריקת המקום.,
83,17,1,0,1,99,127,32,127,The cave is cold and clammy and it smells like mildew and wet dog hair in here!  The walls are covered with phosphorescent fungus.  The fungus glows eerily in the cave's dim light.,המערה קרירה ולחה ומדיפה ריח של עובש ושיער כלבים! הקירות מכוסות בפטריות זרחניות. הפטריות זוהרות במסתוריות לאורה העמום של המערה.,
83,17,51,0,1,99,127,32,127,There is no need to use magic to open anything here.,אין צורך לפתוח פה שום דבר באמצעות קסם.,
83,17,52,0,1,99,127,32,127,You can't sleep in this old rickety chair.  Get up and sleep on the bed of straw.,אין לך סיכוי להירדם בכיסא הישן והחורק. קום ולך לישון על מצע הקש.,
83,17,52,23,1,99,127,32,127,Try sleeping in the bed or on the floor -- this chair just doesn't make it.,נסה לישון על המיטה או על הרצפה -- הכיסא פשוט לא עושה את העבודה.,
83,18,4,42,1,99,127,32,127,"The scroll vanishes even as you read the magical runes upon it.   You now have the knowledge to cast a ""Trigger"" spell.","המגילה נעלמת תוך כדי שאתה קורא את הרונות הקסומות שעליה. כעת יש בידיך את הידע הנדרש להטלת לחש ה""התנעה"".",
83,18,1,0,1,99,127,32,127,It's on the table.,זה על השולחן.,
83,19,4,0,1,99,127,186,127,"I don't 'ave much, but wot I 'ave, I 'ave, an' t'isn't for sale.","אין לי הרבה, אבל מה שיש לי, יש לי, וזה לא למכירה.",
83,19,1,0,1,99,43,32,43,It's the headpiece of 'Enry's staff.,עיטור הראש של מטהו של הנרי.,
83,20,1,0,1,99,43,32,43,The straw is relatively fresh and looks more comfortable to lie upon than the rocks.,התבן יחסית יבש ובאופן כללי נראה כמצע נוח יותר מאשר הסלעים.,
83,21,4,0,1,43,32,67,32,"""I don't 'ave much, but wot I 'ave, I 'ave, an' t'isn't for sale.""","""אין לי הרבה, אבל מה שיש לי, יש לי, וזה לא למכירה.""",
83,21,1,0,1,99,32,108,32,"Yes, what you see is a table.","כן, מה שאתה רואה זה שולחן.",
83,22,1,0,1,99,127,32,127,"The hermit has all the amenities, including running water! ","לנזיר יש את כל הפינוקים, כולל מים זורמים!",
84,1,0,1,1,99,236,34,2,That's funny.  It bounced right off.,מוזר. היא קופצת במקום.,
84,1,4,2,1,99,233,216,5,"However, you bravely attack the bouncing beast with your bare hands.",אתה תוקף באומץ את המפלצת המקפצת בידיים חשופות.,
84,1,1,2,1,99,5,72,117,"The only Antwerp known to these parts, split ...into parts.",האנטוורפ היחיד המוכר בגזרה זו נקרע... לגזרים.,
84,1,1,3,1,99,117,3,233,The Antwerp seems to have flown the coop.,נראה שהאנטוורפ פרח מהקן.,
84,1,1,4,1,99,1,45,228,"By golly, it's an Antwerp!  Antwerps are on the endangered species list. They are rarely seen. ","שכה אחיה, זהו אנטוורפ! האנטוורפ הינו מין בסכנת הכחדה. הם נצפים לעיתים נדירות.",
84,2,1,0,1,99,38,2,45,They look a lot like bushes.,הם נראים כמו שיחים.,
84,3,1,0,1,99,233,82,1,"Some shrubbery, perhaps?","איזשהו שיח, אולי?",
84,4,1,0,1,99,192,80,185,"You're bushed.  No, wait, *they're* bushes.","אתה קשוח. לא, סליחה, *הם* כשיחים.",
84,5,1,0,1,99,103,22,103,The rocks were left here by a receding glacier.,הסלעים הושארו כאן מיותמים על ידי השלגים הנמסים.,
84,5,1,5,1,99,154,246,166,You find a keyhole concealed in a crack in the rock.,אתה מוצא חור מנעול חבוי בתוך סדק בסלע.,
84,5,1,6,1,99,185,169,63,"There is a narrow cave entrance among the rocks.  Inside, you see a dark passage through the hillside.","פתח מערה צר חבוי בין הסלעים. בפנים, אתה רואה מעבר חשוך לאורך צלע הגבעה.",
84,6,1,7,1,99,43,192,80,The Antwerp seems to have flown the coop.,נראה שהאנטוורפ פרח מהקן.,
84,6,1,8,1,99,14,184,207,"The grass is luscious, just the thing for hungry herbivores. ","הדשא חושני ועסיסי, בדיוק מה שחסר לאוכל עשב מורעב.",
84,7,1,0,1,99,0,1,80,The way is impassable.  Sheer rock cliffs rise to serious heights.,הדרך בלתי עבירה. צוקי סלע תלולים מתרוממים לגבהים אדירים.,
84,8,1,0,2,99,207,6,14,This is an especially rocky area.,חבל ארץ סלעי במיוחד.,
84,9,0,9,1,99,232,63,8,Antwerps have too bouncy a nature to ever be truly calm.,לאנטוורפים יש טבע מדי קופצני מכדי לשבת רגע אחד בשקט.,
84,9,0,10,1,99,235,4,255,Antwerps aren't dazzled easily.,אנטוורפים אינם מסתנוורים בקלות.,
84,9,0,11,1,99,26,125,40,You seem to have scared the Antwerp with your behavior.,נראה שהבהלת את האנטוורפ עם ההתנהגות שלך.,
84,9,0,12,1,99,139,216,128,"Cockily, you loosen up to fight.","בשחצנות, אתה משתחרר לקראת הקרב.",
84,9,0,13,1,99,118,14,184,"Confident and loose, you approach the Antwerp.","חדור ביטחון ושלווה, אתה ניגש אל האנטוורפ.",
84,9,0,14,1,99,255,182,236,"""Holy Mackerel!""","""שומו שמים!""",
84,9,0,15,1,99,39,207,6,"Your spell has unlocked the lock on the rock, but it is not yet powerful enough to open the rock door.","הקסם שלך פתח את מנעול הסלע, אך אינו מספיק חזק בכדי לפתוח את דלת האבן.",
84,9,50,0,1,99,154,211,38,You detect no magic here.,אינך מזהה כאן שום קסם.,
84,9,1,16,1,99,154,59,167,"Now that the big Antwerp has split, this corner of the forest seems strangely quiet.  ","כעת כשהאנטוורפ הגדול הסתלק, דממה מוחלטת השתררה בפינת היער.",
84,9,1,7,1,99,0,80,154,"You look around and see rocks and grass, but no Antwerp.","אתה מביט כה וכה ורואה סלעים ועשבים, אך לא אנטוורפ.",
84,9,1,8,1,99,80,154,59,"You see rocks, grass and an Antwerp.","אתה רואה סלעים, דשא ואנטוורפ.",
84,9,1,8,2,99,205,0,80,The forest extends to the east and north.,היער משתרע מזרחה וצפונה.,
84,9,51,0,1,99,192,80,154,It's already closed.,זה כבר פתוח.,
84,10,70,0,1,99,30,80,184,"It's a rock, not a charcoal briquette! ","זה סלע, לא לבנת פחם.",
84,10,4,17,1,99,80,184,244,"Despite your mightiest efforts, the rock does not move.","למרות מאמציך האדירים, הסלע לא זז.",
84,10,4,18,1,99,1,137,134,The rock door has already been opened.,דלת האבן פתוחה ועומדת.,
84,10,4,19,1,99,118,14,184,You are not strong enough yet to open the rock door.,עדיין אינך מספיק חזק בכדי לפתוח דלתות מאבן.,
84,10,81,0,1,99,184,1,0,"It's a rock, not a charcoal briquette! ","זה סלע, לא לבנת פחם.",
84,10,26,20,1,99,14,184,234,"The key glows for an instant as you insert it into the lock, but nothing else happens.","המפתח מנצנץ בהבזק מהיר ברגע שאתה תוקע אותו בחור המנעול, אך מעבר לזה שום דבר לא קורה.",
84,10,26,17,1,99,192,80,80,The lock in the rock clicks open.,המנעול בסלע נפתח בקול נקישה.,
84,10,17,21,1,99,118,14,184,The lock is beyond your present skill.  It might help if you had the key.,המנעול מעל ומעבר לכישוריך הנוכחיים. יעזור מאוד אם תשיג מפתח.,
84,10,17,22,1,99,43,192,80,You'd have a much easier time of this if you had the key.,החיים שלך היו הרבה יותר קלים אם היה לך מפתח.,
84,10,17,23,1,99,54,198,37,"Ah, got it!  The lock in the rock clicks open.","אה, יופי! המנעול בסלע נפתח בקול נקישה.",
84,10,17,24,1,99,39,63,4,The lock is beyond your present skill.  It might help if you had the key.,המנעול מעל ומעבר לכישוריך הנוכחיים. יעזור מאוד אם תשיג מפתח.,
84,10,17,24,2,99,154,211,38,... Or at least a better set of tools.,...או לפחות מערכת כלים משופרת.,
84,10,17,25,1,99,4,43,192,You don't see any locks nearby.,אינך מבחין בשום מנעולים בסביבה.,
84,10,17,15,1,99,18,4,30,It's already closed.,זה כבר פתוח.,
84,10,1,25,1,99,15,153,82,The rocks were left here by some receding glacier.,השלגים הנמסים הותירו אחרים סלעים חשופים.,
84,10,1,26,1,99,118,14,184,You find a keyhole concealed in a crack in the rock.,אתה מוצא חור מנעול חבוי בתוך סדק בסלע.,
84,10,1,6,1,99,43,192,80,There is a narrow cave entrance among the rocks.,פתח מערה צר חבוי בין הסלעים.,
84,10,57,0,1,99,114,255,118,"Ok, you say ""Hiden Goseke"".  Or was that ""Hide 'n' go seek""? ","טוב, אתה אומר ""מעך בוהים"". או שזה היה ""מחבואים""?",
84,10,57,0,2,99,134,222,253,You hear the sound of someone...or something...moving deeper into the cave to let you pass.,אתה שומע רחש של מישהו... או משהו... נע עמוק יותר אל תוך המערה כדי לתת לך לעבור.,
84,10,57,27,1,99,152,21,95,These rocks seem rather stiff.  Maybe they're just not in a talkative mood.,הסלעים נראים נוקשים למדי. אולי הם פשוט במצב רוח רע היום.,
84,11,1,0,1,99,137,94,240,"It's a magnificent tree, isn't it?","איזה עץ מדהים, אה?",
85,1,1,0,1,99,139,236,131,You seem to have caused an Antwerp POPulation EXPLOSION!,נראה שגרמת לפיצוץ אוכלוסיית האנטוורפים!,
85,1,4,0,1,99,24,182,23,"The bouncing baby Antwerps are all so cute, you can't bring yourself to interfere with their playing. ","גורי האנטוורפים הקופצניים כל כך חמודים, אינך מסוגל להפריע להם באמצע המשחק.",
85,1,12,0,1,99,32,104,97,"The bouncing baby Antwerps are all so cute, you can't bring yourself to interfere with their playing. ","גורי האנטוורפים הקופצניים כל כך חמודים, אינך מסוגל להפריע להם באמצע המשחק.",
85,1,16,0,1,99,116,108,101,"The bouncing baby Antwerps are all so cute, you can't bring yourself to interfere with their playing. ","גורי האנטוורפים הקופצניים כל כך חמודים, אינך מסוגל להפריע להם באמצע המשחק.",
85,1,20,0,1,99,104,105,116,"The bouncing baby Antwerps are all so cute, you can't bring yourself to interfere with their playing.  ","גורי האנטוורפים הקופצניים כל כך חמודים, אינך מסוגל להפריע להם באמצע המשחק.",
85,1,78,0,1,99,0,243,137,"The bouncing baby Antwerps are all so cute, you can't bring yourself to interfere with their playing. ","גורי האנטוורפים הקופצניים כל כך חמודים, אינך מסוגל להפריע להם באמצע המשחק.",
85,1,81,0,1,99,38,75,24,"The bouncing baby Antwerps are all so cute, you can't bring yourself to interfere with their playing. ","גורי האנטוורפים הקופצניים כל כך חמודים, אינך מסוגל להפריע להם באמצע המשחק.",
85,2,1,0,1,99,0,0,0,"Looking up, you can see a small, blue dot in the sky, getting bigger... and bigger... and BIGGER! ","אתה מביט מעלה, ורואה נקודה כחולה קטנה בשמים, שגדלה... וגדלה... וגדלה!",
85,2,12,0,1,99,24,4,0,Too late!,מאוחר מדי!,
85,3,1,0,1,99,25,1,0,You're not going north through these bushes either.,לא תגיע צפונה גם דרך שיחים אלה.,
85,4,1,0,1,99,83,24,154,You're not going north through those bushes.,לא תגיע צפונה דרך שיחים אלה.,
85,5,1,0,1,99,28,131,196,Look at the bushes on the north.  Ditto south.,"הבט בשיחים בצפון. כנ""ל בדרום.",
86,1,1,0,1,99,91,32,193,There!  Surely you saw that bush move?  You didn't?  You say there wasn't a path north that bush just blocked?  Wait!  You must be in with the bushes! You'd better get out of here!  But not to the north; not through the bushes of terror!,הנה! בטוח ראית את השיח הזה מתנועע! לא ראית? אתה אומר שלא היה כביש צפונה שנחסם על ידי השיחים? רגע! כרתת ברית עם השייחים הלבנונים! כדאי שתברח מכאן! אבל לא לכיוון צפון; לא דרך השייח נסראללה!,"לא אוהב את ה""לוקליזציה"" הזאת, נראית לי לא קשורה לכלום (הבנתי - שיח ושייחים, אבל זה לא עובר לדעתי)"
86,2,1,0,1,99,0,72,48,That bush!  Did it move?  Are the bushes hemming you in?,השיח הזה! הוא זז? האם השייחים מטמינים לך פתיון?,
87,1,1,0,1,99,115,32,115,A slumbering sawn log.  Or at least a dead tree.,גדם עץ מנוסר נתון בתרדמת. או ליתר דיוק עץ מת.,
87,2,1,0,1,99,101,118,101,"You see a lovely waterfall in the distance, feeding the lake with ice cold mountain water.","אתה רואה מפל מרהיב באופק, מזין את האגם במי שלג מופשרים המתנקזים מן ההרים.",
87,3,1,0,1,99,32,117,115,Delphineus is looking for a hero to help him save Eluria.,דולפיניוס מחפש גיבור שיעזור לו להציל את אלוריה.,
87,3,2,0,1,99,99,101,115,"""Have you seen a little boy named Adam?  I can't seem to find him around here,"" asks the dolphin.  Then he realizes he's in the wrong game, and swims back to Ecoquest.","""ראית ילד קטן בשם אדם? אני לא מצליח למצוא אותו,"" שואל הדולפין. ואז הוא קולט שהוא לא במשחק הנכון, ושוחה חזרה לאקו קווסט.",
87,4,1,0,1,99,111,108,101,"To the North, on the cliff, you see a cave. ","צפונית ממך, במרומי הצוק, אתה רואה מערה.",
87,5,1,0,1,99,104,111,115,"It must be your imagination.  What would Nessie be doing in this fantasy adventure?  Shades of ""Conquests of the Longbow""! ","אתה בטח מדמיין. מה נסי עושה בהרפתקת פנטזיה? גוונים של ""כיבושי הקשת הארוכה""!",
87,5,2,0,1,99,103,105,99,"""I'm lost!  Could you please direct me to Scotland?"" ","""איבדתי את דרכי! התואיל בטובך לכוון אותי לעבר סקוטלנד?""",
87,6,1,0,1,99,32,83,112,You see your own reflection in the crystal-clear waters.,אתה רואה את השתקפותך במים הצלולים.,
87,7,0,0,1,99,39,115,32,"The lake water tastes pretty good, if a bit flat.","טעמם של מי האגם לא רע, אם כי מעט תפל.",
87,7,0,0,2,99,119,105,116,... but this is not the water you want.,...אבל אלה לא המים שרצית.,
87,7,0,0,3,99,120,99,101,You fill a flask with the clear lake water.,אתה ממלא את הבקבוקון במי אגם זכים.,
87,7,0,1,1,99,102,32,97,You don't want to do that.  A walking pace is more appropriate for enjoying the majestic beauty of this scene.,אתה לא רוצה לעשות את זה. בטיול בקצב הליכה תיהנה יותר מהנופים הבראשיתיים הקסומים.,
87,7,1,0,1,99,32,111,102,"You see a lovely waterfall in the distance, feeding the lake with ice cold mountain water.  The runoff river from the waterfalls forms this scenic lake.","אתה רואה מפל מרהיב באופק, המזין את האגם במי שלג מופשרים המתנקזים מן ההרים. הנהר הזורם במרוצה מהבריכה שלמרגלות המפלים יוצר את האגם משובב העין.",
87,8,1,0,1,99,46,34,0,The rocky shore is blissfully relaxing.,החוף הסלעי משרה אווירה שלווה ורגועה.,
87,9,1,0,1,99,5,40,49,You've been walking through the forest this long and you can't even recognize a tree???,אתה מטייל ביער מזה שעות ארוכות ואינך מצליח אפילו לזהות עץ???,
87,10,0,0,1,99,40,49,31,"That has no effect on the water, try something else.  ","אין לזה שום השפעה על המים, נסה משהו אחר.",
87,10,1,0,1,99,53,49,4,It's the beautiful Spiegelsee (Mirror Lake).  You pause for some peaceful reflection.,"זהו שפיגלסי היפייפה, או ""אגם המראה"". אתה עוצר לכמה דקות של מנוחה וניקוי ראש.",
87,10,4,0,1,99,0,57,49,"Swimming in the Spiegelsee is a bad idea.  The lake is fed from mountain run-off, and the water is ice cold.","שחיה בשפיגלסי הינה רעיון גרוע. האגם ניזון מהשלגים המופשרים, ומימיו קפואים כקרח.",
89,1,4,0,1,99,0,0,0,The fungus is slimy and stuck tight to the cave walls.,הפטריה חלקלקה ונצמדת בחוזקה לכותלי המערה.,
89,1,1,1,1,99,0,0,0,The water lies in stagnant pools.,מים עומדים בשלוליות מעופשות.,
89,1,1,2,1,99,0,0,0,"You have lost your sense of direction, as the cave passage twists around.","אתה מאבד את חוש הכיוון, כשמחילות המערה מתעקלות לכל עבר.",
89,1,1,3,1,99,0,0,0,The only entrance to this cave is the one you came through.,הכניסה היחידה למערה היא זאת שדרכה נכנסת.,
89,1,57,0,1,99,0,0,0,No one answers.,אף אחד לא עונה.,
89,2,4,0,1,99,0,0,0,The fungus is slimy and stuck tight to the cave walls.,הפטריה חלקלקה ונצמדת בחוזקה לכותלי המערה.,
89,2,1,0,1,99,0,0,0,You can watch the water ooze down the sides of the stalactites and drip to the ground.,ניתן לצפות במים זולגים מטה מצידי הנטיפים ומטפטפים על הקרקע.,
89,2,57,0,1,99,0,0,0,"All you hear is a distant ""Echo"".","כל מה שאתה שומע זה ""הד"" מרוחק.",
89,3,1,1,1,99,0,0,0,You can watch the water drop down from the stalactites and ooze down the sides of the stalagmites.,ניתן לצפות במים מטפטים מהנטיפים וזולגים מטה על פני דפנות הזקיפים.,
89,3,1,2,1,99,0,0,0,The rocks look slick and are slimy to the touch.,הסלעים נראים לחים וחלקלקים למגע.,
89,3,1,3,1,99,0,0,0,The light from the fungus is eerie and vaguely unpleasant.,האור העמום הבוקע מהפטריות משרה אווירה מצמררת ולא נעימה.,
89,4,0,4,1,99,0,0,0,"As your eyes adjust to the darkness, you see by the light of the fungus that this passageway twists its way through the mountain.  It is cold in here, and you can smell stagnant water and faint hints of decay. ","כשעיניך מתרגלות לחשיכה, אתה רואה לאור הפטריות כי המערה מתמשכת לעומק ההר. קר כאן מאוד, ואתה מריח ריח של מים עומדים ונגיעות קלות של ריקבון.",
89,4,0,5,1,99,0,0,0,"You hear the constant ""drip... drip..."" of water.","אתה שומע ""טיף... טיף...."" עקבי של מים.",
89,4,0,6,1,99,0,0,0,That spell is useless here.,הלחש הזה חסר תועלת כאן.,
89,4,80,7,1,99,0,0,0,There is nothing here to calm.,אין כאן שום דבר להרגיע.,
89,4,80,8,1,99,0,0,0,The Troll looks as though he will now calmly tear you to shreds.,הטרול נראה כמי שברוגע ובשלווה עמוקה יקרע אותך לגזרים.,
89,4,78,7,1,99,0,0,0,There's nothing here to dazzle.,אין כאן מה לסנוור.,
89,4,78,8,1,99,0,0,0,"You'd think a Cave Troll would make a perfect Dazzle victim, wouldn't you? Unfortunately, this one was blind to start with, and he can still smell you!","חשבת שטרול מערות יהיה קורבן מושלם ללחש הסינוור, נכון? לרוע מזלך, לא רק שהטרול הזה בכלל עיוור, הוא עדיין יכול להריח אותך!",
89,4,50,0,1,99,0,0,0,There is no magic in this cave.,אין קסם במערה הזאת.,
89,4,81,7,1,99,0,0,0,There is nothing here to throw it at.,אין כאן שום דבר שאפשר להשתמש בזה עליו.,
89,4,81,8,1,99,0,0,0,"Oops, it's one of those flame-resistant Trolls you've been warned about.",אופס. זה אחד מהטרולים חסיני-האש ההם שהזהירו אותך מפניהם.,
89,4,51,0,1,99,0,0,0,There is nothing here to open.,אין כאן שום דבר לפתוח.,
89,5,0,9,1,99,0,0,0,"Before you can react, the Troll is upon you, and the encounter begins.","לפני שאתה מספיק להגיב, הטרול תוקף אותך והקרב מתחיל.",
89,5,4,10,1,99,0,0,0,You shouldn't have done that!  Now he's mad!,לא היית צריך לעשות זאת! עכשיו הוא כועס!,
89,5,4,18,1,99,0,0,0,There's nothing else worth taking from the Troll.,אין עוד שום דבר ששווה לקחת מהטרול.,
89,5,4,11,1,99,0,0,0,The dead Troll's huge club is much too heavy for you to lift.,הנבוט הענק של הטרול המת כבד מכדי שתוכל להרים אותו.,
89,5,4,12,1,99,0,0,0,You find nothing on the Troll.,אינך מוצא דבר על הטרול.,
89,5,4,13,1,99,0,0,0,You find nothing on the Troll but a little hair.,אינך מוצא דבר על הטרול מלבד קווצת שיער דלילה.,
89,5,4,14,1,99,0,0,0,You find no more beard hair on the dead Troll.,אינך מוצא עוד שיער זקן על גופת הטרול.,
89,5,4,15,1,99,0,0,0,You cut off the Troll's beard and put it away.,אתה גוזז את זקן הטרול ומניח אותו בתרמילך.,
89,5,1,16,1,99,0,0,0,"A large, dead Troll lies in a pool of blue blood.",טרול מת שוכב בשלולית דם כחולה.,
89,5,1,17,1,99,0,0,0,The large Troll lies dying upon the slimy floor of the cave.,הטרול שוכב מת על רצפת המערה החלקלקה.,
89,5,1,18,1,99,0,0,0,You see no such creature here.,אינך רואה כאן יצור כזה.,
89,5,1,19,1,99,0,0,0,"A mean-looking Troll looms before you, a snarl on his lips.","טרול בעל מראה מרושע מגיח מולך, חושף שיניים ונוהם.",
89,5,57,0,1,99,0,0,0,The Troll would just as soon eat you as talk to you.,הטרול היה מעדיף לאכול אותך מאשר לנהל איתך שיחת חולין.,
91,1,1,0,1,99,4,0,216,"A brigand archer!  From what you can see, you realize that you are in a very dangerous situation. ","קשת מזויין! ממה שאתה מצליח לראות, אתה מבין טוב מאוד שמצבך בכי רע.",
91,2,1,0,1,99,104,101,32,Yet another brigand archer!  And this one is wearing his archery merit badge!,עוד קשת מזויין! והוא אף עונד את אות ההצטיינות שלו בחץ וקשת!,
91,3,1,0,1,99,103,39,115,One bad dude!,בחור רע מאוד!,
91,4,1,0,1,99,97,110,99,Yet another brigand archer!  Don't these guys know overkill when they see it?,עוד קשת מזויין! החבר'ה האלה לא מבינים שהם עברו כל גבול אפשרי?,
91,5,1,0,1,99,99,101,112,"Yet another brigand archer!  If these guys shoot at all well, you soon will be impeccably dressed in your arrow shirt! ","עוד קשת מזויין! אם החבר'ה האלה יודעים לירות כמו שהם נראים, בקרוב תהיה לבוש במיטב מחלצותיך המרושתות!",
91,6,1,0,1,99,105,116,32,"It's a nasty, pointy, barbed arrow. ","זהו חץ עוקצני, מחודד, וציני.",
91,7,1,0,1,99,108,121,32,You'd better keep your head up.,כדאי שתזקוף את ראשך.,
91,8,0,1,1,99,32,119,101,You have a bad feeling about this place.,יש לך תחושה רעה לגבי המקום הזה.,
91,8,0,2,1,99,32,116,104,You have an even worse feeling about this place.,התחושה הרעה הולכת ומתעצמת.,
91,8,0,3,1,99,101,32,119,You have a splintering headache that's doing you in.,יש לך כאב ראש חודרני שקודח במוחך.,
91,8,0,4,1,99,114,111,109,That's one way of collecting arrows.  Shame you don't have a bow.,זאת דרך אחת לאסוף חיצים. חבל שאין לך קשת.,
91,8,1,0,1,99,114,101,115,The cliffs are rocky and riddled with niches that could conceal things.  Brigand archers for instance.  There is a pile of logs off to the north.,"הצוקים הסלעיים מנוקדים בגומחות שעלולים להסתיר דברים. כמו קשתים מזויינים למשל. ערימת בולי עץ נצפית
בפינה הצפון מערבית.",
91,9,1,0,1,99,116,97,103,A brigand ground fighter!,לוחם קומנדו שודד!,
91,10,1,0,1,99,44,32,116,A Zulu warrior?  (Perhaps a refugee from Quest for Glory 3:  The Wages of War?),לוחם זולו? (אולי פליט מהמסע על התהילה 3: מחיר הדמים?),
91,11,1,0,1,99,97,99,107,"You may have killed that brigand, but there are five others pelting you with arrows. ","יתכן שהרגת את השודד, אבל ישנם עוד חמישה אחרים שממטירים עליך מטח חיצים.",
91,12,1,0,1,99,32,108,105,It looks like the brigands have prepared a welcoming committee for you behind the logs.,נראה שהשודדים הכינו עבורך קבלת פנים חמימה מאחורי בולי העץ.,
91,12,4,0,1,99,111,117,108,"You'll have to get closer to the logs, defying withering arrow fire and death, before you can climb over them. ","ראשית יהיה עליך להתקרב לבולי העץ, לקרוא תיגר על המוות וחיצי האש המצמיתים, ורק לאחר מכן תוכל לטפס עליהם.",
91,13,1,0,1,99,32,115,111,"The rock walls look steep, and archers are perched on their summits. ","קירות הסלע נראים תלולים, וקשתים אורבים על פסגותיהם.",
91,13,4,0,1,99,121,32,103,They'll pick you off before you get half-way up there!,הם יצלפו בך ללא רחם עוד קודם שתעשה מחצית מהדרך!,
93,1,1,0,1,99,255,255,255,A warning bell to alert all the brigands in the fortress.,פעמון אזעקה מזעיק את כל שודדי המצודה.,
93,2,1,1,1,99,255,255,255,The bush sits next to the cliff.  There are marks on the ground near the bush.,שיח צומח על יד הצוק. בסמוך לשיח נראים סימנים על הקרקע.,
93,2,1,2,1,99,255,255,255,You see a bush that conceals the secret entrance.,אתה רואה שיח שמסווה את הכניסה הסודית.,
93,3,1,3,1,99,255,255,255,"The sign reads ""Ring bell"".","על השלט נכתב ""נא לצלצל בפעמון"".",
93,3,1,4,1,99,255,255,255,Step over and get a close look.,גש בבקשה והתבונן מקרוב.,
93,4,4,5,1,99,255,255,255,Why knock?  Use the bell.,למה לדפוק? צלצל בפעמון.,
93,4,4,6,1,99,255,255,255,The gate appears to be fastened somehow on the inside.  You'll have to force the gate open.,דומה שהשער תקוע איכשהו מבפנים. אתה תיאלץ לפרוץ את השער.,
93,4,17,0,1,99,255,255,255,Your lock picking skills are no match for the gate lock.,מיומנות פריצת המנעולים שלך עדיין לא ברמה של מנעולי שערים.,
93,4,1,0,1,99,255,255,255,The fortress gate -- a very *strong* gate.  It appears to be fastened somehow on the other side.,שער המצודה -- שער *חזק* מאוד. דומה שהוא תקוע איכשהו מהצד השני.,
93,4,1,7,1,99,255,255,255,"Beyond the open gate, you can see a storage area and some buildings.",מאחורי השער הפתוח אתה רואה שטח אחסון וכמה בניינים.,
93,4,18,0,1,99,255,255,255,"Even using your thief toolkit, you have no hope of picking this lock.  (The bar on the other side may have something to do with that.)","אפילו על ידי ערכת הגנבים, אין לך שום סיכוי לפרוץ את המנעול הזה. (כנראה שהמוט מהצד השני קשור לעניין.)",
93,5,16,8,1,99,255,255,255,OK.  Here's your chance.,מעולה. הנה ההזדמנות שלך.,
93,5,16,9,1,99,255,255,255,Why bother?  He's out for the count.,למה לטרוח? הוא יצא מכלל שימוש.,
93,5,78,0,1,99,255,255,255,You waste a spell.,בזבזת קסם.,
93,5,4,7,1,99,255,255,255,That's not a good idea.,זה לא רעיון טוב.,
93,5,4,10,1,99,255,255,255,You retrieve your daggers.,אתה אוסף מחדש את פגיונותיך.,
93,5,4,11,1,99,255,255,255,You've got all the loot you're going to find.,יש לך כבר את כל השלל שתצליח למצוא עליו.,
93,5,4,12,1,99,255,255,255,You quickly search the fallen Minotaur and find nothing.,אתה סורק במהירות את המינוטאור ההרוג ולא מוצא דבר.,
93,5,4,12,2,99,255,255,255,Wait a minute!,חכה דקה.,
93,5,4,12,3,99,255,255,255,The Minotaur's flail looks peculiar.  You pick it up and examine it closely.,למורג המינוטאורי מראה קצת משונה. אתה אוסף אותו ובוחן אותו מקרוב.,
93,5,4,12,4,99,255,255,255,Cleverly concealed in the flail are 50 silvers.,בחוכמה רבה הוצפנו במורג 50 מטבעות כסף.,
93,5,4,12,5,99,255,255,255,"""A just reward for defeating such a valiant fighter,"" you tell yourself as you pocket the silvers.","""תגמול הולם על הבסתו של  לוחם עז נפש שכזה,"" אתה אומר לעצמך בעודך תוחב את הכסף עמוק לכיסך.",
93,5,4,13,1,99,255,255,255,"As you attempt the search, the sleeping Minotaur awakes, and...","בעודך עורך את החיפוש, המינוטאור הישן מקיץ משנתו, ו...",
93,5,81,0,1,99,255,255,255,You'll have to give yourself room.,תצטרך לפנות לעצמך מקום.,
93,5,1,0,1,99,255,255,255,"It's a Minotaur, half man, half bull.","זהו מינוטאור, חציו אדם, וחציו שור.",
93,5,1,14,1,99,255,255,255,"If you've seen one, you've seen them all.","אם ראית אחד, ראית את כולם.",
93,5,1,15,1,99,255,255,255,Good ears but very poor peripheral vision.,"שמיעה טובה, אבל ראייה היקפית לקויה.",
93,5,51,0,1,99,255,255,255,"Before you can complete your spell, the Minotaur's upon you!  ","בטרם היה סיפק בידך להשלים את הקסם, המינוטאור רוכן עליך!",
93,5,12,8,1,99,255,255,255,O.K.  Here's your chance.,טוב. עכשיו ההזדמנות שלך.,
93,5,12,9,1,99,255,255,255,Why bother?  He's out for the count.,למה לטרוח? הוא יצא מכלל שימוש.,
93,6,4,0,1,99,255,255,255,You don't have enough experience to climb the wall.,אין לך את הנסיון הדרוש לטיפוס על קירות.,
93,6,1,0,1,99,255,255,255,It's a loose pile of rocks and debris.,ערימה רופפת של סלעים והריסות.,
93,7,4,0,1,99,255,255,255,There is no good climbing place on the rock cliff to the east.,אינך מוצא נקודת אחיזה טובה לטיפוס על צוק האבן המערבי.,
93,7,1,0,1,99,255,255,255,The cliff seems very hard to climb.,הצוק נראה קשה מאוד לטיפוס.,
93,8,1,0,1,99,255,255,255,"You can see marks in the ground, leading towards the bush.","אתה רואה סימנים על האדמה, מובילים לכיוון השיח.",
93,9,4,0,1,99,255,255,255,You're in far too dangerous a place to sit down.,זהו מקום מסוכן מדי להתרווח בו בישיבה מזרחית.,
93,9,1,0,1,99,255,255,255,It's just an old-time rock (won't roll).,זו סתם אבן מהדור הישן (מאובנת כולה).,
93,10,4,0,1,99,255,255,255,You can't climb the rock.,אינך יכול לטפס על הסלע.,
93,10,1,0,1,99,255,255,255,The rocks look to be good hiding places.,הסלעים נראים כמו מקום מסתור מצויין.,
93,11,1,0,1,99,255,255,255,"This seems like a good place to climb, but you aren't skillful enough to manage it.","זה נראה כמו מקום טיפוס נהדר, אך אינך מספיק מיומן בכדי לנהל את זה.",
93,12,4,0,1,99,255,255,255,You're going to have to get a lot better at climbing to get into the fortress.,תצטרך להיות טפסן הרבה יותר מקצועי על מנת לחדור למצודה.,
93,12,1,0,1,99,255,255,255,Brigands' fortress.,מצודת השודדים.,
93,13,0,16,1,99,255,255,255,You find a good purchase on the rocks to climb.,אתה מוצא נקודת אחיזה טובה לטיפוס על פני החומה.,
93,13,0,17,1,99,255,255,255,The dirt is too loose for climbing here.,העפר רך ותחוח מדי מכדי לטפס עליו.,
93,13,0,18,1,99,255,255,255,"""Grumble Grumble Grumble.  Stupid guard duty, third time this week.  Why always me?  Grumble Grumble Grumble."" ","""רטון רטון רטון. תורנות שמירה מטופשת, פעם שלישית השבוע. למה תמיד הכול נופל עלי? רטון רטון רטון.""",
93,13,0,19,1,99,255,255,255,"""Well, I'll huff, and I'll puff, and I'll smash the gate down,"" you decide. ","""ובכן, אני אנשוף, אתן אגרוף, ואת השער אהדוף,"" אתה מחליט.",
93,13,0,20,1,99,255,255,255,"""Boy that feels good.""","""תשמע, זה מרגיש פשוט נהדר.""",
93,13,0,21,1,99,255,255,255,"""I'M BAAD!""","""אני רעעע!""",
93,13,0,22,1,99,255,255,255,"""I've been out here too long.  My imagination is taking over.""","""אני בחוץ יותר מדי זמן. הדמיון שלי מתחיל להתפרע.""",
93,13,0,23,1,99,255,255,255,"""What was that noise?""","""מה זה היה הרעש הזה?""",
93,13,0,24,1,99,255,255,255,"""Must be those Brigands playing games.""","""בטח השודדים משחקים להם שם.""",
93,13,0,25,1,99,255,255,255,"""I guess I'm just getting jumpy.""","""אני מרגיש שאני על סף התמוטטות עצבים.""",
93,13,0,26,1,99,255,255,255,"""Is anyone there?""","""מישהו שם?""",
93,13,0,27,1,99,255,255,255,"""This place is spooky.""","""המקום הזה מפחיד.""",
93,13,0,28,1,99,255,255,255,"Before you can escape, the Minotaur is upon you!","עוד לפני שאתה מספיק לברוח, המינוטאור כבר רכון עליך!",
93,13,0,29,1,99,255,255,255,You hear a snick as the hasp on the gate is opened.,אתה שומע קול חריקה כשבריח השער מחליק לצידו.,
93,13,0,30,1,99,255,255,255,"'DING DING DING DING....' 
""Well, maybe the brigands aren't such inhospitable creatures after all.""","""דינג דינג דינג דינג...."" מי יודע, אולי השודדים אינם יצורים כל כך עויינים אחרי הכל.",
93,13,0,31,1,99,255,255,255,"Then again, maybe they are.","מצד שני, אולי כן.",
93,13,80,0,1,99,255,255,255,You waste a spell.,בזבזת קסם.,
93,13,16,0,1,99,255,255,255,You'll have to give yourself room.,תצטרך לפנות לעצמך מקום.,
93,13,78,0,1,99,255,255,255,You waste a spell.,בזבזת קסם.,
93,13,50,0,1,99,255,255,255,There is no magical aura present.,הילה קסומה אינה נוכחת.,
93,13,81,0,1,99,255,255,255,You'll have to give yourself room.,תצטרך לפנות לעצמך מקום.,
93,13,1,0,1,99,255,255,255,Sheer cliff walls form a narrow box canyon where the brigands have built a fortress.  There is a pile of debris where the steep cliff walls meet the fortress.,חומות המצוק התלולים יוצרים ערוץ קניון צר בו בנו השודדים את מצודתם. מפולות של הריסות מכסות את המקום בו פוגשים המצוקים את המצודה.,
93,13,1,0,2,99,255,255,255,You see a large Minotaur patrolling the canyon.,אתה רואה מינוטאור ענק מפטרל בערוץ.,"כשאומרים בעברית קניון מתכוונים לרוב למרכז קניות, שווה כאן להחליף מילה"
93,13,1,32,1,99,255,255,255,"To the Minotaur, you look like a nice meal.","למינוטאור, אתה נראה כמו ארוחה טעימה.",
93,13,51,0,1,99,255,90,0,You waste a spell.,בזבזת קסם.,
94,1,1,0,1,99,0,0,82,His aim in life is to make shish kebab.  I hope you're not skewered.,השאיפה שלו בחיים היא למנגל שישליק קבב. אני מקווה שאתה לא השיפוד.,
94,2,1,0,1,99,166,166,166,Life as an archer is not dull or pointless.,החיים בצל חץ וקשת הינם לחוצים וקשים.,
94,3,1,0,1,99,166,166,166,He has an arrow with your name on it.,יש לו חץ עם השם שלך חרוט עליו.,
94,4,1,0,1,99,0,45,101,He has an IQ so low he can't spell IQ.,יש לו איי קיו כל כך נמוך שהוא אפילו לא יודע לאיית איי קיו.,
94,5,17,0,1,99,101,20,0,"You grin sheepishly; the door has no lock, and swings open at your touch.  ","אתה מחייך במבוכה; לדלת אין מנעול, והיא נפתחת בקלילות למגע ידך.","הוספתי ""היא"""
94,5,1,0,1,99,0,13,101,"If that ISN'T the safe way out of here, you are probably going to become an ex-hero.  ","אם זו איננה דרך המילוט מכאן, כנראה שבקרוב תהפוך לגיבור לשעבר.",
94,6,1,0,1,99,101,20,0,"It looks like a plain, simple, harmless box to you. ","היא נראית לך כמו תיבה רגילה, פשוטה, ובלתי מזיקה.",
94,7,4,0,1,99,0,0,0,Your life is in grave danger and you want to play with toys?  What kind of hero are you?.,חייך בסכנה עצומה ואתה משחק לי בצעצועים? איזה מין גיבור אתה?,
94,7,1,0,1,99,166,166,166,Your life is in grave danger and you want to play with toys?<CRLF>What kind of hero are you?,"חייך בסכנה עצומה ואתה משחק לי עם צעצועים?
איזה מין גיבור אתה?",
94,8,1,0,1,99,112,196,112,The chasm is too wide to jump and too deep to climb.  There seem to be a number of porcupines at the bottom.,התהום רחבה מדי מכדי לקפוץ מעליה ועמוקה מכדי לרדת לתוכה. מספר דורבנים נצפים בקרקעיתה.,
94,9,1,0,1,99,112,2,0,Empty wine barrels.  The winters here are very cold.,חביות יין ריקות. החורף כאן קשה מנשוא.,
94,10,1,0,1,99,96,166,166,Fortification for archers to stand behind.,אלו ביצורים שמאחוריהם מסתתרים הקשתים.,
94,11,1,0,1,99,166,65,76,Fortification for archers to stand behind.,אלו ביצורים שמאחוריהם מסתתרים הקשתים.,
94,12,4,0,1,99,112,191,112,They're too heavy to carry.,הם כבדים מדי.,
94,12,1,0,1,99,166,133,96,Sacks of grain.  Stored for the winter.,שקי תבואה. נאגרו לקראת החורף.,
94,13,1,1,1,99,166,166,166,You can't see through the windows from here.,אינך מצליח לראות מכאן דבר מבעד לחלונות.,
94,13,1,2,1,99,20,0,133,You see a group of brigands playing cards.  One looks back at you in surprise and starts yelling.,אתה רואה קבוצת שודדים משחקים בקלפים. אחד מהם נועץ בך מבט מופתע ומתחיל לצרוח.,
94,13,1,3,1,99,166,166,166,All that can be seen through the window are vague shapes and outlines.,כל מה שאתה רואה דרך החלון זה צורות מטושטשות וקווי מתאר.,
94,14,16,0,1,99,166,166,166,"Hey!  Even the most rudimentary hero knows that the way to deal with a tripwire is to step over it, not cut it.  Now that you now it's there, you'll avoid it. ","היי! כל גיבור מתחיל בגן ילדים יודע שהדרך הנכונה לטפל בתיל ממעיד היא לפסוע מעליו, לא לחתוך אותו. עכשיו שאתה יודע שהוא שם, תיזהר ממנו.",
94,14,4,0,1,99,96,46,112,"You feel a trip wire.  Why, those sneaky brigands!  Now that you know it's there, you can easily step over it.",אתה מרגיש תיל ממעיד. שיהיו בריאים השודדים הערמומיים האלה! עכשיו שאתה יודע שזה שם תוכל לפסוע מעליו בצעד קליל.,
94,14,1,0,1,99,0,25,100,"There is a dark rope stretched tautly across the path.  Now that you know it's there, you can easily avoid it by stepping over it.  ","חבל כהה נמתח במהודק לרוחב השביל. עכשיו שאתה יודע שהוא שם, תוכל לחמוק ממנו בקלות ולפסוע מעליו.",
94,15,0,4,1,99,166,166,166,You hear a snick as the hasp on the Jack in the Box is released.,אתה שומע קליק כשהוו התופס את הג'ק בקופסה משתחרר.,
94,15,80,0,1,99,0,127,96,That was a useless gesture.,זו היתה מחווה חסרת תועלת.,
94,15,80,1,1,99,0,0,0,None of the brigands notices your Calm spell.  There is too much negative thought energy here.,אף אחד מהשודדים לא הרגיש בלחש ההרגעה שלך. יש כאן יותר מדי אנרגיות שליליות.,
94,15,50,0,1,99,166,166,166,No spells are active here.,לא קיימים כאן קסמים פעילים.,
94,15,1,0,1,99,167,11,20,This is not what you expected the brigands' fortress to look like in your imagination.  The barracks with the open half-doors to the east and west are fairly normal looking.,לא ככה דמיינת את מצודת השודדים. הבסיס הצבאי בעל הדלתות הפתוחות למחצה לדרום ולמערב נראה תמים לחלוטין ולא מזיק.,
94,15,1,0,2,99,100,2,0,"The carpet lying near the gate, however, is a bit odd. The small chasm in the middle of this yard with the bridge across it seems strange, too.  There are two blockades near the gate and some barriers near the north. ","השטיח הפרוש ליד השער, עם זאת, נראה טיפה מוזר. התהום הקטנה הנפערת במרכז החצר עם הגשר מעליה גם היא מחשידה מעט. שני מחסומים מוצבים סמוך לשער וכמה מכשולים בעבר הצפוני.",
94,15,51,0,1,99,96,166,166,That was a useless spell.,זה היה לחש מיותר לחלוטין.,
94,16,4,0,1,99,166,197,19,The rugs are too big to put into your backpack and too heavy to carry around.  You do notice a pit trap under the spread-out carpet.,המרבד גדול מדי מכדי להידחס לתרמילך וכבד מדי מכדי להיטלטל איתו לכל מקום. אתה כן שם לב לבור מלכודת חפור תחת השטיח הפרוש.,
94,16,1,0,1,99,112,217,112,"The carpets look rather new, perhaps recently stolen from the merchant in town.  There is a sign on the red carpet which reads, ""Step Here"".  It's written in a shaky hand, as if the author was laughing at the time he wrote it. ","השטיחים נראים די חדשים, כנראה שנגנבו לאחרונה מסוחר בעיירה. על השטיח האדום נכתב באותיות קידוש לבנה, ""דרוך כאן"". הוא נרשם בכתב רועד, כאילו הסופר התגלגל מצחוק בלתי נשלט כששירבט אותם.",
94,17,1,0,1,99,100,141,96,"Sturdy looking bridge with two support poles across the chasm.  A message (written in a clear, firm hand) reading ""Cross Here"" is on this bridge. ","גשר יציב למראה עם שני עמודי תמיכה חוצה את התהום. הודעה (כתובה בכתב יד תקיף והחלטי) ""חצה כאן"" רשומה על הגשר.",
94,18,1,0,1,99,166,166,166,There is a single pole supporting this sturdy looking bridge across the chasm.,עמוד בודד אחד תומך בגשר היציב למראה החולף על פני התהום.,
95,1,1,0,1,99,20,0,186,The back door.,הדלת האחורית.,
95,2,1,0,1,99,166,166,166,They remind you of a bunch of Knochelkopfs.,הם מזכירים לך כנופיה של קנוכלקופפים.,
95,4,1,0,1,99,166,166,166,There is a chandelier with a rope attached.,נברשת שאליה מחובר חבל.,
95,5,4,0,1,99,119,0,0,The door is already blocked.,הדלת כבר חסומה.,
95,6,4,0,1,99,0,244,119,No time for that again (although it WAS fun).  Just get the heck outta here.,אין זמן לזה שוב (למרות שזה היה כיף). פשוט תעוף מפה כבר לכל הרוחות.,
95,6,4,1,1,99,166,166,166,The chandelier is out of your reach.,הנברשת רחוקה מהישג ידך.,
95,6,1,0,1,99,0,0,0,"Chandelier, used to hold up the rope. ","נברשת, משמשת להחזקת החבל.",
95,7,1,0,1,99,0,0,0,He's been drinking Troll's sweat all night.,הוא שתה זיעת טרול כל הלילה.,
95,8,4,0,1,99,166,166,166,The front door is already barred.,הדלת הקדמית כבר מוברחת.,
95,9,1,0,1,99,65,83,84,The floor is strewn with flotsam and jetsam.,הרצפה זרועה בפסולת ואשפה.,
95,10,0,2,1,99,0,2,0,You close and bar the door.,אתה סוגר את הדלת ונועל אותה.,
95,10,0,3,1,99,119,166,166,"Oh, a wise guy, eh.","""חכם בלילה, אה?""",
95,10,0,4,1,99,166,53,167,There's no need to knock this guy out; the Troll's Sweat he's been drinking has already done the job for you.,אין צורך להכניס את הבחור לתרדמת; זיעת הטרול שהוא שתה כבר עשתה בשבילך את העבודה.,
95,10,0,5,1,99,194,119,0,You move the chair in front of the door.,אתה מניח את הכיסא מול הדלת.,
95,10,1,0,1,99,166,194,119,"Wooden tables, benches, and chairs fill the space of this brigand meeting area.  A chandelier lights the room and an unlit candelabra stands in the corner.  A rope hangs from the chandelier.","שולחנות עץ, ספסלים, וכיסאות את מתחם הבילוי של חבורת השודדים. נברשת מאירה את החדר באור יקרות ומנורת קנים כבויה ניצבת בפינת החדר. חבל משתלשל מהנברשת.",
95,10,51,0,1,99,166,166,166,None of the doors are locked.,אף לא אחת מהדלתות נעולה.,
95,11,4,0,1,99,0,0,0,Leave the rope alone for now.  It's serving a very important function by holding up the chandelier.,הנח לחבל לעת עתה. הוא עושה את תפקידו נאמנה ומחזיק את הנברשת.,
95,11,1,0,1,99,119,149,119,The rope holds up the chandelier.  It's used to lower the chandelier so that it can be lit.,החבל מחזיק את הנברשת. באמצעותו מנמיכים את הנברשת על מנת להדליק את נרותיה.,
95,12,1,0,1,99,166,166,166,"Most of the tables are grimy with dried beer and such.  The head table, though, is clean. ","מרבית השולחנות דביקים מבירה יבשה וכדומה. השולחן המרכזי, לעומת זאת, נקי לחלוטין.",
95,3,4,0,1,99,0,0,0,You begin toppling the candelabra.,אתה מתחיל להפיל את מנורת הקנים.,
95,3,4,1,1,99,0,166,166,The candelabra has already fallen.,מנורת הקנים כבר נפלה מזמן.,
95,3,1,0,1,99,166,166,166,Sturdy-looking device for holding candles.,מעמד נרות חסון ויציב.,
96,1,4,0,1,99,127,205,127,You can't get that from where you're standing.,אינך יכול לעשות זאת מהמקום שבו אתה עומד.,
96,1,1,0,1,99,127,205,127,"In the ""upstairs"" doorway, there is a chain with a handle attached.","בדלת ""הקומה העליונה"", ישנה שרשרת עם ידית מחוברים להם יחדיו.",
96,2,4,1,1,99,127,187,127,You're not close enough,אתה לא מספיק קרוב.,
96,2,4,1,2,99,127,32,127,Get closer.,התקרב.,"אולי ""התקרב"" כאן ובהמשך"
96,3,1,0,1,30,127,32,127,Have a nice day!,"""שיהיה יום מקסים!""",
96,4,4,1,1,99,127,32,127,Get closer.,התקרב.,
96,4,1,0,1,99,127,32,127,It's a box of some sort...or so the sign says.  There is a button next to the box.,זו תיבה עם סוג מסויים של... או כך לפחות כתוב על התווית. על התיבה יש כפתור.,
96,5,4,0,1,99,127,32,127,You'll have to get closer.,תיאלץ להתקרב יותר.,
96,6,4,1,1,99,127,32,127,"It looks a button, but you'll have to be closer to push it. ","זה נראה אכן כפתור, אך תצטרך לעמוד קרוב יותר כדי ללחוץ עליו.",
96,6,1,0,1,99,127,32,127,"Engraved on the button are the words: ""PUSH ME"".","על הכפתור חרוטים המילים: ""לחץ עלי"".",
96,7,0,2,1,99,127,32,127,Oops!  You thought this door led SOMEWHERE!,"""אופס! חשבת שהדלת הזו מובילה לאנשהו!""",
96,7,0,3,1,99,127,32,127,What a miserable experience!,"""איזו חוויה מזעזעת!""",
96,7,0,4,1,99,127,186,127,You dare not unbar the door.  You hear hordes of brigands massing beyond it.,אינך מעז לפתוח את הדלת. אתה שומע המוני שודדים מתקהלים סביבה.,
96,7,0,5,1,99,127,109,127,You can't do that.,אינך יכול לעשות זאת.,
96,7,0,6,1,30,127,32,127,"""Elsa is right next door.  I'll go set up the secret exit for your escape.""","""אלסה מוחזקת בחדר הסמוך. אלך להכין את היציאה הסודית שתאפשר את בריחתך.""",
96,7,0,7,1,99,127,32,127,You bar the door behind you.,אתה חוסם את הדלת מאחוריך.,
96,7,0,8,1,99,127,32,127,You behold a most fascinating place.,אתה מביט במקום נפלא מאין כמוהו.,
96,7,0,8,2,99,127,32,127,"The person labeled ""ME"" speaks: ","האדם המתוייג ""אני"" מדבר:",
96,7,0,8,3,30,127,32,127,"""Abandon mope, all ye who enter here!""","""מן העצב חדלו, אתם אשר באים בשעריי!""",
96,7,0,8,4,30,127,32,127,"""Job hunting, or just sight-seeing?""","""מחפש עבודה, או סתם נהנה מהנוף?""",
96,7,0,8,5,30,127,32,127,"""I foresee a brilliant future for you in the fall.""","""אני חוזה לך עתיד מזהיר בסתיו.""",
96,7,0,8,6,30,127,32,127,"""If you've got something to say, then speak fast or forever hold your pieces.""","""אם דבר מה בפיך, מהר לאומרו ולא, לנצח תנצור את לשונך.""",
96,7,0,8,7,30,127,32,127,"""State your case before I case your estate!""","""שטח את ענייניך בטרם אתעניין בהשטחתך!""",
96,7,0,9,1,99,31,32,31,It would serve no purpose.,זה לא ישרת את המטרה.,
96,7,0,10,1,99,31,32,31,You feel disoriented.,איבדת לגמרי את חוש ההתמצאות.,
96,7,0,10,2,99,31,32,31,How does he DO this?,איך הוא עושה את זה?,
96,7,0,10,3,99,31,32,31,There's an ECHO IN HERE...Echo In Here...echo in here...,יש  פ ה  ה ד... פ ה הד... פה הד...,
96,7,0,10,4,99,31,32,31,M. C. Escher would LOVE this place.,מ. ק. אשר היה מת על המקום הזה.,
96,7,0,10,5,99,31,222,114,"OK, enough fooling around!","יאללה, מספיק עם השטויות!",
96,7,0,10,6,99,112,32,43,This is getting old!,זה מתחיל להימאס!,
96,7,0,10,7,99,43,110,43,A person COULD get used to this.,בסוף עוד אתרגל לזה.,
96,7,81,1,1,99,112,32,127,Your magic has no effect.  It must be something about this room.,לקסם שלך אין כל השפעה. כנראה משהו שקשור לחדר הזה.,
96,7,81,11,1,99,127,32,127,"""ME"" sees you preparing your spell and... ","""אני"" רואה אותך מכין את הלחש ו...",
96,7,17,12,1,99,127,32,127,Nothing is locked.,שום דבר אינו נעול.,
96,7,1,13,1,99,127,32,127,There is a deep pit with a walkway winding above it.,בור עמוק עם משעול מתפתל מעליו.,
96,7,1,14,1,99,127,32,127,There appear to be stairs leading up (?) to nowhere.  There is also what looks like a bowl full of fireflies.,עושה רושם כי המדרגות מובילות (?) לשום מקום. יש גם משהו שנראה כמו קערה מלאה בגחליליות.,
96,7,1,15,1,99,127,32,127,Wow!,וואו!,
96,7,52,0,1,99,127,32,127,"With the Brigands pounding at the door, you decide not to rest until you're safe.","עם השודדים שהולמים בדלת, אתה מחליט לא לנוח עד שהעניינים ירגעו.",
96,8,1,0,1,99,127,32,127,"Stairs lead up to the platform on which ""ME"" is located.","מדרגות מובילות למעלה אל משטח שעליו שוכן ""אני"".",
96,9,0,1,1,30,112,223,112,Why would you want to do that?,למה שתרצה לזרוק את זה?,
96,9,0,16,1,30,112,223,112,"""No more talking, my friend.  Let's have fun!""","""חדל דיבורים, ידידי. הבה נשתעשע!""",
96,9,0,17,1,30,127,32,127,You're too busy!,אתה מדי עסוק.,
96,9,0,18,1,30,112,70,126,It looks like the talking is over.,"""נראה שהשיחה הסתיימה.""",
96,9,5,19,1,30,112,32,127,"""Would he be surprised to see his little girl now!""","""כמה שהוא יהיה מופתע לראות את בתו הקטנה!""",
96,9,5,20,1,30,127,32,127,"""Everybody needs to know a few magic tricks to get by these days.  You'd be surprised how effective Sleeping Powder is for taking out the guards of a caravan.""","כדי לשרוד בימינו, על כל אחד לדעת כמה להטוטי קסמים. אתה תהיה מופתע עד כמה יעילה אבקת ההרדמה בניטרולם של שומרי הקראוון.""",
96,9,5,21,1,30,127,32,127,"""You know about the enchantment?  Then perhaps you have come to help.  Perhaps you are able to take the child from the band.""","""שמעת על הכישוף? אז אולי נחלצת לעזרה. שמא תשכיל לשחרר את הילדה מידי הכנופיה.""",
96,9,5,21,2,30,127,32,127,"""Elsa doesn't know who she really is.  That's part of the enchantment.""","""אלסה איננה יודעת מי היא. זה חלק מהקללה.""",
96,9,5,21,3,30,127,32,127,"""When Elsa was left with some brigands ten years ago, all her memories were taken away from her.""","""כשאלסה נעזבה בידי שודדיה לפני עשר שנים, כל זכרונותיה נלקחו מאיתה.""",
96,9,5,21,4,30,127,32,127,"""I borrowed a Magic Mirror from a friend to try to break the spell, but it only works when spells are cast directly at you.""","""השאלתי מראת קסמים מחבר על מנת לנסות לשבור את הכישוף, אך היא עובדת רק כשהכישוף מוטל ישירות עליך.""",
96,9,5,21,5,30,127,32,127,"""If you're going to be the big Hero, I hope you brought a Dispel Potion or something.""","""אם יש בכוונתך להיות גיבור גדול, כולי תקווה כי הצטיידת בשיקוי הפגה או משהו כזה.""",
96,9,5,22,1,30,127,32,127,"""You know about the enchantment?  Then perhaps you have come to help.  Perhaps you are able to take the child from the band.""","""שמעת על הכישוף? אז אולי נחלצת לעזרה. שמא תשכיל לשחרר את הילדה מידי הכנופיה.""",
96,9,5,22,2,30,127,186,127,"""The true Dispel Potion will break an enchantment.  You must splash the potion on Elsa as soon as you can, or she'll skewer you for sure.  She's more than a match for old ""Swordy Lordy"" now!""","""שיקוי הפגה אמיתי יפוגג את הכישוף. עליך להתיז מהשיקוי על אלסה וככל שתקדים כן ייטב, אחרת היא תשפד אותך בוודאות. היא יריבה שקולה ל'אדון כידון'!""",
96,9,5,23,1,30,62,49,62,"""You know Elsa?  Then perhaps you have come to help.  Perhaps you are able to take the child from the band.""","""אתה מכיר את אלסה? אז אולי נחלצת לעזרה. שמא תשכיל לשחרר את הילדה מידי הכנופיה.""",
96,9,5,23,2,99,62,32,62,"After you have explained what you know about Elsa, Yorick speaks:","לאחר שאתה מפרט את כל הידוע לך אודות אלסה, יוריק אומר:",
96,9,5,23,3,30,62,32,62,"""It's about time that someone else helped Elsa before it's too late! Toro and I are the only friends she's got here.""","""הגיעה העת שמישהו יעזור לאלסה בטרם יהיה מאוחר מדי! אני וטורו החברים היחידים שיש לה פה.""",
96,9,5,23,4,30,49,32,48,"""She's a lot like her dad, though.  She organized these brigands and changed them from mere thugs to major raiders!"" ","""היא דומה מאוד לאביה, הילדה. היא מיסדה את השודדים והפכה אותם מעברייני צעצוע לאנשי קומנדו מובחרים!""",
96,9,5,23,5,30,48,83,48,"""She plans to move the entire band away from the valley as soon as the snow clears.  If that happens, I know she will never be disenchanted.""","""היא מתכננת לעקור מהעמק עם כלל החבורה ברגע שהשלגים יפשירו. אם זה יקרה, אני יודע כי היא לעולם לא תתפכח עוד.""",
96,9,5,24,1,30,48,32,48,"""There are plenty of doors.  You wouldn't want me to spoil your fun, now!""","""ישנן דלתות רבות. לא היית רוצה שאהרוס לך את ההנאה!""",
96,9,5,24,2,30,48,32,127,"""Either you'll figure it out in the end, or you'll end it before you're out.""","""או שבסוף תבין, או שתבין שאתה בסוף.""",
96,9,5,25,1,30,32,110,32,"""This fort is the brigand's palace.  It has been well-constructed.""","""המצודה היא ארמון השודדים. היא בנויה לתפארת.""",
96,9,5,26,1,30,32,32,32,"""For thirty years I was the Court Jester.  Now I jest enjoy watching other people take the pratfalls.""","""במשך שלושים שנה הייתי ליצן החצר. כעת אני נהנה לצפות באנשים אחרים שעושים מעצמם צחוק.""",
96,9,5,27,1,30,127,186,127,"""I'll protect the Brigand Leader with everything I've got.  That's no laughing matter as I get madder.""","""אגן על מנהיג השודדים בכל הכלים שברשותי. כשאני מתעצבן זה לא נושא לבדיחה.""",
96,9,5,28,1,30,48,48,48,"""This room is my way of keeping the brigands from bothering the Leader about raises, since it tends to raze the brigands.""","""החדר הזה הוא הדרך שלי למנוע מהשודדים להטריד את המנהיג בנוגע להעלאות שכר, שכן הדבר עלול להמיט חורבן על השודדים.""",
96,9,5,28,2,30,48,32,48,"""I designed it myself!  This place has people rolling in the aisles.""","""אני עיצבתי אותו בעצמי! המקום הזה גורם לאנשים להתגלגל מצחוק.""",
96,9,5,29,1,30,48,32,48,"""Can't you see that I am he?  I try to inspire (before they expire) a sense of awe and majesty in those that enter here.""","""אתה לא רואה שאני זה הוא? אני מנסה להפיח בהם (לפני שתוקפם יסתיים) תחושה של יראת כבוד ורוממות באלה אשר נכנסים בשערי המקום.""",
96,9,5,29,2,30,48,49,48,"""After all, I am the Brigand Warlock.  One has to keep up one's appearances, or appear to keep up with one's peers.""","""אחרי הכל, אני הוא מכשף השודדים. מישהו חייב להמשיך להעמיד פנים, או שלא יהיו לו עוד פנים.""",
96,9,5,30,1,30,48,83,48,"""Toro is the minotaur that guards this fortress.  Elsa found him when he was just a calf, and he's kowtowed to her ever since.""","""טורו הוא המינוטאור ששומר על המבצר. אלסה מצאה אותו כשהיה אך עגל קטן, ומאז הוא הולך אחריה באש ובמים.""",
96,9,5,30,2,30,48,32,48,"He guarantees that the brigands won't give Elsa any bull.""","""הוא אחראי שהשודדים לא ילחכו את אלסה כמו שוורים.""",
96,9,5,31,1,30,127,32,112,"""Ah yes, the ""Mirror with the Leer"", as Erasmus calls it (or was it Fenrus?).  It reflects a spell back on the caster of the spell.""","""אה כן, 'המראה עם הפזילה', כך קורא לה ארסמוס (או שהיה זה פנרוס?). היא משקפת קללות בחזרה אל מטיליהם.""",
96,9,5,31,2,30,112,223,112,"""Now where did I put that mirror...<CRLF>Was it on the desk in Elsa's office<CRLF>or else in the office on Elsa's desk?"" ","""עכשיו איפה שמתי את המראה הזאת...
היא היתה על השולחן במשרד של אלסה,
או במשרד על השולחן של אלסה?""",
96,9,5,32,1,30,112,223,112,"""You snooze, you lose.  And my banana trick has appeal of its own.""","""מצמצת, הפסדת. ולטריק הבננה שלי יש חיים משל עצמם.""",
96,9,5,33,1,30,127,32,127,"""You must know the ""Blade Braggart"".  He used to show off in the castle courtyard all the time.""","""אתה בטח מכיר את 'שחצן המחץ'. הוא נוהג בקביעות לערוך הופעות בחצר הטירה.""",
96,9,5,33,2,30,48,51,48,"""Elsa once asked if ""Rapier Ruler"" would teach her to use the sword, and the ""Sword Bore"" told her he would not waste his talent on females.""","""אלסה פעם שאלה אם ה'סייף סוף' יסכים ללמד אותה את רזי השימוש בחרב, ו'מחריב החרבות' ענה לה שהוא לא יבזבז את כישוריו על נקבות.""",
96,9,5,33,3,30,48,32,48,"""She came to me in tears.  After all, she was only nine at the time.""","""היא באה אלי כשהיא בוכה בדמעות שליש. אחרי הכל, היא היתה אז בסך הכול ילדה בת 9.""",
96,9,5,33,4,30,48,32,48,"""She can teach old ""Weapon Windbag"" a thing or two now!  Her arm is true, and she's truly disarming.""","""היום היא יכולה ללמד את 'מנשק הנשק' דבר או שנים! זרועותיה אמיצות, והיא כובשת אמיתית.""",
96,9,5,34,1,30,48,53,48,"""Talking is a speciality of those who know not what they talk about.""","""דיבור הוא המומחיות של אלו שאין להם מושג על מה הם מדברים.""",
96,9,5,11,1,30,48,32,48,"""You know me?  Then perhaps you have come to help.  Perhaps you are able to take the child from the band.""","""אתה מכיר אותי? אז אולי באת לעזור. שמא תצליח לחלץ את הילדה מידי שוביה.""",
96,9,5,11,2,30,48,32,48,"""Alas, poor Yorick!  I know me well.""","""אבוי, יוריק האומלל! אני מכיר את אני היטב.""",
96,9,5,11,3,30,127,32,127,"""Ten years ago, I swore I would find Elsa no matter what.  It took me two years to find her, here with the brigands, and I've posed as her warlock ever since.""","""לפני עשר שנים, נשבעתי כי אמצא את אלסה ויהי מה. לקח לי שנתיים למצוא אותה, כאן בקרב השודדים, ומאז אני מתחזה למכשף שלה.""",
96,9,5,11,4,30,127,32,127,"""I couldn't break the spell on her, nor could I leave her to grow up into an attractive woman surrounded by rogues and scoundrels.""","""לא יכולתי לשבור את הכישוף שעליה, וגם לא יכולתי להשאיר אותה לצמוח לנערה מושכת בין רשעים ובני בליעל.""",
96,9,5,11,5,30,127,32,127,"""Someone had to defend her honor!""","""מישהו היה מוכרח להגן על כבודה!""",
96,9,4,0,1,30,127,32,127,Take yourself there.,"""קח את עצמך לשם.""",
96,9,81,1,1,30,48,77,48,"""ME"" sees you preparing your spell and...","""אני"" רואה אותך מכין את הלחש ו...",
96,9,81,17,1,99,48,32,48,Now??,עכשיו??,
96,9,1,0,1,30,48,32,48,"""It's 'ME'."" ","""זה 'אני'.""",
96,9,2,19,1,30,48,46,48,Baron,ברון,
96,9,2,20,1,30,48,32,48,Caravan,קראוון,
96,9,2,21,1,30,48,32,48,Disenchantment,התפכחות,
96,9,2,22,1,30,127,32,127,Dispel,הפגה,
96,9,2,23,1,30,127,32,127,Elsa,אלסה,
96,9,2,1,1,30,127,32,127,"""Be more specific, my friend.""","""תהיה יותר ספציפי, ידידי.""",
96,9,2,24,1,30,127,32,48,Exit,יציאה,
96,9,2,25,1,30,48,77,48,Fortress,מצודה,
96,9,2,26,1,30,48,32,48,Jester,ליצן,
96,9,2,27,1,30,48,179,49,Leader,מנהיג,
96,9,2,35,1,30,48,46,48,"""If you have business to do, then get busy doing your business.""","""אם יש לך עיסוקים לעשות, כדאי שתתחיל לעסוק בהם.""",
96,9,2,28,1,30,48,32,48,Maze,מבוך,
96,9,2,29,1,30,48,32,48,Me,אני,
96,9,2,30,1,30,127,32,127,Minotaur,מינוטאור,
96,9,2,31,1,30,127,32,127,Mirror,מראה,
96,9,2,36,1,30,127,186,127,"""Can't you see that's nothing to me?  You'd better flee.""","""אינך רואה שבשבילי זה כאפס וכאין? כדאי שתסתלק לי מהעין.""",
96,9,2,36,2,30,48,49,48,"""The brigands will come to spoil your fun.  You'll be undone.""","""השודדים יגיעו להרוס לך את החגיגה. אתה תתפוגג בקול דממה דקה.""",
96,9,2,36,3,30,48,83,48,"""The brigands tend to hold a grudge, and they won't begrudge to tend to you.""","""השודדים נוטים לנטור טינה, ולא ירטנו אם יטעמו מתנוכך.""",
96,9,2,36,4,30,48,32,48,"""If you have any famous last statements, you'd better say the secret word, or you'll lament your last state.""","""אם יש לך משפט אחרון מפורסם, כדאי שתגיד את המילה הסודית, אחרת תהפוך לנשפט האחרון המפורסם.""",
96,9,2,37,1,30,49,32,48,Potion,שיקוי,
96,9,2,37,2,30,48,77,48,"""Of which potion do you speak?""","""על איזה שיקוי אתה מדבר?""",
96,9,2,32,1,30,48,32,48,Powder,אבקה,
96,9,2,33,1,30,48,32,127,Swordy Lordy,אדון כידון,
96,9,2,34,1,30,127,32,127,Warlock,מכשף,
96,9,2,11,1,30,127,32,127,Yorick,יוריק,
97,1,4,0,1,99,0,0,0,A quick but thorough search of the desk discloses two Healing Potions and a mirror.,חיפוש מהיר אך יסודי על השולחן מגלה שני שיקויי רפואה ומראה.,
97,1,4,1,1,99,0,0,0,You're not close enough,אתה לא מספיק קרוב.,
97,1,4,2,1,99,0,90,0,You find nothing more.,אינך מוצא שום דבר נוסף.,
97,1,4,3,1,99,0,0,0,You see a mirror.,אתה רואה מראה.,
97,1,4,4,1,99,0,0,0,You find two Healing Potions.,אתה מוצא שני שיקויי מרפא.,
97,1,1,0,1,99,0,0,0,You see a plain wooden desk.  On the desk are two potion bottles and a hand mirror.,אתה רואה שולחן עץ פשוט. על גבי השולחן מונחים שני בקבוקי שיקויים ומראת יד.,
97,2,4,0,1,99,0,0,0,That would be foolhardy.  You would let the brigands in.,זה יהיה נמהר מצידך. אתה תאפשר לשודדים להיכנס.,
97,3,1,0,1,99,0,0,0,"The chest full of gems is monogrammed with the name ""Abdulla Doo"".  He'll sure be happy to get it back. ","על התיבה הגדושה באבני החן רקומים המילים ""עבדאללה דו"". הוא יהיה מאושר לקבל אותה בחזרה.",
97,4,1,0,1,99,0,0,0,There are more diamonds there than in Tiffany's!,יש שם יותר יהלומים מבכתר מלכת אנגליה!,
97,5,1,0,1,99,0,0,0,A lot of townsfolk will be happy to get their stolen goods back.,רבים מתושבי העיירה ישמחו לקבל בחזרה את סחורותיהם הגנובות.,
97,6,25,0,1,99,0,0,0,You throw the Dispel Potion on the brigand leader.,אתה מתיז משיקוי ההפגה על מנהיג השודדים.,
97,6,4,2,1,99,0,0,0,"Good idea, but you don't have that potion.","רעיון מצויין, אבל אין לך את השיקוי הזה.",
97,6,1,0,1,99,0,0,0,"The brigand leader wears a sword, and it looks well used.","מנהיג השודדים נושא חרב, שנראה שנעשה בה שימוש רב.","מכאן והלאה - צריך לתרגם. אם אני זוכר נכון בהתחלה לא ידוע שהיא אישה, אז אולי צריך להתייחס אליה בלשון זכר"
97,6,1,5,1,99,0,0,0,Elsa looks much better in a dress.,אלסה נראית הרבה יותר טוב כשהיא לבושה בשמלה.,
97,6,1,5,2,99,0,0,0,"It depends on your taste, though, I suppose.","אם כי כל אחד והטעם שלו, כמובן.",
97,6,1,6,1,99,0,0,0,Everybody else is gone.,כל השאר נעלמו.,
97,6,2,0,1,99,0,0,0,The Brigand Leader stares at you coldly.  It seems he's not interested in chatter.,מנהיג השודדים נועץ בך מבט מצמית. נראה שאין לו כל עניין לפתוח בשיחה.,
97,6,2,6,1,27,0,0,0,"""We've no time to talk.  I'll meet you at the castle.""","""אין זמן לדבר. אפגוש אותך בטירה.""",
97,7,1,0,1,99,0,0,0,"That black bird looks strangely familiar.  You sense that its destiny is irrevocably entwined with yours, in a strange foreshadowing of the rest of the ""Quest for Glory"" series.","הציפור השחורה נראית לך מוכרת מאוד. אתה חש כי גורלה שזור בשלך בקשר בל ינתק, לאורך כל סדרת ""הרצון לעוצמה"".",
97,8,1,0,1,99,0,0,0,Oodles and boodles of ill-booten gotty.,ערימות על גבי ערימות של סחורות בלתי חוקיות.,
97,9,1,0,1,99,0,0,0,"Let's see, was it the ""dragon with the flagon"", or the ""flagon with the dragon""?","בוא נראה, זה היה ""הדרקון עם הקנקן"", או ""הקנקן עם הדרקון""?",
97,10,1,0,1,99,0,0,0,That gold ornament probably weighs so much it would crumple the hood of your car.,עיטור הזהב כל כך כבד שהוא יכול למעוך את מכסה המנוע של מכוניתך.,
97,11,1,0,1,99,0,0,0,It looks like King Midas's shield -- worth exactly its weight in gold.,נראה כמו המגן של המלך מידס - שווה את משקלו בזהב.,
97,12,0,1,1,99,0,0,0,You're not near the mirror.,אתה לא ליד המראה.,
97,12,0,2,1,99,0,0,0,You already have the mirror.,המראה כבר אצלך.,
97,12,4,0,1,99,0,0,0,You pick up the mirror and store it away.,אתה מרים את המראה וטומן אותה בין מטלטליך.,
97,12,1,0,1,99,0,0,0,"A strange face leers at you when you look into the mirror.  At least, you *hope* you don't look like that!","פרצוף מוזר פוזל אליך בשעה שאתה מביט במראה. לפחות, אתה *מקווה* שאתה לא נראה ככה!",
97,13,4,0,1,99,0,0,0,You place the two Healing Potions into your pack.,אתה מעמיס את שני שיקויי המרפא אל תוך תרמילך.,
97,13,4,2,1,99,0,0,0,You are not near the healing potions.,אתה לא עומד בסמוך לשיקויי המרפא.,
97,13,1,0,1,99,0,0,0,It's a healing potion.,זהו שיקוי מרפא.,
97,14,0,7,1,27,0,0,0,"""You can't imagine how good it feels to know who I am again.  After all these years, to remember my name is Elsa von Spielburg!""","""אינך מסוגל לדמיין עד כמה נפלאה ההרגשה לדעת מי אני באמת. אחרי כל השנים האלה, להיזכר ששמי הוא אלסה פון שפילבורג!""",
97,14,0,7,2,27,0,0,0,"""I used to wish I was not a brigand's child but actually an enchanted princess.  Now I know that I really was enchanted, and I don't have to be a brigand any more!""","""תמיד חלמתי שאינני ילדת שודדים אלא נסיכה מכושפת. כעת אני יודעת שבאמת כושפתי, ואינני צריכה עוד לשדוד מהיום והלאה!""",
97,14,0,7,3,27,0,0,0,"""Thank you so much for freeing me.""","""תודה רבה לך על ששחררת אותי.""",
97,14,0,7,4,27,0,0,0,"""I've got to hurry home to father and get his guards to capture the rest of the brigands before they manage to escape with the treasure. It must be returned to the rightful owners.""","""אמהר הביתה אל אבא ואצא בראש שומריו ללכוד את השודדים בטרם יספיקו לברוח עם אוצרותיהם. חובה להחזירם לבעליהם החוקיים.""",
97,14,0,7,5,27,0,0,0,"""Yorick!  Yorick!  I'm me again!""","""יוריק! יוריק! חזרתי לעצמי!""",
97,14,0,7,6,31,0,0,0,"""Sorry I took so long.  I got lost.""","""מצטערת שזה לקח כל כך הרבה זמן. איבדתי את צלילות דעתי.""",
97,14,0,7,7,31,0,0,0,"""Will your Dad be glad that your spell's been repelled!  We need to go before the brigands know or they'll spoil our show.""","""אביך יהיה כל כך מאושר שקללתך נהדפה לאחור! עלינו למהר בטרם ישמעו השודדים ויהפכו לאבל מחולנו.""",
97,14,0,7,8,31,0,0,0,"""C'mon!  We'd better make our getaway before they get in our way.""","""קדימה! כדאי שנימלט על נפשנו בטרם ינסו השודדים לחסום את דרכנו.""",
97,14,0,7,9,27,0,0,0,"""Yorick and I can return to the castle with the amulet I wear, but I'm afraid you'll have to get there on your own.""","""אני ויוריק יכולים לחזור לטירה בעזרת הקמע שאני עונדת, אך אתה, חוששני, תיאלץ להגיע לשם בכוחות עצמך.""",
97,14,0,7,10,27,0,0,0,"""There are two Healing Potions in my desk that you may take with you.""","""על שולחני מונחים שני שיקויי מרפא, תרגיש חופשי לקחת אותם.""",
97,14,0,7,11,27,0,0,0,"""You should use this secret passage and escape while they are arguing over the treasure.  If they find you in here, you'll be overwhelmed and killed.""","""מהר והימלט דרך המעבר הסודי בעוד הם מתווכחים על האוצרות. אם הם יגלו אותך פה, אתה תהומם ותומת.""",
97,14,0,7,12,27,0,0,0,"""Thank you again, and good luck!  I'll make sure you are richly rewarded for your bravery.""","""תודה לך שוב, ובהצלחה רבה! אני אדאג שתתוגמל בנדיבות על אומץ ליבך.""",
97,14,0,7,13,31,0,0,0,"""If you decide to counter the curser, then mind the mirror over mere minds.  So tip the canoe and toodleloo!  Elsa, if you do the honors, I'll honor your due.""","""אם החלטת לבלבל את המקלל, הפנה את המראה אל פני הרעה. אז שלום שלום ואל תבוא לי בחלום! אלסה, אם תנהגי בי כבוד, אדע עם מי לי הכבוד.""",
97,14,0,7,14,99,0,0,0,The brigands are trying to break into the room.,השודדים מנסים לפרוץ לחדר.,
97,14,0,7,15,99,0,0,0,Thinking about all that treasure cost you time and more.  Some folks just don't know when to leave.,הרדיפה האובססיבית אחרי האוצרות עולה לך בדם ויזע. יש אנשים שפשוט לא יודעים מתי לפרוש.,
97,14,0,8,1,31,0,0,0,"""Elsa, my dear.  There's a problem I fear.  To our dismay, that spell's here to stay, for alas you did slay your hero today.""","""אלסה, יקירתי, ישנה בעיה שמדאיגה אותי. לדאבון ליבנו, הקללה תישאר עמנו, כי שחטת למרבה הצער, את גיבורך יפה התואר.""",
97,14,0,9,1,99,0,0,0,You finally made it through Yorick's room.,סוף כל סוף הצלחת להגיע לחדרו של יוריק.,
97,14,0,9,2,99,0,0,0,"The brigand leader taunts you with his stillness.  You're sure that at the first wrong move, you'll become an ex-hero. ","מנהיג השודדים מקניט אותך בשתיקתו הרועמת. אתה משוכנע כי בצעד השגוי הראשון, תהפוך לגיבור לשעבר.",
97,14,0,9,3,99,0,0,0,Too late!,מאוחר מדי!,
97,14,50,0,1,99,0,0,0,There's so much magic in here that it's hard for you tell which is which.,יש כאן כל כך הרבה קסם שקשה לדעת מהו מה.,
97,14,25,0,1,99,0,0,0,"After hours of hard and dangerous labor collecting the components to make the dispel potion, in a moment of sudden genius, you throw the potion away.  It's a brilliant and unexpected strategem.","לאחר שעות של עבודה מאומצת ומסוכנת של איסוף מרכיבים לשיקוי ההפגה, ברגע של הארה פתאומית, אתה משליך את השיקוי ארצה. זוהי אסטרטגיה מבריקה ובלתי צפויה.",
97,14,25,0,2,99,0,0,0,"Unfortunately, it is also a very bad idea.  You no longer have the Dispel Potion.","למרבה היגון, זה גם היה רעיון ממש גרוע. אין לך יותר שיקוי הפגה.",
97,14,1,0,1,99,0,0,0,The Leader's room is filled with treasures.,חדר המנהיג מלא באוצרות.,
97,15,1,0,1,99,0,0,0,"This looks like a Persian carpet.  It has a license plate that says "" Abdulla Doo 222"".","זה נראה כמו שטיח פרסי. יש עליו לוחית רישוי עם הכיתוב ""עבדאללה דו 222.""",
97,16,1,0,1,99,0,0,0,"Sheesh!  Even the lamps have enough gold to be worth more than Jose Canseco's annual salary.  Well, maybe not quite *that* much. ","אלוהים! אפילו זהב העששיות לבד שווה יותר מכל המשכורת השנתית של ליונל מסי. טוב, אולי לא *כל כך* הרבה.",
97,17,1,0,1,99,0,0,0,What a funny guy!,איזה בחור משעשע!,
97,17,1,0,2,99,0,0,0,She's not here.,הוא לא כאן.,
98,1,1,0,1,99,103,105,99,The arrows point to various orifices.,החיצים מצביעים על פתחים שונים.,
98,2,1,0,1,99,32,101,102,It's another door!,יש כאן עוד דלת!,
98,3,1,0,1,99,73,116,32,It's an entrance...or is it an exit?,זאת כניסה... או יציאה?,
98,4,1,0,1,99,32,115,111,The attic exit?,יציאה מעליית הגג?,
98,5,1,0,1,99,32,97,98,It looks like a picture of an upside-down door painted on the wall.,זה נראה כמו תמונת דלת מצויירת על הקיר.,
98,5,4,0,1,99,115,32,114,You're not close enough,אתה לא מספיק קרוב.,
98,6,1,0,1,99,109,105,114,A pet door?  It's shorter than you are.,דלת לחיית מחמד? זה יותר נמוך ממך.,
98,7,1,0,1,99,0,0,0,It's a chain of events.,זו השתלשלות אירועים.,
98,8,1,0,1,99,110,32,67,"Engraved on the button are the words: ""PUSH ME"".","על הכפתור חרוטות המילים: ""לחץ עלי"".",
98,9,1,0,1,99,116,32,117,It reminds you of a tie you once received as a present on All-Fools Day.,זה מזכיר לך עניבה שקיבלת פעם כמתנה לרגל יום כל השוטים.,
98,10,1,0,1,99,116,104,105,"It IS!  It's a bowl of fireflies, used as a light source.  What won't they think of next?","לא ייאמן! זו קערת גחליליות, המשמשת כמקור אור. מה עוד הם ימציאו לנו?",
98,11,1,0,1,99,116,104,97,What an interestingly hinged trap door.  What do you suppose would happen if you stepped on it?,איזו דלת סתרים תלויה מעניינת. מה אתה חושב שיקרה אם תדרוך עליה?,
990,5,0,0,1,98,0,20,0,Cancel,ביטול,
990,1,0,0,1,98,0,3,0,New save-game directory:,תיקיית שמירות חדשה:,
990,2,0,0,1,98,32,0,0,%s<CRLF>is not a valid directory.,"%s
אינה ספריה חוקית.",
990,3,0,0,1,98,97,20,0,You must type a description for the game.,עליכם להקליד תיאור למשחק.,
990,4,0,0,1,98,222,3,166,OK,בסדר,
994,4,0,0,1,98,166,166,166,Cancel,ביטול,
994,5,0,0,1,98,10,0,20,Change Directory,החלפת תיקייה,
994,1,0,0,1,98,9,2,0,Your save game disk is full. You must either use another disk or save over an existing saved game.,דיסקט השמירות שלכם מלא. עליכם או להכניס דיסקט אחר או לשמור על שמירה קיימת.,
994,8,0,0,1,98,94,166,166,GAME,משחק,
994,6,0,0,1,98,166,71,65,Insert the %s disk in drive %s.,הכניסו דיסקט %s בכונן %s.,
994,2,0,0,1,98,122,101,32,OK,בסדר,
994,7,0,0,1,98,166,153,94,SAVE GAME,שמירת משחק,
994,3,0,0,1,98,166,166,166,That game was saved under a different interpreter. It cannot be restored.,המשחק נשמר תחת מפרש אחר. לא ניתן לשחזר אותו.,
999,1,9,0,1,99,0,0,0,This icon is for actions and special items.,סמל זה מיועד לפעולות וחפצים מיוחדים.,
999,2,9,0,1,99,0,0,0,This icon lets you cast one of your amazing spells.,סמל זה מאפשר לכם להטיל את אחד מהקסמים המדהימים שלכם.,
999,3,9,0,1,99,0,0,0,This icon brings up the control panel.,סמל זה מקפיץ את לוח הבקרה.,
999,4,9,0,1,99,0,0,0,Use this icon to do things.,השתמשו בסמל זה בכדי לעשות דברים.,
999,5,9,0,1,99,48,9,0,Here's where you learn more than you care to know about the creators of this game.,כאן תחכימו במידע שאף פעם לא חשבתם שנחוץ לכם אודות יוצרי המשחק.,
999,6,9,0,1,99,0,0,0,Raise this level to increase the amount of background animation.  Lower it if game play seems sluggish.,"העלו את הרמה כדי להגביר את איכות הנפשת הרקע. הנמיכו אותה, אם המשחק מרגיש לכם מעט כבד ואיטי.",
999,7,9,0,1,99,104,65,104,"To learn about the other items in this window, first click here, then pass the question mark over the other items.","אם ברצונכם ללמוד על מהות הסמלים בחלון זה, לחצו כאן, ואז העבירו את סימן השאלה מעל כל אחד מהסמלים.",
999,8,9,0,1,99,0,0,0,Select this icon to resume game play.,לוחצים על סמל זה כדי להמשיך במשחק.,
999,9,9,0,1,99,0,0,0,Select this icon to leave the game.,בוחרים בסמל זה כדי לעזוב את המשחק.,
999,10,9,0,1,99,0,0,0,Select this icon if you wish to restart the game from the very beginning.,לחצו על סמל זה אם חשקה נפשכם להתחיל מחדש את המשחק למן ההתחלה.,
999,11,9,0,1,99,0,0,0,Select this icon to restore a game you saved earlier.,על סמל זה לוחצים כדי לשחזר משחק משמירה מוקדמת.,
999,12,9,0,1,99,0,0,0,"Select this icon to save the current state of your game.  When you later select Restore, everything will be exactly as it is now.","בחרו בסמל זה כדי לשמור את מצב המשחק הנוכחי. כשבהמשך תחליטו לשחזר, הכל יחזור לאותו מצב בדיוק כפי שהוא עכשיו.",
999,13,9,0,1,99,0,0,0,"This adjusts your hero's speed, within the limits of your computer's capabilities.","זה מכוונן את מהירות הגיבור, בהתאם למגבלות ויכולות המחשב שלכם.",
999,14,9,0,1,99,0,0,0,This control will adjust the volume on some sound boards and synthesizers.,פקד זה שולט בעוצמת הקול של חלק מלוחות השמע והסינתיסייזרים.,
999,15,0,0,1,99,0,0,0,You are carrying so much that you can hardly move.  You'd better drop something soon.,אתה סוחב כל כך הרבה עד שכמעט אינך מסוגל לזוז. מוטב שתזרוק משהו בהקדם.,
999,15,0,0,2,99,0,0,0,The tingling sensation is wearing off.,תחושת העקצוץ מתפוגגת.,
999,15,0,0,3,99,0,0,0,The tingling sensation is gone.,תחושת העקצוץ נעלמה.,
999,15,0,0,4,99,0,0,0,"Sorry, there's not enough room to see that here.","סליחה, אין מספיק מקום כדי לראות את זה כאן.",
999,15,0,0,5,99,118,191,154,You've seen it before.,כבר ראית את זה קודם.,
999,15,0,0,6,99,83,83,83,You get no response.,אין מענה.,
999,15,0,0,7,99,178,84,77,You can't do much with that.,אין הרבה מה לעשות עם זה.,
999,15,0,0,8,99,72,73,90,It doesn't work.,זה לא עובד.,
999,15,0,0,9,99,0,0,178,Memory fragmented.,הזיכרון מאוחה.,
999,15,0,0,10,99,72,72,72,Who cares,למי אכפת,
999,15,0,0,11,99,97,89,134,Debug,איתור באגים,
999,15,0,1,1,99,76,74,72,%d.scr,%d.scr,
999,15,0,2,1,99,132,97,106,"Suddenly, you hear voices, seeming to come from everywhere at once.  They all sound like Baba Yaga, and they all say:","לפתע, אתה שומע קולות, שנדמה כאילו באים מכל מקום בו זמנית. הם כולם נשמעים כמו באבא יאגה, וכולם אומרים:",
999,15,0,2,2,99,76,76,76,"""Wheeeeeere's myyyyyy Maaaandraaaaake Rooooooooooooot????"" ","""איפפפפפפה שורררררררש הדודדדדדדדדאים שלללללללללללי?""",
999,15,0,3,1,99,187,167,130,You are no longer overloaded.  That's a load off your mind!,אינך עמוס עוד יתר על המידה. אבן נגולה מעל ליבך!,
999,15,0,4,1,99,77,76,76,Hope we'll see you again soon!,מקווים לראותך שוב בקרוב!,
999,15,0,4,2,99,0,0,0,Getting out while you still can?,בורח כל עוד אתה יכול?,
999,15,0,4,3,99,0,0,0,Quit,צא,
999,15,0,4,4,99,72,72,81,Don't Quit,אל תצא,
999,16,9,0,1,99,134,178,178,"To learn about the other icons, first click here, then pass the question mark over the other icons.","כדי לעמוד על טיבו של כל סמל וסמל, תחילה לחצו כאן, ואז העבירו את סימן השאלה מעל שאר הסמלים.",
999,17,9,0,1,99,73,2,65,Use this icon to bring up your inventory window.,השתמשו בסמל זה כדי להעלות את חלון המלאי.,
999,18,9,0,1,99,0,0,0,Use this icon to look at things.,בסמל זה משתמשים כדי להסתכל על דברים.,
999,19,0,0,1,99,1,0,72,%d of %d,%d מתוך %d,
999,20,0,0,1,99,146,136,136,Your spells don't seem to work here.,לא נראה שלקסמיך יש איזושהי השפעה כאן.,
999,21,0,0,1,99,255,127,255,So You've Become A Hero!               [ Score: %d of 500 ],אז נהיית גיבור!               [ ניקוד: %d מתוך 500 ],
999,22,0,0,1,99,0,0,6,   Quest for Glory I         [score %d of 500], הרצון לעוצמה 1                      [ ניקוד: %d מתוך 500 ],
999,23,9,0,1,99,76,76,76,Use this icon to talk to other characters.,לחצו על סמל זה כדי לדבר עם דמויות אחרות.,
999,24,9,0,1,99,109,173,128,Select this icon to use your current inventory object.,בחרו בסמל זה על מנת להשתמש בחפץ מהמלאי הנוכחי.,
999,25,9,0,1,99,150,84,77,Use this icon to move your character.,השתמשו בסמל זה כדי להזיז את דמותכם.,
,,,,,,,,,,,
,,,,,,,,,,,
